row_type,case,gap_m,omega_disc,material_point,peak_rank,frequency_hz,Omega_rad_s,peak_power_fraction,cumulative_top_power,Omega_rms,omega_orbit,omega_orbit_early,omega_orbit_late,mean_spin_magnitude,spin_early,spin_late,Omega6_orbit,Omega18_orbit,sigma_S_m,mu_r_ac,delta,delta_over_a,a_over_delta,tau_diff,Pi1,Omega_tau_lag,center_amplitude,center_phase_rad,shell_fraction
spectral_peak,A_locked_3mm_2,0.003,2.0,center,1,3.2500000000018012,20.420352248344972,0.9911853215880175,0.9911853215880175,19.85762666094795,1.9999999999901208,1.999999999960502,1.9999999999999978,19.752363189598817,19.752363189848868,19.75236318934877,5.927525137394696e-11,1.7782575412184087e-10,1000000.0,10.0,0.08828327816326506,14.71387969387751,0.0679630403948527,0.0004523893421169302,0.009237949719424758,0.08168140899337989,0.9342950041135353,-0.0679630403948527,1.0
spectral_peak,A_locked_3mm_2,0.003,2.0,center,1,3.2500000000018012,20.420352248344972,0.9911853215880175,0.9911853215880175,19.85762666094795,1.9999999999901208,1.999999999960502,1.9999999999999978,19.752363189598817,19.752363189848868,19.75236318934877,5.927525137394696e-11,1.7782575412184087e-10,1000000.0,50.0,0.03948148224991669,6.580247041652782,0.15196997828045478,0.0022619467105846514,0.0461897485971238,0.08168140899337989,0.859014069433489,-0.15196997828045478,1.0
spectral_peak,A_locked_3mm_2,0.003,2.0,center,1,3.2500000000018012,20.420352248344972,0.9911853215880175,0.9911853215880175,19.85762666094795,1.9999999999901208,1.999999999960502,1.9999999999999978,19.752363189598817,19.752363189848868,19.75236318934877,5.927525137394696e-11,1.7782575412184087e-10,1000000.0,100.0,0.027917623830212398,4.652937305035399,0.21491800435776384,0.004523893421169303,0.0923794971942476,0.08168140899337989,0.8066075757720825,-0.21491800435776384,1.0
spectral_peak,A_locked_3mm_2,0.003,2.0,center,1,3.2500000000018012,20.420352248344972,0.9911853215880175,0.9911853215880175,19.85762666094795,1.9999999999901208,1.999999999960502,1.9999999999999978,19.752363189598817,19.752363189848868,19.75236318934877,5.927525137394696e-11,1.7782575412184087e-10,1000000.0,500.0,0.012485140930924595,2.080856821820766,0.48057126733255595,0.022619467105846513,0.461897485971238,0.08168140899337989,0.6184300020181053,-0.48057126733255595,1.0
spectral_peak,A_locked_3mm_2,0.003,2.0,center,1,3.2500000000018012,20.420352248344972,0.9911853215880175,0.9911853215880175,19.85762666094795,1.9999999999901208,1.999999999960502,1.9999999999999978,19.752363189598817,19.752363189848868,19.75236318934877,5.927525137394696e-11,1.7782575412184087e-10,3000000.0,10.0,0.05097037441250369,8.495062402083947,0.11771543900074084,0.0013571680263507906,0.027713849158274278,0.08168140899337989,0.8889489768358649,-0.11771543900074084,1.0
spectral_peak,A_locked_3mm_2,0.003,2.0,center,1,3.2500000000018012,20.420352248344972,0.9911853215880175,0.9911853215880175,19.85762666094795,1.9999999999901208,1.999999999960502,1.9999999999999978,19.752363189598817,19.752363189848868,19.75236318934877,5.927525137394696e-11,1.7782575412184087e-10,3000000.0,50.0,0.022794644404994832,3.799107400832472,0.26321972360688645,0.006785840131753954,0.1385692457913714,0.08168140899337989,0.7685730051241981,-0.26321972360688645,1.0
spectral_peak,A_locked_3mm_2,0.003,2.0,center,1,3.2500000000018012,20.420352248344972,0.9911853215880175,0.9911853215880175,19.85762666094795,1.9999999999901208,1.999999999960502,1.9999999999999978,19.752363189598817,19.752363189848868,19.75236318934877,5.927525137394696e-11,1.7782575412184087e-10,3000000.0,100.0,0.016118247633507842,2.6863746055846405,0.3722489030089563,0.013571680263507907,0.2771384915827428,0.08168140899337989,0.6891826815309308,-0.3722489030089563,1.0
spectral_peak,A_locked_3mm_2,0.003,2.0,center,1,3.2500000000018012,20.420352248344972,0.9911853215880175,0.9911853215880175,19.85762666094795,1.9999999999901208,1.999999999960502,1.9999999999999978,19.752363189598817,19.752363189848868,19.75236318934877,5.927525137394696e-11,1.7782575412184087e-10,3000000.0,500.0,0.00720829947733973,1.2013832462232883,0.8323738516777524,0.06785840131753954,1.385692457913714,0.08168140899337989,0.435015397626337,-0.8323738516777524,1.0
spectral_peak,A_locked_3mm_2,0.003,2.0,center,1,3.2500000000018012,20.420352248344972,0.9911853215880175,0.9911853215880175,19.85762666094795,1.9999999999901208,1.999999999960502,1.9999999999999978,19.752363189598817,19.752363189848868,19.75236318934877,5.927525137394696e-11,1.7782575412184087e-10,6000000.0,10.0,0.036041497386698644,6.00691623111644,0.1664747703355505,0.0027143360527015813,0.055427698316548556,0.08168140899337989,0.8466441772144814,-0.1664747703355505,1.0
spectral_peak,A_locked_3mm_2,0.003,2.0,center,1,3.2500000000018012,20.420352248344972,0.9911853215880175,0.9911853215880175,19.85762666094795,1.9999999999901208,1.999999999960502,1.9999999999999978,19.752363189598817,19.752363189848868,19.75236318934877,5.927525137394696e-11,1.7782575412184087e-10,6000000.0,50.0,0.016118247633507842,2.6863746055846405,0.3722489030089563,0.013571680263507907,0.2771384915827428,0.08168140899337989,0.6891826815309308,-0.3722489030089563,1.0
spectral_peak,A_locked_3mm_2,0.003,2.0,center,1,3.2500000000018012,20.420352248344972,0.9911853215880175,0.9911853215880175,19.85762666094795,1.9999999999901208,1.999999999960502,1.9999999999999978,19.752363189598817,19.752363189848868,19.75236318934877,5.927525137394696e-11,1.7782575412184087e-10,6000000.0,100.0,0.011397322202497416,1.899553700416236,0.5264394472137729,0.027143360527015815,0.5542769831654856,0.08168140899337989,0.5907044642056406,-0.5264394472137729,1.0
spectral_peak,A_locked_3mm_2,0.003,2.0,center,1,3.2500000000018012,20.420352248344972,0.9911853215880175,0.9911853215880175,19.85762666094795,1.9999999999901208,1.999999999960502,1.9999999999999978,19.752363189598817,19.752363189848868,19.75236318934877,5.927525137394696e-11,1.7782575412184087e-10,6000000.0,500.0,0.005097037441250369,0.8495062402083948,1.1771543900074084,0.13571680263507907,2.771384915827428,0.08168140899337989,0.3081543793253282,-1.1771543900074084,0.9965915613842593
spectral_peak,A_locked_3mm_2,0.003,2.0,center,1,3.2500000000018012,20.420352248344972,0.9911853215880175,0.9911853215880175,19.85762666094795,1.9999999999901208,1.999999999960502,1.9999999999999978,19.752363189598817,19.752363189848868,19.75236318934877,5.927525137394696e-11,1.7782575412184087e-10,10000000.0,10.0,0.027917623830212398,4.652937305035399,0.21491800435776384,0.004523893421169303,0.0923794971942476,0.08168140899337989,0.8066075757720825,-0.21491800435776384,1.0
spectral_peak,A_locked_3mm_2,0.003,2.0,center,1,3.2500000000018012,20.420352248344972,0.9911853215880175,0.9911853215880175,19.85762666094795,1.9999999999901208,1.999999999960502,1.9999999999999978,19.752363189598817,19.752363189848868,19.75236318934877,5.927525137394696e-11,1.7782575412184087e-10,10000000.0,50.0,0.012485140930924595,2.080856821820766,0.48057126733255595,0.022619467105846513,0.461897485971238,0.08168140899337989,0.6184300020181053,-0.48057126733255595,1.0
spectral_peak,A_locked_3mm_2,0.003,2.0,center,1,3.2500000000018012,20.420352248344972,0.9911853215880175,0.9911853215880175,19.85762666094795,1.9999999999901208,1.999999999960502,1.9999999999999978,19.752363189598817,19.752363189848868,19.75236318934877,5.927525137394696e-11,1.7782575412184087e-10,10000000.0,100.0,0.008828327816326505,1.4713879693877507,0.679630403948527,0.045238934211693026,0.923794971942476,0.08168140899337989,0.5068042706120954,-0.679630403948527,1.0
spectral_peak,A_locked_3mm_2,0.003,2.0,center,1,3.2500000000018012,20.420352248344972,0.9911853215880175,0.9911853215880175,19.85762666094795,1.9999999999901208,1.999999999960502,1.9999999999999978,19.752363189598817,19.752363189848868,19.75236318934877,5.927525137394696e-11,1.7782575412184087e-10,10000000.0,500.0,0.003948148224991669,0.6580247041652781,1.5196997828045478,0.2261946710584651,4.618974859712379,0.08168140899337989,0.21877755787880507,-1.5196997828045478,0.9600069798678144
spectral_peak,A_locked_3mm_2,0.003,2.0,+body_x,1,3.2500000000018012,20.420352248344972,0.9878526091984068,0.9878526091984068,19.95792930938899,1.9999999999901208,1.999999999960502,1.9999999999999978,19.752363189598817,19.752363189848868,19.75236318934877,5.927525137394696e-11,1.7782575412184087e-10,1000000.0,10.0,0.08828327816326506,14.71387969387751,0.0679630403948527,0.0004523893421169302,0.009237949719424758,0.08168140899337989,0.9342950041135353,-0.0679630403948527,1.0
spectral_peak,A_locked_3mm_2,0.003,2.0,+body_x,1,3.2500000000018012,20.420352248344972,0.9878526091984068,0.9878526091984068,19.95792930938899,1.9999999999901208,1.999999999960502,1.9999999999999978,19.752363189598817,19.752363189848868,19.75236318934877,5.927525137394696e-11,1.7782575412184087e-10,1000000.0,50.0,0.03948148224991669,6.580247041652782,0.15196997828045478,0.0022619467105846514,0.0461897485971238,0.08168140899337989,0.859014069433489,-0.15196997828045478,1.0
spectral_peak,A_locked_3mm_2,0.003,2.0,+body_x,1,3.2500000000018012,20.420352248344972,0.9878526091984068,0.9878526091984068,19.95792930938899,1.9999999999901208,1.999999999960502,1.9999999999999978,19.752363189598817,19.752363189848868,19.75236318934877,5.927525137394696e-11,1.7782575412184087e-10,1000000.0,100.0,0.027917623830212398,4.652937305035399,0.21491800435776384,0.004523893421169303,0.0923794971942476,0.08168140899337989,0.8066075757720825,-0.21491800435776384,1.0
spectral_peak,A_locked_3mm_2,0.003,2.0,+body_x,1,3.2500000000018012,20.420352248344972,0.9878526091984068,0.9878526091984068,19.95792930938899,1.9999999999901208,1.999999999960502,1.9999999999999978,19.752363189598817,19.752363189848868,19.75236318934877,5.927525137394696e-11,1.7782575412184087e-10,1000000.0,500.0,0.012485140930924595,2.080856821820766,0.48057126733255595,0.022619467105846513,0.461897485971238,0.08168140899337989,0.6184300020181053,-0.48057126733255595,1.0
spectral_peak,A_locked_3mm_2,0.003,2.0,+body_x,1,3.2500000000018012,20.420352248344972,0.9878526091984068,0.9878526091984068,19.95792930938899,1.9999999999901208,1.999999999960502,1.9999999999999978,19.752363189598817,19.752363189848868,19.75236318934877,5.927525137394696e-11,1.7782575412184087e-10,3000000.0,10.0,0.05097037441250369,8.495062402083947,0.11771543900074084,0.0013571680263507906,0.027713849158274278,0.08168140899337989,0.8889489768358649,-0.11771543900074084,1.0
spectral_peak,A_locked_3mm_2,0.003,2.0,+body_x,1,3.2500000000018012,20.420352248344972,0.9878526091984068,0.9878526091984068,19.95792930938899,1.9999999999901208,1.999999999960502,1.9999999999999978,19.752363189598817,19.752363189848868,19.75236318934877,5.927525137394696e-11,1.7782575412184087e-10,3000000.0,50.0,0.022794644404994832,3.799107400832472,0.26321972360688645,0.006785840131753954,0.1385692457913714,0.08168140899337989,0.7685730051241981,-0.26321972360688645,1.0
spectral_peak,A_locked_3mm_2,0.003,2.0,+body_x,1,3.2500000000018012,20.420352248344972,0.9878526091984068,0.9878526091984068,19.95792930938899,1.9999999999901208,1.999999999960502,1.9999999999999978,19.752363189598817,19.752363189848868,19.75236318934877,5.927525137394696e-11,1.7782575412184087e-10,3000000.0,100.0,0.016118247633507842,2.6863746055846405,0.3722489030089563,0.013571680263507907,0.2771384915827428,0.08168140899337989,0.6891826815309308,-0.3722489030089563,1.0
spectral_peak,A_locked_3mm_2,0.003,2.0,+body_x,1,3.2500000000018012,20.420352248344972,0.9878526091984068,0.9878526091984068,19.95792930938899,1.9999999999901208,1.999999999960502,1.9999999999999978,19.752363189598817,19.752363189848868,19.75236318934877,5.927525137394696e-11,1.7782575412184087e-10,3000000.0,500.0,0.00720829947733973,1.2013832462232883,0.8323738516777524,0.06785840131753954,1.385692457913714,0.08168140899337989,0.435015397626337,-0.8323738516777524,1.0
spectral_peak,A_locked_3mm_2,0.003,2.0,+body_x,1,3.2500000000018012,20.420352248344972,0.9878526091984068,0.9878526091984068,19.95792930938899,1.9999999999901208,1.999999999960502,1.9999999999999978,19.752363189598817,19.752363189848868,19.75236318934877,5.927525137394696e-11,1.7782575412184087e-10,6000000.0,10.0,0.036041497386698644,6.00691623111644,0.1664747703355505,0.0027143360527015813,0.055427698316548556,0.08168140899337989,0.8466441772144814,-0.1664747703355505,1.0
spectral_peak,A_locked_3mm_2,0.003,2.0,+body_x,1,3.2500000000018012,20.420352248344972,0.9878526091984068,0.9878526091984068,19.95792930938899,1.9999999999901208,1.999999999960502,1.9999999999999978,19.752363189598817,19.752363189848868,19.75236318934877,5.927525137394696e-11,1.7782575412184087e-10,6000000.0,50.0,0.016118247633507842,2.6863746055846405,0.3722489030089563,0.013571680263507907,0.2771384915827428,0.08168140899337989,0.6891826815309308,-0.3722489030089563,1.0
spectral_peak,A_locked_3mm_2,0.003,2.0,+body_x,1,3.2500000000018012,20.420352248344972,0.9878526091984068,0.9878526091984068,19.95792930938899,1.9999999999901208,1.999999999960502,1.9999999999999978,19.752363189598817,19.752363189848868,19.75236318934877,5.927525137394696e-11,1.7782575412184087e-10,6000000.0,100.0,0.011397322202497416,1.899553700416236,0.5264394472137729,0.027143360527015815,0.5542769831654856,0.08168140899337989,0.5907044642056406,-0.5264394472137729,1.0
spectral_peak,A_locked_3mm_2,0.003,2.0,+body_x,1,3.2500000000018012,20.420352248344972,0.9878526091984068,0.9878526091984068,19.95792930938899,1.9999999999901208,1.999999999960502,1.9999999999999978,19.752363189598817,19.752363189848868,19.75236318934877,5.927525137394696e-11,1.7782575412184087e-10,6000000.0,500.0,0.005097037441250369,0.8495062402083948,1.1771543900074084,0.13571680263507907,2.771384915827428,0.08168140899337989,0.3081543793253282,-1.1771543900074084,0.9965915613842593
spectral_peak,A_locked_3mm_2,0.003,2.0,+body_x,1,3.2500000000018012,20.420352248344972,0.9878526091984068,0.9878526091984068,19.95792930938899,1.9999999999901208,1.999999999960502,1.9999999999999978,19.752363189598817,19.752363189848868,19.75236318934877,5.927525137394696e-11,1.7782575412184087e-10,10000000.0,10.0,0.027917623830212398,4.652937305035399,0.21491800435776384,0.004523893421169303,0.0923794971942476,0.08168140899337989,0.8066075757720825,-0.21491800435776384,1.0
spectral_peak,A_locked_3mm_2,0.003,2.0,+body_x,1,3.2500000000018012,20.420352248344972,0.9878526091984068,0.9878526091984068,19.95792930938899,1.9999999999901208,1.999999999960502,1.9999999999999978,19.752363189598817,19.752363189848868,19.75236318934877,5.927525137394696e-11,1.7782575412184087e-10,10000000.0,50.0,0.012485140930924595,2.080856821820766,0.48057126733255595,0.022619467105846513,0.461897485971238,0.08168140899337989,0.6184300020181053,-0.48057126733255595,1.0
spectral_peak,A_locked_3mm_2,0.003,2.0,+body_x,1,3.2500000000018012,20.420352248344972,0.9878526091984068,0.9878526091984068,19.95792930938899,1.9999999999901208,1.999999999960502,1.9999999999999978,19.752363189598817,19.752363189848868,19.75236318934877,5.927525137394696e-11,1.7782575412184087e-10,10000000.0,100.0,0.008828327816326505,1.4713879693877507,0.679630403948527,0.045238934211693026,0.923794971942476,0.08168140899337989,0.5068042706120954,-0.679630403948527,1.0
spectral_peak,A_locked_3mm_2,0.003,2.0,+body_x,1,3.2500000000018012,20.420352248344972,0.9878526091984068,0.9878526091984068,19.95792930938899,1.9999999999901208,1.999999999960502,1.9999999999999978,19.752363189598817,19.752363189848868,19.75236318934877,5.927525137394696e-11,1.7782575412184087e-10,10000000.0,500.0,0.003948148224991669,0.6580247041652781,1.5196997828045478,0.2261946710584651,4.618974859712379,0.08168140899337989,0.21877755787880507,-1.5196997828045478,0.9600069798678144
spectral_peak,A_locked_3mm_2,0.003,2.0,+body_x,2,6.250000000003464,39.26990816989418,0.003351735016839202,0.991204344215246,19.95792930938899,1.9999999999901208,1.999999999960502,1.9999999999999978,19.752363189598817,19.752363189848868,19.75236318934877,5.927525137394696e-11,1.7782575412184087e-10,1000000.0,10.0,0.0636619772367405,10.61032953945675,0.0942477796077199,0.0004523893421169302,0.017765287921970692,0.15707963267957673,0.910057240676001,-0.0942477796077199,1.0
spectral_peak,A_locked_3mm_2,0.003,2.0,+body_x,2,6.250000000003464,39.26990816989418,0.003351735016839202,0.991204344215246,19.95792930938899,1.9999999999901208,1.999999999960502,1.9999999999999978,19.752363189598817,19.752363189848868,19.75236318934877,5.927525137394696e-11,1.7782575412184087e-10,1000000.0,50.0,0.028470501736679196,4.745083622779866,0.21074444193128017,0.0022619467105846514,0.08882643960985347,0.15707963267957673,0.809981037623303,-0.21074444193128017,1.0
spectral_peak,A_locked_3mm_2,0.003,2.0,+body_x,2,6.250000000003464,39.26990816989418,0.003351735016839202,0.991204344215246,19.95792930938899,1.9999999999901208,1.999999999960502,1.9999999999999978,19.752363189598817,19.752363189848868,19.75236318934877,5.927525137394696e-11,1.7782575412184087e-10,1000000.0,100.0,0.020131684841789236,3.3552808069648727,0.29803764797396565,0.004523893421169303,0.17765287921970693,0.15707963267957673,0.7422733941323121,-0.29803764797396565,1.0
spectral_peak,A_locked_3mm_2,0.003,2.0,+body_x,2,6.250000000003464,39.26990816989418,0.003351735016839202,0.991204344215246,19.95792930938899,1.9999999999901208,1.999999999960502,1.9999999999999978,19.752363189598817,19.752363189848868,19.75236318934877,5.927525137394696e-11,1.7782575412184087e-10,1000000.0,500.0,0.009003163161568567,1.5005271935947613,0.6664324407239395,0.022619467105846513,0.8882643960985346,0.15707963267957673,0.513537388725901,-0.6664324407239395,1.0
spectral_peak,A_locked_3mm_2,0.003,2.0,+body_x,2,6.250000000003464,39.26990816989418,0.003351735016839202,0.991204344215246,19.95792930938899,1.9999999999901208,1.999999999960502,1.9999999999999978,19.752363189598817,19.752363189848868,19.75236318934877,5.927525137394696e-11,1.7782575412184087e-10,3000000.0,10.0,0.03675525969477595,6.125876615795992,0.16324194278112486,0.0013571680263507906,0.053295863765912076,0.15707963267957673,0.8493856608236071,-0.16324194278112486,1.0
spectral_peak,A_locked_3mm_2,0.003,2.0,+body_x,2,6.250000000003464,39.26990816989418,0.003351735016839202,0.991204344215246,19.95792930938899,1.9999999999901208,1.999999999960502,1.9999999999999978,19.752363189598817,19.752363189848868,19.75236318934877,5.927525137394696e-11,1.7782575412184087e-10,3000000.0,50.0,0.01643745184163544,2.73957530693924,0.3650200808377262,0.006785840131753954,0.2664793188295604,0.15707963267957673,0.6941827109676455,-0.3650200808377262,1.0
spectral_peak,A_locked_3mm_2,0.003,2.0,+body_x,2,6.250000000003464,39.26990816989418,0.003351735016839202,0.991204344215246,19.95792930938899,1.9999999999901208,1.999999999960502,1.9999999999999978,19.752363189598817,19.752363189848868,19.75236318934877,5.927525137394696e-11,1.7782575412184087e-10,3000000.0,100.0,0.011623033662647723,1.9371722771079538,0.516216348859236,0.013571680263507907,0.5329586376591208,0.15707963267957673,0.596774267274849,-0.516216348859236,1.0
spectral_peak,A_locked_3mm_2,0.003,2.0,+body_x,2,6.250000000003464,39.26990816989418,0.003351735016839202,0.991204344215246,19.95792930938899,1.9999999999901208,1.999999999960502,1.9999999999999978,19.752363189598817,19.752363189848868,19.75236318934877,5.927525137394696e-11,1.7782575412184087e-10,3000000.0,500.0,0.005197978674889734,0.866329779148289,1.1542948471459975,0.06785840131753954,2.664793188295604,0.15707963267957673,0.31527977897284154,-1.1542948471459975,0.9976116168598017
spectral_peak,A_locked_3mm_2,0.003,2.0,+body_x,2,6.250000000003464,39.26990816989418,0.003351735016839202,0.991204344215246,19.95792930938899,1.9999999999901208,1.999999999960502,1.9999999999999978,19.752363189598817,19.752363189848868,19.75236318934877,5.927525137394696e-11,1.7782575412184087e-10,6000000.0,10.0,0.025989893374448667,4.331648895741444,0.23085896942919953,0.0027143360527015813,0.10659172753182415,0.15707963267957673,0.7938514154591646,-0.23085896942919953,1.0
spectral_peak,A_locked_3mm_2,0.003,2.0,+body_x,2,6.250000000003464,39.26990816989418,0.003351735016839202,0.991204344215246,19.95792930938899,1.9999999999901208,1.999999999960502,1.9999999999999978,19.752363189598817,19.752363189848868,19.75236318934877,5.927525137394696e-11,1.7782575412184087e-10,6000000.0,50.0,0.011623033662647723,1.9371722771079538,0.516216348859236,0.013571680263507907,0.5329586376591208,0.15707963267957673,0.596774267274849,-0.516216348859236,1.0
spectral_peak,A_locked_3mm_2,0.003,2.0,+body_x,2,6.250000000003464,39.26990816989418,0.003351735016839202,0.991204344215246,19.95792930938899,1.9999999999901208,1.999999999960502,1.9999999999999978,19.752363189598817,19.752363189848868,19.75236318934877,5.927525137394696e-11,1.7782575412184087e-10,6000000.0,100.0,0.00821872592081772,1.36978765346962,0.7300401616754524,0.027143360527015815,1.0659172753182415,0.15707963267957673,0.48188963620638964,-0.7300401616754524,1.0
spectral_peak,A_locked_3mm_2,0.003,2.0,+body_x,2,6.250000000003464,39.26990816989418,0.003351735016839202,0.991204344215246,19.95792930938899,1.9999999999901208,1.999999999960502,1.9999999999999978,19.752363189598817,19.752363189848868,19.75236318934877,5.927525137394696e-11,1.7782575412184087e-10,6000000.0,500.0,0.0036755259694775952,0.6125876615795992,1.6324194278112485,0.13571680263507907,5.329586376591208,0.15707963267957673,0.1954561096537348,-1.6324194278112485,0.9418539329945664
spectral_peak,A_locked_3mm_2,0.003,2.0,+body_x,2,6.250000000003464,39.26990816989418,0.003351735016839202,0.991204344215246,19.95792930938899,1.9999999999901208,1.999999999960502,1.9999999999999978,19.752363189598817,19.752363189848868,19.75236318934877,5.927525137394696e-11,1.7782575412184087e-10,10000000.0,10.0,0.020131684841789236,3.3552808069648727,0.29803764797396565,0.004523893421169303,0.17765287921970693,0.15707963267957673,0.7422733941323121,-0.29803764797396565,1.0
spectral_peak,A_locked_3mm_2,0.003,2.0,+body_x,2,6.250000000003464,39.26990816989418,0.003351735016839202,0.991204344215246,19.95792930938899,1.9999999999901208,1.999999999960502,1.9999999999999978,19.752363189598817,19.752363189848868,19.75236318934877,5.927525137394696e-11,1.7782575412184087e-10,10000000.0,50.0,0.009003163161568567,1.5005271935947613,0.6664324407239395,0.022619467105846513,0.8882643960985346,0.15707963267957673,0.513537388725901,-0.6664324407239395,1.0
spectral_peak,A_locked_3mm_2,0.003,2.0,+body_x,2,6.250000000003464,39.26990816989418,0.003351735016839202,0.991204344215246,19.95792930938899,1.9999999999901208,1.999999999960502,1.9999999999999978,19.752363189598817,19.752363189848868,19.75236318934877,5.927525137394696e-11,1.7782575412184087e-10,10000000.0,100.0,0.00636619772367405,1.0610329539456749,0.9424777960771991,0.045238934211693026,1.7765287921970692,0.15707963267957673,0.38966113737524505,-0.9424777960771991,1.0
spectral_peak,A_locked_3mm_2,0.003,2.0,+body_x,2,6.250000000003464,39.26990816989418,0.003351735016839202,0.991204344215246,19.95792930938899,1.9999999999901208,1.999999999960502,1.9999999999999978,19.752363189598817,19.752363189848868,19.75236318934877,5.927525137394696e-11,1.7782575412184087e-10,10000000.0,500.0,0.0028470501736679193,0.47450836227798654,2.107444419312802,0.2261946710584651,8.882643960985346,0.15707963267957673,0.12154819607855662,-2.107444419312802,0.8548899712502293
spectral_peak,A_locked_3mm_2,0.003,2.0,-body_x,1,3.2500000000018012,20.420352248344972,0.9866866840814169,0.9866866840814169,19.992279375123207,1.9999999999901208,1.999999999960502,1.9999999999999978,19.752363189598817,19.752363189848868,19.75236318934877,5.927525137394696e-11,1.7782575412184087e-10,1000000.0,10.0,0.08828327816326506,14.71387969387751,0.0679630403948527,0.0004523893421169302,0.009237949719424758,0.08168140899337989,0.9342950041135353,-0.0679630403948527,1.0
spectral_peak,A_locked_3mm_2,0.003,2.0,-body_x,1,3.2500000000018012,20.420352248344972,0.9866866840814169,0.9866866840814169,19.992279375123207,1.9999999999901208,1.999999999960502,1.9999999999999978,19.752363189598817,19.752363189848868,19.75236318934877,5.927525137394696e-11,1.7782575412184087e-10,1000000.0,50.0,0.03948148224991669,6.580247041652782,0.15196997828045478,0.0022619467105846514,0.0461897485971238,0.08168140899337989,0.859014069433489,-0.15196997828045478,1.0
spectral_peak,A_locked_3mm_2,0.003,2.0,-body_x,1,3.2500000000018012,20.420352248344972,0.9866866840814169,0.9866866840814169,19.992279375123207,1.9999999999901208,1.999999999960502,1.9999999999999978,19.752363189598817,19.752363189848868,19.75236318934877,5.927525137394696e-11,1.7782575412184087e-10,1000000.0,100.0,0.027917623830212398,4.652937305035399,0.21491800435776384,0.004523893421169303,0.0923794971942476,0.08168140899337989,0.8066075757720825,-0.21491800435776384,1.0
spectral_peak,A_locked_3mm_2,0.003,2.0,-body_x,1,3.2500000000018012,20.420352248344972,0.9866866840814169,0.9866866840814169,19.992279375123207,1.9999999999901208,1.999999999960502,1.9999999999999978,19.752363189598817,19.752363189848868,19.75236318934877,5.927525137394696e-11,1.7782575412184087e-10,1000000.0,500.0,0.012485140930924595,2.080856821820766,0.48057126733255595,0.022619467105846513,0.461897485971238,0.08168140899337989,0.6184300020181053,-0.48057126733255595,1.0
spectral_peak,A_locked_3mm_2,0.003,2.0,-body_x,1,3.2500000000018012,20.420352248344972,0.9866866840814169,0.9866866840814169,19.992279375123207,1.9999999999901208,1.999999999960502,1.9999999999999978,19.752363189598817,19.752363189848868,19.75236318934877,5.927525137394696e-11,1.7782575412184087e-10,3000000.0,10.0,0.05097037441250369,8.495062402083947,0.11771543900074084,0.0013571680263507906,0.027713849158274278,0.08168140899337989,0.8889489768358649,-0.11771543900074084,1.0
spectral_peak,A_locked_3mm_2,0.003,2.0,-body_x,1,3.2500000000018012,20.420352248344972,0.9866866840814169,0.9866866840814169,19.992279375123207,1.9999999999901208,1.999999999960502,1.9999999999999978,19.752363189598817,19.752363189848868,19.75236318934877,5.927525137394696e-11,1.7782575412184087e-10,3000000.0,50.0,0.022794644404994832,3.799107400832472,0.26321972360688645,0.006785840131753954,0.1385692457913714,0.08168140899337989,0.7685730051241981,-0.26321972360688645,1.0
spectral_peak,A_locked_3mm_2,0.003,2.0,-body_x,1,3.2500000000018012,20.420352248344972,0.9866866840814169,0.9866866840814169,19.992279375123207,1.9999999999901208,1.999999999960502,1.9999999999999978,19.752363189598817,19.752363189848868,19.75236318934877,5.927525137394696e-11,1.7782575412184087e-10,3000000.0,100.0,0.016118247633507842,2.6863746055846405,0.3722489030089563,0.013571680263507907,0.2771384915827428,0.08168140899337989,0.6891826815309308,-0.3722489030089563,1.0
spectral_peak,A_locked_3mm_2,0.003,2.0,-body_x,1,3.2500000000018012,20.420352248344972,0.9866866840814169,0.9866866840814169,19.992279375123207,1.9999999999901208,1.999999999960502,1.9999999999999978,19.752363189598817,19.752363189848868,19.75236318934877,5.927525137394696e-11,1.7782575412184087e-10,3000000.0,500.0,0.00720829947733973,1.2013832462232883,0.8323738516777524,0.06785840131753954,1.385692457913714,0.08168140899337989,0.435015397626337,-0.8323738516777524,1.0
spectral_peak,A_locked_3mm_2,0.003,2.0,-body_x,1,3.2500000000018012,20.420352248344972,0.9866866840814169,0.9866866840814169,19.992279375123207,1.9999999999901208,1.999999999960502,1.9999999999999978,19.752363189598817,19.752363189848868,19.75236318934877,5.927525137394696e-11,1.7782575412184087e-10,6000000.0,10.0,0.036041497386698644,6.00691623111644,0.1664747703355505,0.0027143360527015813,0.055427698316548556,0.08168140899337989,0.8466441772144814,-0.1664747703355505,1.0
spectral_peak,A_locked_3mm_2,0.003,2.0,-body_x,1,3.2500000000018012,20.420352248344972,0.9866866840814169,0.9866866840814169,19.992279375123207,1.9999999999901208,1.999999999960502,1.9999999999999978,19.752363189598817,19.752363189848868,19.75236318934877,5.927525137394696e-11,1.7782575412184087e-10,6000000.0,50.0,0.016118247633507842,2.6863746055846405,0.3722489030089563,0.013571680263507907,0.2771384915827428,0.08168140899337989,0.6891826815309308,-0.3722489030089563,1.0
spectral_peak,A_locked_3mm_2,0.003,2.0,-body_x,1,3.2500000000018012,20.420352248344972,0.9866866840814169,0.9866866840814169,19.992279375123207,1.9999999999901208,1.999999999960502,1.9999999999999978,19.752363189598817,19.752363189848868,19.75236318934877,5.927525137394696e-11,1.7782575412184087e-10,6000000.0,100.0,0.011397322202497416,1.899553700416236,0.5264394472137729,0.027143360527015815,0.5542769831654856,0.08168140899337989,0.5907044642056406,-0.5264394472137729,1.0
spectral_peak,A_locked_3mm_2,0.003,2.0,-body_x,1,3.2500000000018012,20.420352248344972,0.9866866840814169,0.9866866840814169,19.992279375123207,1.9999999999901208,1.999999999960502,1.9999999999999978,19.752363189598817,19.752363189848868,19.75236318934877,5.927525137394696e-11,1.7782575412184087e-10,6000000.0,500.0,0.005097037441250369,0.8495062402083948,1.1771543900074084,0.13571680263507907,2.771384915827428,0.08168140899337989,0.3081543793253282,-1.1771543900074084,0.9965915613842593
spectral_peak,A_locked_3mm_2,0.003,2.0,-body_x,1,3.2500000000018012,20.420352248344972,0.9866866840814169,0.9866866840814169,19.992279375123207,1.9999999999901208,1.999999999960502,1.9999999999999978,19.752363189598817,19.752363189848868,19.75236318934877,5.927525137394696e-11,1.7782575412184087e-10,10000000.0,10.0,0.027917623830212398,4.652937305035399,0.21491800435776384,0.004523893421169303,0.0923794971942476,0.08168140899337989,0.8066075757720825,-0.21491800435776384,1.0
spectral_peak,A_locked_3mm_2,0.003,2.0,-body_x,1,3.2500000000018012,20.420352248344972,0.9866866840814169,0.9866866840814169,19.992279375123207,1.9999999999901208,1.999999999960502,1.9999999999999978,19.752363189598817,19.752363189848868,19.75236318934877,5.927525137394696e-11,1.7782575412184087e-10,10000000.0,50.0,0.012485140930924595,2.080856821820766,0.48057126733255595,0.022619467105846513,0.461897485971238,0.08168140899337989,0.6184300020181053,-0.48057126733255595,1.0
spectral_peak,A_locked_3mm_2,0.003,2.0,-body_x,1,3.2500000000018012,20.420352248344972,0.9866866840814169,0.9866866840814169,19.992279375123207,1.9999999999901208,1.999999999960502,1.9999999999999978,19.752363189598817,19.752363189848868,19.75236318934877,5.927525137394696e-11,1.7782575412184087e-10,10000000.0,100.0,0.008828327816326505,1.4713879693877507,0.679630403948527,0.045238934211693026,0.923794971942476,0.08168140899337989,0.5068042706120954,-0.679630403948527,1.0
spectral_peak,A_locked_3mm_2,0.003,2.0,-body_x,1,3.2500000000018012,20.420352248344972,0.9866866840814169,0.9866866840814169,19.992279375123207,1.9999999999901208,1.999999999960502,1.9999999999999978,19.752363189598817,19.752363189848868,19.75236318934877,5.927525137394696e-11,1.7782575412184087e-10,10000000.0,500.0,0.003948148224991669,0.6580247041652781,1.5196997828045478,0.2261946710584651,4.618974859712379,0.08168140899337989,0.21877755787880507,-1.5196997828045478,0.9600069798678144
spectral_peak,A_locked_3mm_2,0.003,2.0,-body_x,2,6.250000000003464,39.26990816989418,0.004505049048665421,0.9911917331300824,19.992279375123207,1.9999999999901208,1.999999999960502,1.9999999999999978,19.752363189598817,19.752363189848868,19.75236318934877,5.927525137394696e-11,1.7782575412184087e-10,1000000.0,10.0,0.0636619772367405,10.61032953945675,0.0942477796077199,0.0004523893421169302,0.017765287921970692,0.15707963267957673,0.910057240676001,-0.0942477796077199,1.0
spectral_peak,A_locked_3mm_2,0.003,2.0,-body_x,2,6.250000000003464,39.26990816989418,0.004505049048665421,0.9911917331300824,19.992279375123207,1.9999999999901208,1.999999999960502,1.9999999999999978,19.752363189598817,19.752363189848868,19.75236318934877,5.927525137394696e-11,1.7782575412184087e-10,1000000.0,50.0,0.028470501736679196,4.745083622779866,0.21074444193128017,0.0022619467105846514,0.08882643960985347,0.15707963267957673,0.809981037623303,-0.21074444193128017,1.0
spectral_peak,A_locked_3mm_2,0.003,2.0,-body_x,2,6.250000000003464,39.26990816989418,0.004505049048665421,0.9911917331300824,19.992279375123207,1.9999999999901208,1.999999999960502,1.9999999999999978,19.752363189598817,19.752363189848868,19.75236318934877,5.927525137394696e-11,1.7782575412184087e-10,1000000.0,100.0,0.020131684841789236,3.3552808069648727,0.29803764797396565,0.004523893421169303,0.17765287921970693,0.15707963267957673,0.7422733941323121,-0.29803764797396565,1.0
spectral_peak,A_locked_3mm_2,0.003,2.0,-body_x,2,6.250000000003464,39.26990816989418,0.004505049048665421,0.9911917331300824,19.992279375123207,1.9999999999901208,1.999999999960502,1.9999999999999978,19.752363189598817,19.752363189848868,19.75236318934877,5.927525137394696e-11,1.7782575412184087e-10,1000000.0,500.0,0.009003163161568567,1.5005271935947613,0.6664324407239395,0.022619467105846513,0.8882643960985346,0.15707963267957673,0.513537388725901,-0.6664324407239395,1.0
spectral_peak,A_locked_3mm_2,0.003,2.0,-body_x,2,6.250000000003464,39.26990816989418,0.004505049048665421,0.9911917331300824,19.992279375123207,1.9999999999901208,1.999999999960502,1.9999999999999978,19.752363189598817,19.752363189848868,19.75236318934877,5.927525137394696e-11,1.7782575412184087e-10,3000000.0,10.0,0.03675525969477595,6.125876615795992,0.16324194278112486,0.0013571680263507906,0.053295863765912076,0.15707963267957673,0.8493856608236071,-0.16324194278112486,1.0
spectral_peak,A_locked_3mm_2,0.003,2.0,-body_x,2,6.250000000003464,39.26990816989418,0.004505049048665421,0.9911917331300824,19.992279375123207,1.9999999999901208,1.999999999960502,1.9999999999999978,19.752363189598817,19.752363189848868,19.75236318934877,5.927525137394696e-11,1.7782575412184087e-10,3000000.0,50.0,0.01643745184163544,2.73957530693924,0.3650200808377262,0.006785840131753954,0.2664793188295604,0.15707963267957673,0.6941827109676455,-0.3650200808377262,1.0
spectral_peak,A_locked_3mm_2,0.003,2.0,-body_x,2,6.250000000003464,39.26990816989418,0.004505049048665421,0.9911917331300824,19.992279375123207,1.9999999999901208,1.999999999960502,1.9999999999999978,19.752363189598817,19.752363189848868,19.75236318934877,5.927525137394696e-11,1.7782575412184087e-10,3000000.0,100.0,0.011623033662647723,1.9371722771079538,0.516216348859236,0.013571680263507907,0.5329586376591208,0.15707963267957673,0.596774267274849,-0.516216348859236,1.0
spectral_peak,A_locked_3mm_2,0.003,2.0,-body_x,2,6.250000000003464,39.26990816989418,0.004505049048665421,0.9911917331300824,19.992279375123207,1.9999999999901208,1.999999999960502,1.9999999999999978,19.752363189598817,19.752363189848868,19.75236318934877,5.927525137394696e-11,1.7782575412184087e-10,3000000.0,500.0,0.005197978674889734,0.866329779148289,1.1542948471459975,0.06785840131753954,2.664793188295604,0.15707963267957673,0.31527977897284154,-1.1542948471459975,0.9976116168598017
spectral_peak,A_locked_3mm_2,0.003,2.0,-body_x,2,6.250000000003464,39.26990816989418,0.004505049048665421,0.9911917331300824,19.992279375123207,1.9999999999901208,1.999999999960502,1.9999999999999978,19.752363189598817,19.752363189848868,19.75236318934877,5.927525137394696e-11,1.7782575412184087e-10,6000000.0,10.0,0.025989893374448667,4.331648895741444,0.23085896942919953,0.0027143360527015813,0.10659172753182415,0.15707963267957673,0.7938514154591646,-0.23085896942919953,1.0
spectral_peak,A_locked_3mm_2,0.003,2.0,-body_x,2,6.250000000003464,39.26990816989418,0.004505049048665421,0.9911917331300824,19.992279375123207,1.9999999999901208,1.999999999960502,1.9999999999999978,19.752363189598817,19.752363189848868,19.75236318934877,5.927525137394696e-11,1.7782575412184087e-10,6000000.0,50.0,0.011623033662647723,1.9371722771079538,0.516216348859236,0.013571680263507907,0.5329586376591208,0.15707963267957673,0.596774267274849,-0.516216348859236,1.0
spectral_peak,A_locked_3mm_2,0.003,2.0,-body_x,2,6.250000000003464,39.26990816989418,0.004505049048665421,0.9911917331300824,19.992279375123207,1.9999999999901208,1.999999999960502,1.9999999999999978,19.752363189598817,19.752363189848868,19.75236318934877,5.927525137394696e-11,1.7782575412184087e-10,6000000.0,100.0,0.00821872592081772,1.36978765346962,0.7300401616754524,0.027143360527015815,1.0659172753182415,0.15707963267957673,0.48188963620638964,-0.7300401616754524,1.0
spectral_peak,A_locked_3mm_2,0.003,2.0,-body_x,2,6.250000000003464,39.26990816989418,0.004505049048665421,0.9911917331300824,19.992279375123207,1.9999999999901208,1.999999999960502,1.9999999999999978,19.752363189598817,19.752363189848868,19.75236318934877,5.927525137394696e-11,1.7782575412184087e-10,6000000.0,500.0,0.0036755259694775952,0.6125876615795992,1.6324194278112485,0.13571680263507907,5.329586376591208,0.15707963267957673,0.1954561096537348,-1.6324194278112485,0.9418539329945664
spectral_peak,A_locked_3mm_2,0.003,2.0,-body_x,2,6.250000000003464,39.26990816989418,0.004505049048665421,0.9911917331300824,19.992279375123207,1.9999999999901208,1.999999999960502,1.9999999999999978,19.752363189598817,19.752363189848868,19.75236318934877,5.927525137394696e-11,1.7782575412184087e-10,10000000.0,10.0,0.020131684841789236,3.3552808069648727,0.29803764797396565,0.004523893421169303,0.17765287921970693,0.15707963267957673,0.7422733941323121,-0.29803764797396565,1.0
spectral_peak,A_locked_3mm_2,0.003,2.0,-body_x,2,6.250000000003464,39.26990816989418,0.004505049048665421,0.9911917331300824,19.992279375123207,1.9999999999901208,1.999999999960502,1.9999999999999978,19.752363189598817,19.752363189848868,19.75236318934877,5.927525137394696e-11,1.7782575412184087e-10,10000000.0,50.0,0.009003163161568567,1.5005271935947613,0.6664324407239395,0.022619467105846513,0.8882643960985346,0.15707963267957673,0.513537388725901,-0.6664324407239395,1.0
spectral_peak,A_locked_3mm_2,0.003,2.0,-body_x,2,6.250000000003464,39.26990816989418,0.004505049048665421,0.9911917331300824,19.992279375123207,1.9999999999901208,1.999999999960502,1.9999999999999978,19.752363189598817,19.752363189848868,19.75236318934877,5.927525137394696e-11,1.7782575412184087e-10,10000000.0,100.0,0.00636619772367405,1.0610329539456749,0.9424777960771991,0.045238934211693026,1.7765287921970692,0.15707963267957673,0.38966113737524505,-0.9424777960771991,1.0
spectral_peak,A_locked_3mm_2,0.003,2.0,-body_x,2,6.250000000003464,39.26990816989418,0.004505049048665421,0.9911917331300824,19.992279375123207,1.9999999999901208,1.999999999960502,1.9999999999999978,19.752363189598817,19.752363189848868,19.75236318934877,5.927525137394696e-11,1.7782575412184087e-10,10000000.0,500.0,0.0028470501736679193,0.47450836227798654,2.107444419312802,0.2261946710584651,8.882643960985346,0.15707963267957673,0.12154819607855662,-2.107444419312802,0.8548899712502293
spectral_peak,A_locked_3mm_2,0.003,2.0,-body_x,3,9.500000000005265,59.69026041823915,9.487355676310928e-06,0.9912012204857586,19.992279375123207,1.9999999999901208,1.999999999960502,1.9999999999999978,19.752363189598817,19.752363189848868,19.75236318934877,5.927525137394696e-11,1.7782575412184087e-10,1000000.0,10.0,0.05163668209669149,8.606113682781915,0.11619646647251251,0.0004523893421169302,0.027003237641395447,0.2387610416729566,0.890300291956126,-0.11619646647251251,1.0
spectral_peak,A_locked_3mm_2,0.003,2.0,-body_x,3,9.500000000005265,59.69026041823915,9.487355676310928e-06,0.9912012204857586,19.992279375123207,1.9999999999901208,1.999999999960502,1.9999999999999978,19.752363189598817,19.752363189848868,19.75236318934877,5.927525137394696e-11,1.7782575412184087e-10,1000000.0,50.0,0.02309262626014971,3.8487710433582847,0.25982319777781315,0.0022619467105846514,0.13501618820697725,0.2387610416729566,0.771187921489228,-0.25982319777781315,1.0
spectral_peak,A_locked_3mm_2,0.003,2.0,-body_x,3,9.500000000005265,59.69026041823915,9.487355676310928e-06,0.9912012204857586,19.992279375123207,1.9999999999901208,1.999999999960502,1.9999999999999978,19.752363189598817,19.752363189848868,19.75236318934877,5.927525137394696e-11,1.7782575412184087e-10,1000000.0,100.0,0.0163289526239584,2.7214921039930666,0.36744549011653044,0.004523893421169303,0.2700323764139545,0.2387610416729566,0.692501073932681,-0.36744549011653044,1.0
spectral_peak,A_locked_3mm_2,0.003,2.0,-body_x,3,9.500000000005265,59.69026041823915,9.487355676310928e-06,0.9912012204857586,19.992279375123207,1.9999999999901208,1.999999999960502,1.9999999999999978,19.752363189598817,19.752363189848868,19.75236318934877,5.927525137394696e-11,1.7782575412184087e-10,1000000.0,500.0,0.0073025296137089095,1.2170882689514848,0.8216330939262891,0.022619467105846513,1.3501618820697725,0.2387610416729566,0.4397129752411774,-0.8216330939262891,1.0
spectral_peak,A_locked_3mm_2,0.003,2.0,-body_x,3,9.500000000005265,59.69026041823915,9.487355676310928e-06,0.9912012204857586,19.992279375123207,1.9999999999901208,1.999999999960502,1.9999999999999978,19.752363189598817,19.752363189848868,19.75236318934877,5.927525137394696e-11,1.7782575412184087e-10,3000000.0,10.0,0.029812452308583964,4.96874205143066,0.20125818359036526,0.0013571680263507906,0.08100971292418635,0.2387610416729566,0.8177012872438474,-0.20125818359036526,1.0
spectral_peak,A_locked_3mm_2,0.003,2.0,-body_x,3,9.500000000005265,59.69026041823915,9.487355676310928e-06,0.9912012204857586,19.992279375123207,1.9999999999901208,1.999999999960502,1.9999999999999978,19.752363189598817,19.752363189848868,19.75236318934877,5.927525137394696e-11,1.7782575412184087e-10,3000000.0,50.0,0.013332533987592855,2.2220889979321425,0.4500269795361894,0.006785840131753954,0.40504856462093175,0.2387610416729566,0.6376109489420424,-0.4500269795361894,1.0
spectral_peak,A_locked_3mm_2,0.003,2.0,-body_x,3,9.500000000005265,59.69026041823915,9.487355676310928e-06,0.9912012204857586,19.992279375123207,1.9999999999901208,1.999999999960502,1.9999999999999978,19.752363189598817,19.752363189848868,19.75236318934877,5.927525137394696e-11,1.7782575412184087e-10,3000000.0,100.0,0.00942752519302703,1.5712541988378381,0.6364342578938784,0.013571680263507907,0.8100971292418635,0.2387610416729566,0.5291759689637174,-0.6364342578938784,1.0
spectral_peak,A_locked_3mm_2,0.003,2.0,-body_x,3,9.500000000005265,59.69026041823915,9.487355676310928e-06,0.9912012204857586,19.992279375123207,1.9999999999901208,1.999999999960502,1.9999999999999978,19.752363189598817,19.752363189848868,19.75236318934877,5.927525137394696e-11,1.7782575412184087e-10,3000000.0,500.0,0.004216117438240053,0.7026862397066754,1.4231102638603441,0.06785840131753954,4.050485646209317,0.2387610416729566,0.24096339045400592,-1.4231102638603441,0.9737188098090103
spectral_peak,A_locked_3mm_2,0.003,2.0,-body_x,3,9.500000000005265,59.69026041823915,9.487355676310928e-06,0.9912012204857586,19.992279375123207,1.9999999999901208,1.999999999960502,1.9999999999999978,19.752363189598817,19.752363189848868,19.75236318934877,5.927525137394696e-11,1.7782575412184087e-10,6000000.0,10.0,0.021080587191200265,3.5134311985333775,0.2846220527720688,0.0027143360527015813,0.1620194258483727,0.2387610416729566,0.752298529739337,-0.2846220527720688,1.0
spectral_peak,A_locked_3mm_2,0.003,2.0,-body_x,3,9.500000000005265,59.69026041823915,9.487355676310928e-06,0.9912012204857586,19.992279375123207,1.9999999999901208,1.999999999960502,1.9999999999999978,19.752363189598817,19.752363189848868,19.75236318934877,5.927525137394696e-11,1.7782575412184087e-10,6000000.0,50.0,0.00942752519302703,1.5712541988378381,0.6364342578938784,0.013571680263507907,0.8100971292418635,0.2387610416729566,0.5291759689637174,-0.6364342578938784,1.0
spectral_peak,A_locked_3mm_2,0.003,2.0,-body_x,3,9.500000000005265,59.69026041823915,9.487355676310928e-06,0.9912012204857586,19.992279375123207,1.9999999999901208,1.999999999960502,1.9999999999999978,19.752363189598817,19.752363189848868,19.75236318934877,5.927525137394696e-11,1.7782575412184087e-10,6000000.0,100.0,0.006666266993796428,1.1110444989660713,0.9000539590723788,0.027143360527015815,1.620194258483727,0.2387610416729566,0.40654772221077184,-0.9000539590723788,1.0
spectral_peak,A_locked_3mm_2,0.003,2.0,-body_x,3,9.500000000005265,59.69026041823915,9.487355676310928e-06,0.9912012204857586,19.992279375123207,1.9999999999901208,1.999999999960502,1.9999999999999978,19.752363189598817,19.752363189848868,19.75236318934877,5.927525137394696e-11,1.7782575412184087e-10,6000000.0,500.0,0.0029812452308583966,0.49687420514306607,2.0125818359036525,0.13571680263507907,8.100971292418635,0.2387610416729566,0.13364318408976933,-2.0125818359036525,0.8726409674261972
spectral_peak,A_locked_3mm_2,0.003,2.0,-body_x,3,9.500000000005265,59.69026041823915,9.487355676310928e-06,0.9912012204857586,19.992279375123207,1.9999999999901208,1.999999999960502,1.9999999999999978,19.752363189598817,19.752363189848868,19.75236318934877,5.927525137394696e-11,1.7782575412184087e-10,10000000.0,10.0,0.0163289526239584,2.7214921039930666,0.36744549011653044,0.004523893421169303,0.2700323764139545,0.2387610416729566,0.692501073932681,-0.36744549011653044,1.0
spectral_peak,A_locked_3mm_2,0.003,2.0,-body_x,3,9.500000000005265,59.69026041823915,9.487355676310928e-06,0.9912012204857586,19.992279375123207,1.9999999999901208,1.999999999960502,1.9999999999999978,19.752363189598817,19.752363189848868,19.75236318934877,5.927525137394696e-11,1.7782575412184087e-10,10000000.0,50.0,0.0073025296137089095,1.2170882689514848,0.8216330939262891,0.022619467105846513,1.3501618820697725,0.2387610416729566,0.4397129752411774,-0.8216330939262891,1.0
spectral_peak,A_locked_3mm_2,0.003,2.0,-body_x,3,9.500000000005265,59.69026041823915,9.487355676310928e-06,0.9912012204857586,19.992279375123207,1.9999999999901208,1.999999999960502,1.9999999999999978,19.752363189598817,19.752363189848868,19.75236318934877,5.927525137394696e-11,1.7782575412184087e-10,10000000.0,100.0,0.005163668209669149,0.8606113682781915,1.1619646647251252,0.045238934211693026,2.700323764139545,0.2387610416729566,0.3128708902590167,-1.1619646647251252,0.9972917916993774
spectral_peak,A_locked_3mm_2,0.003,2.0,-body_x,3,9.500000000005265,59.69026041823915,9.487355676310928e-06,0.9912012204857586,19.992279375123207,1.9999999999901208,1.999999999960502,1.9999999999999978,19.752363189598817,19.752363189848868,19.75236318934877,5.927525137394696e-11,1.7782575412184087e-10,10000000.0,500.0,0.002309262626014971,0.3848771043358285,2.5982319777781315,0.2261946710584651,13.501618820697724,0.2387610416729566,0.07440501170554373,-2.5982319777781315,0.76725215049473
spectral_peak,A_locked_3mm_2,0.003,2.0,+body_y,1,3.2500000000018012,20.420352248344972,0.4655393778691288,0.4655393778691288,38.981874966032485,1.9999999999901208,1.999999999960502,1.9999999999999978,19.752363189598817,19.752363189848868,19.75236318934877,5.927525137394696e-11,1.7782575412184087e-10,1000000.0,10.0,0.08828327816326506,14.71387969387751,0.0679630403948527,0.0004523893421169302,0.009237949719424758,0.08168140899337989,0.9342950041135353,-0.0679630403948527,1.0
spectral_peak,A_locked_3mm_2,0.003,2.0,+body_y,1,3.2500000000018012,20.420352248344972,0.4655393778691288,0.4655393778691288,38.981874966032485,1.9999999999901208,1.999999999960502,1.9999999999999978,19.752363189598817,19.752363189848868,19.75236318934877,5.927525137394696e-11,1.7782575412184087e-10,1000000.0,50.0,0.03948148224991669,6.580247041652782,0.15196997828045478,0.0022619467105846514,0.0461897485971238,0.08168140899337989,0.859014069433489,-0.15196997828045478,1.0
spectral_peak,A_locked_3mm_2,0.003,2.0,+body_y,1,3.2500000000018012,20.420352248344972,0.4655393778691288,0.4655393778691288,38.981874966032485,1.9999999999901208,1.999999999960502,1.9999999999999978,19.752363189598817,19.752363189848868,19.75236318934877,5.927525137394696e-11,1.7782575412184087e-10,1000000.0,100.0,0.027917623830212398,4.652937305035399,0.21491800435776384,0.004523893421169303,0.0923794971942476,0.08168140899337989,0.8066075757720825,-0.21491800435776384,1.0
spectral_peak,A_locked_3mm_2,0.003,2.0,+body_y,1,3.2500000000018012,20.420352248344972,0.4655393778691288,0.4655393778691288,38.981874966032485,1.9999999999901208,1.999999999960502,1.9999999999999978,19.752363189598817,19.752363189848868,19.75236318934877,5.927525137394696e-11,1.7782575412184087e-10,1000000.0,500.0,0.012485140930924595,2.080856821820766,0.48057126733255595,0.022619467105846513,0.461897485971238,0.08168140899337989,0.6184300020181053,-0.48057126733255595,1.0
spectral_peak,A_locked_3mm_2,0.003,2.0,+body_y,1,3.2500000000018012,20.420352248344972,0.4655393778691288,0.4655393778691288,38.981874966032485,1.9999999999901208,1.999999999960502,1.9999999999999978,19.752363189598817,19.752363189848868,19.75236318934877,5.927525137394696e-11,1.7782575412184087e-10,3000000.0,10.0,0.05097037441250369,8.495062402083947,0.11771543900074084,0.0013571680263507906,0.027713849158274278,0.08168140899337989,0.8889489768358649,-0.11771543900074084,1.0
spectral_peak,A_locked_3mm_2,0.003,2.0,+body_y,1,3.2500000000018012,20.420352248344972,0.4655393778691288,0.4655393778691288,38.981874966032485,1.9999999999901208,1.999999999960502,1.9999999999999978,19.752363189598817,19.752363189848868,19.75236318934877,5.927525137394696e-11,1.7782575412184087e-10,3000000.0,50.0,0.022794644404994832,3.799107400832472,0.26321972360688645,0.006785840131753954,0.1385692457913714,0.08168140899337989,0.7685730051241981,-0.26321972360688645,1.0
spectral_peak,A_locked_3mm_2,0.003,2.0,+body_y,1,3.2500000000018012,20.420352248344972,0.4655393778691288,0.4655393778691288,38.981874966032485,1.9999999999901208,1.999999999960502,1.9999999999999978,19.752363189598817,19.752363189848868,19.75236318934877,5.927525137394696e-11,1.7782575412184087e-10,3000000.0,100.0,0.016118247633507842,2.6863746055846405,0.3722489030089563,0.013571680263507907,0.2771384915827428,0.08168140899337989,0.6891826815309308,-0.3722489030089563,1.0
spectral_peak,A_locked_3mm_2,0.003,2.0,+body_y,1,3.2500000000018012,20.420352248344972,0.4655393778691288,0.4655393778691288,38.981874966032485,1.9999999999901208,1.999999999960502,1.9999999999999978,19.752363189598817,19.752363189848868,19.75236318934877,5.927525137394696e-11,1.7782575412184087e-10,3000000.0,500.0,0.00720829947733973,1.2013832462232883,0.8323738516777524,0.06785840131753954,1.385692457913714,0.08168140899337989,0.435015397626337,-0.8323738516777524,1.0
spectral_peak,A_locked_3mm_2,0.003,2.0,+body_y,1,3.2500000000018012,20.420352248344972,0.4655393778691288,0.4655393778691288,38.981874966032485,1.9999999999901208,1.999999999960502,1.9999999999999978,19.752363189598817,19.752363189848868,19.75236318934877,5.927525137394696e-11,1.7782575412184087e-10,6000000.0,10.0,0.036041497386698644,6.00691623111644,0.1664747703355505,0.0027143360527015813,0.055427698316548556,0.08168140899337989,0.8466441772144814,-0.1664747703355505,1.0
spectral_peak,A_locked_3mm_2,0.003,2.0,+body_y,1,3.2500000000018012,20.420352248344972,0.4655393778691288,0.4655393778691288,38.981874966032485,1.9999999999901208,1.999999999960502,1.9999999999999978,19.752363189598817,19.752363189848868,19.75236318934877,5.927525137394696e-11,1.7782575412184087e-10,6000000.0,50.0,0.016118247633507842,2.6863746055846405,0.3722489030089563,0.013571680263507907,0.2771384915827428,0.08168140899337989,0.6891826815309308,-0.3722489030089563,1.0
spectral_peak,A_locked_3mm_2,0.003,2.0,+body_y,1,3.2500000000018012,20.420352248344972,0.4655393778691288,0.4655393778691288,38.981874966032485,1.9999999999901208,1.999999999960502,1.9999999999999978,19.752363189598817,19.752363189848868,19.75236318934877,5.927525137394696e-11,1.7782575412184087e-10,6000000.0,100.0,0.011397322202497416,1.899553700416236,0.5264394472137729,0.027143360527015815,0.5542769831654856,0.08168140899337989,0.5907044642056406,-0.5264394472137729,1.0
spectral_peak,A_locked_3mm_2,0.003,2.0,+body_y,1,3.2500000000018012,20.420352248344972,0.4655393778691288,0.4655393778691288,38.981874966032485,1.9999999999901208,1.999999999960502,1.9999999999999978,19.752363189598817,19.752363189848868,19.75236318934877,5.927525137394696e-11,1.7782575412184087e-10,6000000.0,500.0,0.005097037441250369,0.8495062402083948,1.1771543900074084,0.13571680263507907,2.771384915827428,0.08168140899337989,0.3081543793253282,-1.1771543900074084,0.9965915613842593
spectral_peak,A_locked_3mm_2,0.003,2.0,+body_y,1,3.2500000000018012,20.420352248344972,0.4655393778691288,0.4655393778691288,38.981874966032485,1.9999999999901208,1.999999999960502,1.9999999999999978,19.752363189598817,19.752363189848868,19.75236318934877,5.927525137394696e-11,1.7782575412184087e-10,10000000.0,10.0,0.027917623830212398,4.652937305035399,0.21491800435776384,0.004523893421169303,0.0923794971942476,0.08168140899337989,0.8066075757720825,-0.21491800435776384,1.0
spectral_peak,A_locked_3mm_2,0.003,2.0,+body_y,1,3.2500000000018012,20.420352248344972,0.4655393778691288,0.4655393778691288,38.981874966032485,1.9999999999901208,1.999999999960502,1.9999999999999978,19.752363189598817,19.752363189848868,19.75236318934877,5.927525137394696e-11,1.7782575412184087e-10,10000000.0,50.0,0.012485140930924595,2.080856821820766,0.48057126733255595,0.022619467105846513,0.461897485971238,0.08168140899337989,0.6184300020181053,-0.48057126733255595,1.0
spectral_peak,A_locked_3mm_2,0.003,2.0,+body_y,1,3.2500000000018012,20.420352248344972,0.4655393778691288,0.4655393778691288,38.981874966032485,1.9999999999901208,1.999999999960502,1.9999999999999978,19.752363189598817,19.752363189848868,19.75236318934877,5.927525137394696e-11,1.7782575412184087e-10,10000000.0,100.0,0.008828327816326505,1.4713879693877507,0.679630403948527,0.045238934211693026,0.923794971942476,0.08168140899337989,0.5068042706120954,-0.679630403948527,1.0
spectral_peak,A_locked_3mm_2,0.003,2.0,+body_y,1,3.2500000000018012,20.420352248344972,0.4655393778691288,0.4655393778691288,38.981874966032485,1.9999999999901208,1.999999999960502,1.9999999999999978,19.752363189598817,19.752363189848868,19.75236318934877,5.927525137394696e-11,1.7782575412184087e-10,10000000.0,500.0,0.003948148224991669,0.6580247041652781,1.5196997828045478,0.2261946710584651,4.618974859712379,0.08168140899337989,0.21877755787880507,-1.5196997828045478,0.9600069798678144
spectral_peak,A_locked_3mm_2,0.003,2.0,+body_y,2,6.250000000003464,39.26990816989418,0.35030811931107136,0.8158474971802001,38.981874966032485,1.9999999999901208,1.999999999960502,1.9999999999999978,19.752363189598817,19.752363189848868,19.75236318934877,5.927525137394696e-11,1.7782575412184087e-10,1000000.0,10.0,0.0636619772367405,10.61032953945675,0.0942477796077199,0.0004523893421169302,0.017765287921970692,0.15707963267957673,0.910057240676001,-0.0942477796077199,1.0
spectral_peak,A_locked_3mm_2,0.003,2.0,+body_y,2,6.250000000003464,39.26990816989418,0.35030811931107136,0.8158474971802001,38.981874966032485,1.9999999999901208,1.999999999960502,1.9999999999999978,19.752363189598817,19.752363189848868,19.75236318934877,5.927525137394696e-11,1.7782575412184087e-10,1000000.0,50.0,0.028470501736679196,4.745083622779866,0.21074444193128017,0.0022619467105846514,0.08882643960985347,0.15707963267957673,0.809981037623303,-0.21074444193128017,1.0
spectral_peak,A_locked_3mm_2,0.003,2.0,+body_y,2,6.250000000003464,39.26990816989418,0.35030811931107136,0.8158474971802001,38.981874966032485,1.9999999999901208,1.999999999960502,1.9999999999999978,19.752363189598817,19.752363189848868,19.75236318934877,5.927525137394696e-11,1.7782575412184087e-10,1000000.0,100.0,0.020131684841789236,3.3552808069648727,0.29803764797396565,0.004523893421169303,0.17765287921970693,0.15707963267957673,0.7422733941323121,-0.29803764797396565,1.0
spectral_peak,A_locked_3mm_2,0.003,2.0,+body_y,2,6.250000000003464,39.26990816989418,0.35030811931107136,0.8158474971802001,38.981874966032485,1.9999999999901208,1.999999999960502,1.9999999999999978,19.752363189598817,19.752363189848868,19.75236318934877,5.927525137394696e-11,1.7782575412184087e-10,1000000.0,500.0,0.009003163161568567,1.5005271935947613,0.6664324407239395,0.022619467105846513,0.8882643960985346,0.15707963267957673,0.513537388725901,-0.6664324407239395,1.0
spectral_peak,A_locked_3mm_2,0.003,2.0,+body_y,2,6.250000000003464,39.26990816989418,0.35030811931107136,0.8158474971802001,38.981874966032485,1.9999999999901208,1.999999999960502,1.9999999999999978,19.752363189598817,19.752363189848868,19.75236318934877,5.927525137394696e-11,1.7782575412184087e-10,3000000.0,10.0,0.03675525969477595,6.125876615795992,0.16324194278112486,0.0013571680263507906,0.053295863765912076,0.15707963267957673,0.8493856608236071,-0.16324194278112486,1.0
spectral_peak,A_locked_3mm_2,0.003,2.0,+body_y,2,6.250000000003464,39.26990816989418,0.35030811931107136,0.8158474971802001,38.981874966032485,1.9999999999901208,1.999999999960502,1.9999999999999978,19.752363189598817,19.752363189848868,19.75236318934877,5.927525137394696e-11,1.7782575412184087e-10,3000000.0,50.0,0.01643745184163544,2.73957530693924,0.3650200808377262,0.006785840131753954,0.2664793188295604,0.15707963267957673,0.6941827109676455,-0.3650200808377262,1.0
spectral_peak,A_locked_3mm_2,0.003,2.0,+body_y,2,6.250000000003464,39.26990816989418,0.35030811931107136,0.8158474971802001,38.981874966032485,1.9999999999901208,1.999999999960502,1.9999999999999978,19.752363189598817,19.752363189848868,19.75236318934877,5.927525137394696e-11,1.7782575412184087e-10,3000000.0,100.0,0.011623033662647723,1.9371722771079538,0.516216348859236,0.013571680263507907,0.5329586376591208,0.15707963267957673,0.596774267274849,-0.516216348859236,1.0
spectral_peak,A_locked_3mm_2,0.003,2.0,+body_y,2,6.250000000003464,39.26990816989418,0.35030811931107136,0.8158474971802001,38.981874966032485,1.9999999999901208,1.999999999960502,1.9999999999999978,19.752363189598817,19.752363189848868,19.75236318934877,5.927525137394696e-11,1.7782575412184087e-10,3000000.0,500.0,0.005197978674889734,0.866329779148289,1.1542948471459975,0.06785840131753954,2.664793188295604,0.15707963267957673,0.31527977897284154,-1.1542948471459975,0.9976116168598017
spectral_peak,A_locked_3mm_2,0.003,2.0,+body_y,2,6.250000000003464,39.26990816989418,0.35030811931107136,0.8158474971802001,38.981874966032485,1.9999999999901208,1.999999999960502,1.9999999999999978,19.752363189598817,19.752363189848868,19.75236318934877,5.927525137394696e-11,1.7782575412184087e-10,6000000.0,10.0,0.025989893374448667,4.331648895741444,0.23085896942919953,0.0027143360527015813,0.10659172753182415,0.15707963267957673,0.7938514154591646,-0.23085896942919953,1.0
spectral_peak,A_locked_3mm_2,0.003,2.0,+body_y,2,6.250000000003464,39.26990816989418,0.35030811931107136,0.8158474971802001,38.981874966032485,1.9999999999901208,1.999999999960502,1.9999999999999978,19.752363189598817,19.752363189848868,19.75236318934877,5.927525137394696e-11,1.7782575412184087e-10,6000000.0,50.0,0.011623033662647723,1.9371722771079538,0.516216348859236,0.013571680263507907,0.5329586376591208,0.15707963267957673,0.596774267274849,-0.516216348859236,1.0
spectral_peak,A_locked_3mm_2,0.003,2.0,+body_y,2,6.250000000003464,39.26990816989418,0.35030811931107136,0.8158474971802001,38.981874966032485,1.9999999999901208,1.999999999960502,1.9999999999999978,19.752363189598817,19.752363189848868,19.75236318934877,5.927525137394696e-11,1.7782575412184087e-10,6000000.0,100.0,0.00821872592081772,1.36978765346962,0.7300401616754524,0.027143360527015815,1.0659172753182415,0.15707963267957673,0.48188963620638964,-0.7300401616754524,1.0
spectral_peak,A_locked_3mm_2,0.003,2.0,+body_y,2,6.250000000003464,39.26990816989418,0.35030811931107136,0.8158474971802001,38.981874966032485,1.9999999999901208,1.999999999960502,1.9999999999999978,19.752363189598817,19.752363189848868,19.75236318934877,5.927525137394696e-11,1.7782575412184087e-10,6000000.0,500.0,0.0036755259694775952,0.6125876615795992,1.6324194278112485,0.13571680263507907,5.329586376591208,0.15707963267957673,0.1954561096537348,-1.6324194278112485,0.9418539329945664
spectral_peak,A_locked_3mm_2,0.003,2.0,+body_y,2,6.250000000003464,39.26990816989418,0.35030811931107136,0.8158474971802001,38.981874966032485,1.9999999999901208,1.999999999960502,1.9999999999999978,19.752363189598817,19.752363189848868,19.75236318934877,5.927525137394696e-11,1.7782575412184087e-10,10000000.0,10.0,0.020131684841789236,3.3552808069648727,0.29803764797396565,0.004523893421169303,0.17765287921970693,0.15707963267957673,0.7422733941323121,-0.29803764797396565,1.0
spectral_peak,A_locked_3mm_2,0.003,2.0,+body_y,2,6.250000000003464,39.26990816989418,0.35030811931107136,0.8158474971802001,38.981874966032485,1.9999999999901208,1.999999999960502,1.9999999999999978,19.752363189598817,19.752363189848868,19.75236318934877,5.927525137394696e-11,1.7782575412184087e-10,10000000.0,50.0,0.009003163161568567,1.5005271935947613,0.6664324407239395,0.022619467105846513,0.8882643960985346,0.15707963267957673,0.513537388725901,-0.6664324407239395,1.0
spectral_peak,A_locked_3mm_2,0.003,2.0,+body_y,2,6.250000000003464,39.26990816989418,0.35030811931107136,0.8158474971802001,38.981874966032485,1.9999999999901208,1.999999999960502,1.9999999999999978,19.752363189598817,19.752363189848868,19.75236318934877,5.927525137394696e-11,1.7782575412184087e-10,10000000.0,100.0,0.00636619772367405,1.0610329539456749,0.9424777960771991,0.045238934211693026,1.7765287921970692,0.15707963267957673,0.38966113737524505,-0.9424777960771991,1.0
spectral_peak,A_locked_3mm_2,0.003,2.0,+body_y,2,6.250000000003464,39.26990816989418,0.35030811931107136,0.8158474971802001,38.981874966032485,1.9999999999901208,1.999999999960502,1.9999999999999978,19.752363189598817,19.752363189848868,19.75236318934877,5.927525137394696e-11,1.7782575412184087e-10,10000000.0,500.0,0.0028470501736679193,0.47450836227798654,2.107444419312802,0.2261946710584651,8.882643960985346,0.15707963267957673,0.12154819607855662,-2.107444419312802,0.8548899712502293
spectral_peak,A_locked_3mm_2,0.003,2.0,+body_y,3,9.500000000005265,59.69026041823915,0.13602904030745985,0.95187653748766,38.981874966032485,1.9999999999901208,1.999999999960502,1.9999999999999978,19.752363189598817,19.752363189848868,19.75236318934877,5.927525137394696e-11,1.7782575412184087e-10,1000000.0,10.0,0.05163668209669149,8.606113682781915,0.11619646647251251,0.0004523893421169302,0.027003237641395447,0.2387610416729566,0.890300291956126,-0.11619646647251251,1.0
spectral_peak,A_locked_3mm_2,0.003,2.0,+body_y,3,9.500000000005265,59.69026041823915,0.13602904030745985,0.95187653748766,38.981874966032485,1.9999999999901208,1.999999999960502,1.9999999999999978,19.752363189598817,19.752363189848868,19.75236318934877,5.927525137394696e-11,1.7782575412184087e-10,1000000.0,50.0,0.02309262626014971,3.8487710433582847,0.25982319777781315,0.0022619467105846514,0.13501618820697725,0.2387610416729566,0.771187921489228,-0.25982319777781315,1.0
spectral_peak,A_locked_3mm_2,0.003,2.0,+body_y,3,9.500000000005265,59.69026041823915,0.13602904030745985,0.95187653748766,38.981874966032485,1.9999999999901208,1.999999999960502,1.9999999999999978,19.752363189598817,19.752363189848868,19.75236318934877,5.927525137394696e-11,1.7782575412184087e-10,1000000.0,100.0,0.0163289526239584,2.7214921039930666,0.36744549011653044,0.004523893421169303,0.2700323764139545,0.2387610416729566,0.692501073932681,-0.36744549011653044,1.0
spectral_peak,A_locked_3mm_2,0.003,2.0,+body_y,3,9.500000000005265,59.69026041823915,0.13602904030745985,0.95187653748766,38.981874966032485,1.9999999999901208,1.999999999960502,1.9999999999999978,19.752363189598817,19.752363189848868,19.75236318934877,5.927525137394696e-11,1.7782575412184087e-10,1000000.0,500.0,0.0073025296137089095,1.2170882689514848,0.8216330939262891,0.022619467105846513,1.3501618820697725,0.2387610416729566,0.4397129752411774,-0.8216330939262891,1.0
spectral_peak,A_locked_3mm_2,0.003,2.0,+body_y,3,9.500000000005265,59.69026041823915,0.13602904030745985,0.95187653748766,38.981874966032485,1.9999999999901208,1.999999999960502,1.9999999999999978,19.752363189598817,19.752363189848868,19.75236318934877,5.927525137394696e-11,1.7782575412184087e-10,3000000.0,10.0,0.029812452308583964,4.96874205143066,0.20125818359036526,0.0013571680263507906,0.08100971292418635,0.2387610416729566,0.8177012872438474,-0.20125818359036526,1.0
spectral_peak,A_locked_3mm_2,0.003,2.0,+body_y,3,9.500000000005265,59.69026041823915,0.13602904030745985,0.95187653748766,38.981874966032485,1.9999999999901208,1.999999999960502,1.9999999999999978,19.752363189598817,19.752363189848868,19.75236318934877,5.927525137394696e-11,1.7782575412184087e-10,3000000.0,50.0,0.013332533987592855,2.2220889979321425,0.4500269795361894,0.006785840131753954,0.40504856462093175,0.2387610416729566,0.6376109489420424,-0.4500269795361894,1.0
spectral_peak,A_locked_3mm_2,0.003,2.0,+body_y,3,9.500000000005265,59.69026041823915,0.13602904030745985,0.95187653748766,38.981874966032485,1.9999999999901208,1.999999999960502,1.9999999999999978,19.752363189598817,19.752363189848868,19.75236318934877,5.927525137394696e-11,1.7782575412184087e-10,3000000.0,100.0,0.00942752519302703,1.5712541988378381,0.6364342578938784,0.013571680263507907,0.8100971292418635,0.2387610416729566,0.5291759689637174,-0.6364342578938784,1.0
spectral_peak,A_locked_3mm_2,0.003,2.0,+body_y,3,9.500000000005265,59.69026041823915,0.13602904030745985,0.95187653748766,38.981874966032485,1.9999999999901208,1.999999999960502,1.9999999999999978,19.752363189598817,19.752363189848868,19.75236318934877,5.927525137394696e-11,1.7782575412184087e-10,3000000.0,500.0,0.004216117438240053,0.7026862397066754,1.4231102638603441,0.06785840131753954,4.050485646209317,0.2387610416729566,0.24096339045400592,-1.4231102638603441,0.9737188098090103
spectral_peak,A_locked_3mm_2,0.003,2.0,+body_y,3,9.500000000005265,59.69026041823915,0.13602904030745985,0.95187653748766,38.981874966032485,1.9999999999901208,1.999999999960502,1.9999999999999978,19.752363189598817,19.752363189848868,19.75236318934877,5.927525137394696e-11,1.7782575412184087e-10,6000000.0,10.0,0.021080587191200265,3.5134311985333775,0.2846220527720688,0.0027143360527015813,0.1620194258483727,0.2387610416729566,0.752298529739337,-0.2846220527720688,1.0
spectral_peak,A_locked_3mm_2,0.003,2.0,+body_y,3,9.500000000005265,59.69026041823915,0.13602904030745985,0.95187653748766,38.981874966032485,1.9999999999901208,1.999999999960502,1.9999999999999978,19.752363189598817,19.752363189848868,19.75236318934877,5.927525137394696e-11,1.7782575412184087e-10,6000000.0,50.0,0.00942752519302703,1.5712541988378381,0.6364342578938784,0.013571680263507907,0.8100971292418635,0.2387610416729566,0.5291759689637174,-0.6364342578938784,1.0
spectral_peak,A_locked_3mm_2,0.003,2.0,+body_y,3,9.500000000005265,59.69026041823915,0.13602904030745985,0.95187653748766,38.981874966032485,1.9999999999901208,1.999999999960502,1.9999999999999978,19.752363189598817,19.752363189848868,19.75236318934877,5.927525137394696e-11,1.7782575412184087e-10,6000000.0,100.0,0.006666266993796428,1.1110444989660713,0.9000539590723788,0.027143360527015815,1.620194258483727,0.2387610416729566,0.40654772221077184,-0.9000539590723788,1.0
spectral_peak,A_locked_3mm_2,0.003,2.0,+body_y,3,9.500000000005265,59.69026041823915,0.13602904030745985,0.95187653748766,38.981874966032485,1.9999999999901208,1.999999999960502,1.9999999999999978,19.752363189598817,19.752363189848868,19.75236318934877,5.927525137394696e-11,1.7782575412184087e-10,6000000.0,500.0,0.0029812452308583966,0.49687420514306607,2.0125818359036525,0.13571680263507907,8.100971292418635,0.2387610416729566,0.13364318408976933,-2.0125818359036525,0.8726409674261972
spectral_peak,A_locked_3mm_2,0.003,2.0,+body_y,3,9.500000000005265,59.69026041823915,0.13602904030745985,0.95187653748766,38.981874966032485,1.9999999999901208,1.999999999960502,1.9999999999999978,19.752363189598817,19.752363189848868,19.75236318934877,5.927525137394696e-11,1.7782575412184087e-10,10000000.0,10.0,0.0163289526239584,2.7214921039930666,0.36744549011653044,0.004523893421169303,0.2700323764139545,0.2387610416729566,0.692501073932681,-0.36744549011653044,1.0
spectral_peak,A_locked_3mm_2,0.003,2.0,+body_y,3,9.500000000005265,59.69026041823915,0.13602904030745985,0.95187653748766,38.981874966032485,1.9999999999901208,1.999999999960502,1.9999999999999978,19.752363189598817,19.752363189848868,19.75236318934877,5.927525137394696e-11,1.7782575412184087e-10,10000000.0,50.0,0.0073025296137089095,1.2170882689514848,0.8216330939262891,0.022619467105846513,1.3501618820697725,0.2387610416729566,0.4397129752411774,-0.8216330939262891,1.0
spectral_peak,A_locked_3mm_2,0.003,2.0,+body_y,3,9.500000000005265,59.69026041823915,0.13602904030745985,0.95187653748766,38.981874966032485,1.9999999999901208,1.999999999960502,1.9999999999999978,19.752363189598817,19.752363189848868,19.75236318934877,5.927525137394696e-11,1.7782575412184087e-10,10000000.0,100.0,0.005163668209669149,0.8606113682781915,1.1619646647251252,0.045238934211693026,2.700323764139545,0.2387610416729566,0.3128708902590167,-1.1619646647251252,0.9972917916993774
spectral_peak,A_locked_3mm_2,0.003,2.0,+body_y,3,9.500000000005265,59.69026041823915,0.13602904030745985,0.95187653748766,38.981874966032485,1.9999999999901208,1.999999999960502,1.9999999999999978,19.752363189598817,19.752363189848868,19.75236318934877,5.927525137394696e-11,1.7782575412184087e-10,10000000.0,500.0,0.002309262626014971,0.3848771043358285,2.5982319777781315,0.2261946710584651,13.501618820697724,0.2387610416729566,0.07440501170554373,-2.5982319777781315,0.76725215049473
spectral_peak,A_locked_3mm_2,0.003,2.0,-body_y,1,3.2500000000018012,20.420352248344972,0.46589489420377683,0.46589489420377683,38.973212187887455,1.9999999999901208,1.999999999960502,1.9999999999999978,19.752363189598817,19.752363189848868,19.75236318934877,5.927525137394696e-11,1.7782575412184087e-10,1000000.0,10.0,0.08828327816326506,14.71387969387751,0.0679630403948527,0.0004523893421169302,0.009237949719424758,0.08168140899337989,0.9342950041135353,-0.0679630403948527,1.0
spectral_peak,A_locked_3mm_2,0.003,2.0,-body_y,1,3.2500000000018012,20.420352248344972,0.46589489420377683,0.46589489420377683,38.973212187887455,1.9999999999901208,1.999999999960502,1.9999999999999978,19.752363189598817,19.752363189848868,19.75236318934877,5.927525137394696e-11,1.7782575412184087e-10,1000000.0,50.0,0.03948148224991669,6.580247041652782,0.15196997828045478,0.0022619467105846514,0.0461897485971238,0.08168140899337989,0.859014069433489,-0.15196997828045478,1.0
spectral_peak,A_locked_3mm_2,0.003,2.0,-body_y,1,3.2500000000018012,20.420352248344972,0.46589489420377683,0.46589489420377683,38.973212187887455,1.9999999999901208,1.999999999960502,1.9999999999999978,19.752363189598817,19.752363189848868,19.75236318934877,5.927525137394696e-11,1.7782575412184087e-10,1000000.0,100.0,0.027917623830212398,4.652937305035399,0.21491800435776384,0.004523893421169303,0.0923794971942476,0.08168140899337989,0.8066075757720825,-0.21491800435776384,1.0
spectral_peak,A_locked_3mm_2,0.003,2.0,-body_y,1,3.2500000000018012,20.420352248344972,0.46589489420377683,0.46589489420377683,38.973212187887455,1.9999999999901208,1.999999999960502,1.9999999999999978,19.752363189598817,19.752363189848868,19.75236318934877,5.927525137394696e-11,1.7782575412184087e-10,1000000.0,500.0,0.012485140930924595,2.080856821820766,0.48057126733255595,0.022619467105846513,0.461897485971238,0.08168140899337989,0.6184300020181053,-0.48057126733255595,1.0
spectral_peak,A_locked_3mm_2,0.003,2.0,-body_y,1,3.2500000000018012,20.420352248344972,0.46589489420377683,0.46589489420377683,38.973212187887455,1.9999999999901208,1.999999999960502,1.9999999999999978,19.752363189598817,19.752363189848868,19.75236318934877,5.927525137394696e-11,1.7782575412184087e-10,3000000.0,10.0,0.05097037441250369,8.495062402083947,0.11771543900074084,0.0013571680263507906,0.027713849158274278,0.08168140899337989,0.8889489768358649,-0.11771543900074084,1.0
spectral_peak,A_locked_3mm_2,0.003,2.0,-body_y,1,3.2500000000018012,20.420352248344972,0.46589489420377683,0.46589489420377683,38.973212187887455,1.9999999999901208,1.999999999960502,1.9999999999999978,19.752363189598817,19.752363189848868,19.75236318934877,5.927525137394696e-11,1.7782575412184087e-10,3000000.0,50.0,0.022794644404994832,3.799107400832472,0.26321972360688645,0.006785840131753954,0.1385692457913714,0.08168140899337989,0.7685730051241981,-0.26321972360688645,1.0
spectral_peak,A_locked_3mm_2,0.003,2.0,-body_y,1,3.2500000000018012,20.420352248344972,0.46589489420377683,0.46589489420377683,38.973212187887455,1.9999999999901208,1.999999999960502,1.9999999999999978,19.752363189598817,19.752363189848868,19.75236318934877,5.927525137394696e-11,1.7782575412184087e-10,3000000.0,100.0,0.016118247633507842,2.6863746055846405,0.3722489030089563,0.013571680263507907,0.2771384915827428,0.08168140899337989,0.6891826815309308,-0.3722489030089563,1.0
spectral_peak,A_locked_3mm_2,0.003,2.0,-body_y,1,3.2500000000018012,20.420352248344972,0.46589489420377683,0.46589489420377683,38.973212187887455,1.9999999999901208,1.999999999960502,1.9999999999999978,19.752363189598817,19.752363189848868,19.75236318934877,5.927525137394696e-11,1.7782575412184087e-10,3000000.0,500.0,0.00720829947733973,1.2013832462232883,0.8323738516777524,0.06785840131753954,1.385692457913714,0.08168140899337989,0.435015397626337,-0.8323738516777524,1.0
spectral_peak,A_locked_3mm_2,0.003,2.0,-body_y,1,3.2500000000018012,20.420352248344972,0.46589489420377683,0.46589489420377683,38.973212187887455,1.9999999999901208,1.999999999960502,1.9999999999999978,19.752363189598817,19.752363189848868,19.75236318934877,5.927525137394696e-11,1.7782575412184087e-10,6000000.0,10.0,0.036041497386698644,6.00691623111644,0.1664747703355505,0.0027143360527015813,0.055427698316548556,0.08168140899337989,0.8466441772144814,-0.1664747703355505,1.0
spectral_peak,A_locked_3mm_2,0.003,2.0,-body_y,1,3.2500000000018012,20.420352248344972,0.46589489420377683,0.46589489420377683,38.973212187887455,1.9999999999901208,1.999999999960502,1.9999999999999978,19.752363189598817,19.752363189848868,19.75236318934877,5.927525137394696e-11,1.7782575412184087e-10,6000000.0,50.0,0.016118247633507842,2.6863746055846405,0.3722489030089563,0.013571680263507907,0.2771384915827428,0.08168140899337989,0.6891826815309308,-0.3722489030089563,1.0
spectral_peak,A_locked_3mm_2,0.003,2.0,-body_y,1,3.2500000000018012,20.420352248344972,0.46589489420377683,0.46589489420377683,38.973212187887455,1.9999999999901208,1.999999999960502,1.9999999999999978,19.752363189598817,19.752363189848868,19.75236318934877,5.927525137394696e-11,1.7782575412184087e-10,6000000.0,100.0,0.011397322202497416,1.899553700416236,0.5264394472137729,0.027143360527015815,0.5542769831654856,0.08168140899337989,0.5907044642056406,-0.5264394472137729,1.0
spectral_peak,A_locked_3mm_2,0.003,2.0,-body_y,1,3.2500000000018012,20.420352248344972,0.46589489420377683,0.46589489420377683,38.973212187887455,1.9999999999901208,1.999999999960502,1.9999999999999978,19.752363189598817,19.752363189848868,19.75236318934877,5.927525137394696e-11,1.7782575412184087e-10,6000000.0,500.0,0.005097037441250369,0.8495062402083948,1.1771543900074084,0.13571680263507907,2.771384915827428,0.08168140899337989,0.3081543793253282,-1.1771543900074084,0.9965915613842593
spectral_peak,A_locked_3mm_2,0.003,2.0,-body_y,1,3.2500000000018012,20.420352248344972,0.46589489420377683,0.46589489420377683,38.973212187887455,1.9999999999901208,1.999999999960502,1.9999999999999978,19.752363189598817,19.752363189848868,19.75236318934877,5.927525137394696e-11,1.7782575412184087e-10,10000000.0,10.0,0.027917623830212398,4.652937305035399,0.21491800435776384,0.004523893421169303,0.0923794971942476,0.08168140899337989,0.8066075757720825,-0.21491800435776384,1.0
spectral_peak,A_locked_3mm_2,0.003,2.0,-body_y,1,3.2500000000018012,20.420352248344972,0.46589489420377683,0.46589489420377683,38.973212187887455,1.9999999999901208,1.999999999960502,1.9999999999999978,19.752363189598817,19.752363189848868,19.75236318934877,5.927525137394696e-11,1.7782575412184087e-10,10000000.0,50.0,0.012485140930924595,2.080856821820766,0.48057126733255595,0.022619467105846513,0.461897485971238,0.08168140899337989,0.6184300020181053,-0.48057126733255595,1.0
spectral_peak,A_locked_3mm_2,0.003,2.0,-body_y,1,3.2500000000018012,20.420352248344972,0.46589489420377683,0.46589489420377683,38.973212187887455,1.9999999999901208,1.999999999960502,1.9999999999999978,19.752363189598817,19.752363189848868,19.75236318934877,5.927525137394696e-11,1.7782575412184087e-10,10000000.0,100.0,0.008828327816326505,1.4713879693877507,0.679630403948527,0.045238934211693026,0.923794971942476,0.08168140899337989,0.5068042706120954,-0.679630403948527,1.0
spectral_peak,A_locked_3mm_2,0.003,2.0,-body_y,1,3.2500000000018012,20.420352248344972,0.46589489420377683,0.46589489420377683,38.973212187887455,1.9999999999901208,1.999999999960502,1.9999999999999978,19.752363189598817,19.752363189848868,19.75236318934877,5.927525137394696e-11,1.7782575412184087e-10,10000000.0,500.0,0.003948148224991669,0.6580247041652781,1.5196997828045478,0.2261946710584651,4.618974859712379,0.08168140899337989,0.21877755787880507,-1.5196997828045478,0.9600069798678144
spectral_peak,A_locked_3mm_2,0.003,2.0,-body_y,2,6.250000000003464,39.26990816989418,0.35013608362568976,0.8160309778294665,38.973212187887455,1.9999999999901208,1.999999999960502,1.9999999999999978,19.752363189598817,19.752363189848868,19.75236318934877,5.927525137394696e-11,1.7782575412184087e-10,1000000.0,10.0,0.0636619772367405,10.61032953945675,0.0942477796077199,0.0004523893421169302,0.017765287921970692,0.15707963267957673,0.910057240676001,-0.0942477796077199,1.0
spectral_peak,A_locked_3mm_2,0.003,2.0,-body_y,2,6.250000000003464,39.26990816989418,0.35013608362568976,0.8160309778294665,38.973212187887455,1.9999999999901208,1.999999999960502,1.9999999999999978,19.752363189598817,19.752363189848868,19.75236318934877,5.927525137394696e-11,1.7782575412184087e-10,1000000.0,50.0,0.028470501736679196,4.745083622779866,0.21074444193128017,0.0022619467105846514,0.08882643960985347,0.15707963267957673,0.809981037623303,-0.21074444193128017,1.0
spectral_peak,A_locked_3mm_2,0.003,2.0,-body_y,2,6.250000000003464,39.26990816989418,0.35013608362568976,0.8160309778294665,38.973212187887455,1.9999999999901208,1.999999999960502,1.9999999999999978,19.752363189598817,19.752363189848868,19.75236318934877,5.927525137394696e-11,1.7782575412184087e-10,1000000.0,100.0,0.020131684841789236,3.3552808069648727,0.29803764797396565,0.004523893421169303,0.17765287921970693,0.15707963267957673,0.7422733941323121,-0.29803764797396565,1.0
spectral_peak,A_locked_3mm_2,0.003,2.0,-body_y,2,6.250000000003464,39.26990816989418,0.35013608362568976,0.8160309778294665,38.973212187887455,1.9999999999901208,1.999999999960502,1.9999999999999978,19.752363189598817,19.752363189848868,19.75236318934877,5.927525137394696e-11,1.7782575412184087e-10,1000000.0,500.0,0.009003163161568567,1.5005271935947613,0.6664324407239395,0.022619467105846513,0.8882643960985346,0.15707963267957673,0.513537388725901,-0.6664324407239395,1.0
spectral_peak,A_locked_3mm_2,0.003,2.0,-body_y,2,6.250000000003464,39.26990816989418,0.35013608362568976,0.8160309778294665,38.973212187887455,1.9999999999901208,1.999999999960502,1.9999999999999978,19.752363189598817,19.752363189848868,19.75236318934877,5.927525137394696e-11,1.7782575412184087e-10,3000000.0,10.0,0.03675525969477595,6.125876615795992,0.16324194278112486,0.0013571680263507906,0.053295863765912076,0.15707963267957673,0.8493856608236071,-0.16324194278112486,1.0
spectral_peak,A_locked_3mm_2,0.003,2.0,-body_y,2,6.250000000003464,39.26990816989418,0.35013608362568976,0.8160309778294665,38.973212187887455,1.9999999999901208,1.999999999960502,1.9999999999999978,19.752363189598817,19.752363189848868,19.75236318934877,5.927525137394696e-11,1.7782575412184087e-10,3000000.0,50.0,0.01643745184163544,2.73957530693924,0.3650200808377262,0.006785840131753954,0.2664793188295604,0.15707963267957673,0.6941827109676455,-0.3650200808377262,1.0
spectral_peak,A_locked_3mm_2,0.003,2.0,-body_y,2,6.250000000003464,39.26990816989418,0.35013608362568976,0.8160309778294665,38.973212187887455,1.9999999999901208,1.999999999960502,1.9999999999999978,19.752363189598817,19.752363189848868,19.75236318934877,5.927525137394696e-11,1.7782575412184087e-10,3000000.0,100.0,0.011623033662647723,1.9371722771079538,0.516216348859236,0.013571680263507907,0.5329586376591208,0.15707963267957673,0.596774267274849,-0.516216348859236,1.0
spectral_peak,A_locked_3mm_2,0.003,2.0,-body_y,2,6.250000000003464,39.26990816989418,0.35013608362568976,0.8160309778294665,38.973212187887455,1.9999999999901208,1.999999999960502,1.9999999999999978,19.752363189598817,19.752363189848868,19.75236318934877,5.927525137394696e-11,1.7782575412184087e-10,3000000.0,500.0,0.005197978674889734,0.866329779148289,1.1542948471459975,0.06785840131753954,2.664793188295604,0.15707963267957673,0.31527977897284154,-1.1542948471459975,0.9976116168598017
spectral_peak,A_locked_3mm_2,0.003,2.0,-body_y,2,6.250000000003464,39.26990816989418,0.35013608362568976,0.8160309778294665,38.973212187887455,1.9999999999901208,1.999999999960502,1.9999999999999978,19.752363189598817,19.752363189848868,19.75236318934877,5.927525137394696e-11,1.7782575412184087e-10,6000000.0,10.0,0.025989893374448667,4.331648895741444,0.23085896942919953,0.0027143360527015813,0.10659172753182415,0.15707963267957673,0.7938514154591646,-0.23085896942919953,1.0
spectral_peak,A_locked_3mm_2,0.003,2.0,-body_y,2,6.250000000003464,39.26990816989418,0.35013608362568976,0.8160309778294665,38.973212187887455,1.9999999999901208,1.999999999960502,1.9999999999999978,19.752363189598817,19.752363189848868,19.75236318934877,5.927525137394696e-11,1.7782575412184087e-10,6000000.0,50.0,0.011623033662647723,1.9371722771079538,0.516216348859236,0.013571680263507907,0.5329586376591208,0.15707963267957673,0.596774267274849,-0.516216348859236,1.0
spectral_peak,A_locked_3mm_2,0.003,2.0,-body_y,2,6.250000000003464,39.26990816989418,0.35013608362568976,0.8160309778294665,38.973212187887455,1.9999999999901208,1.999999999960502,1.9999999999999978,19.752363189598817,19.752363189848868,19.75236318934877,5.927525137394696e-11,1.7782575412184087e-10,6000000.0,100.0,0.00821872592081772,1.36978765346962,0.7300401616754524,0.027143360527015815,1.0659172753182415,0.15707963267957673,0.48188963620638964,-0.7300401616754524,1.0
spectral_peak,A_locked_3mm_2,0.003,2.0,-body_y,2,6.250000000003464,39.26990816989418,0.35013608362568976,0.8160309778294665,38.973212187887455,1.9999999999901208,1.999999999960502,1.9999999999999978,19.752363189598817,19.752363189848868,19.75236318934877,5.927525137394696e-11,1.7782575412184087e-10,6000000.0,500.0,0.0036755259694775952,0.6125876615795992,1.6324194278112485,0.13571680263507907,5.329586376591208,0.15707963267957673,0.1954561096537348,-1.6324194278112485,0.9418539329945664
spectral_peak,A_locked_3mm_2,0.003,2.0,-body_y,2,6.250000000003464,39.26990816989418,0.35013608362568976,0.8160309778294665,38.973212187887455,1.9999999999901208,1.999999999960502,1.9999999999999978,19.752363189598817,19.752363189848868,19.75236318934877,5.927525137394696e-11,1.7782575412184087e-10,10000000.0,10.0,0.020131684841789236,3.3552808069648727,0.29803764797396565,0.004523893421169303,0.17765287921970693,0.15707963267957673,0.7422733941323121,-0.29803764797396565,1.0
spectral_peak,A_locked_3mm_2,0.003,2.0,-body_y,2,6.250000000003464,39.26990816989418,0.35013608362568976,0.8160309778294665,38.973212187887455,1.9999999999901208,1.999999999960502,1.9999999999999978,19.752363189598817,19.752363189848868,19.75236318934877,5.927525137394696e-11,1.7782575412184087e-10,10000000.0,50.0,0.009003163161568567,1.5005271935947613,0.6664324407239395,0.022619467105846513,0.8882643960985346,0.15707963267957673,0.513537388725901,-0.6664324407239395,1.0
spectral_peak,A_locked_3mm_2,0.003,2.0,-body_y,2,6.250000000003464,39.26990816989418,0.35013608362568976,0.8160309778294665,38.973212187887455,1.9999999999901208,1.999999999960502,1.9999999999999978,19.752363189598817,19.752363189848868,19.75236318934877,5.927525137394696e-11,1.7782575412184087e-10,10000000.0,100.0,0.00636619772367405,1.0610329539456749,0.9424777960771991,0.045238934211693026,1.7765287921970692,0.15707963267957673,0.38966113737524505,-0.9424777960771991,1.0
spectral_peak,A_locked_3mm_2,0.003,2.0,-body_y,2,6.250000000003464,39.26990816989418,0.35013608362568976,0.8160309778294665,38.973212187887455,1.9999999999901208,1.999999999960502,1.9999999999999978,19.752363189598817,19.752363189848868,19.75236318934877,5.927525137394696e-11,1.7782575412184087e-10,10000000.0,500.0,0.0028470501736679193,0.47450836227798654,2.107444419312802,0.2261946710584651,8.882643960985346,0.15707963267957673,0.12154819607855662,-2.107444419312802,0.8548899712502293
spectral_peak,A_locked_3mm_2,0.003,2.0,-body_y,3,9.500000000005265,59.69026041823915,0.13591124893503995,0.9519422267645065,38.973212187887455,1.9999999999901208,1.999999999960502,1.9999999999999978,19.752363189598817,19.752363189848868,19.75236318934877,5.927525137394696e-11,1.7782575412184087e-10,1000000.0,10.0,0.05163668209669149,8.606113682781915,0.11619646647251251,0.0004523893421169302,0.027003237641395447,0.2387610416729566,0.890300291956126,-0.11619646647251251,1.0
spectral_peak,A_locked_3mm_2,0.003,2.0,-body_y,3,9.500000000005265,59.69026041823915,0.13591124893503995,0.9519422267645065,38.973212187887455,1.9999999999901208,1.999999999960502,1.9999999999999978,19.752363189598817,19.752363189848868,19.75236318934877,5.927525137394696e-11,1.7782575412184087e-10,1000000.0,50.0,0.02309262626014971,3.8487710433582847,0.25982319777781315,0.0022619467105846514,0.13501618820697725,0.2387610416729566,0.771187921489228,-0.25982319777781315,1.0
spectral_peak,A_locked_3mm_2,0.003,2.0,-body_y,3,9.500000000005265,59.69026041823915,0.13591124893503995,0.9519422267645065,38.973212187887455,1.9999999999901208,1.999999999960502,1.9999999999999978,19.752363189598817,19.752363189848868,19.75236318934877,5.927525137394696e-11,1.7782575412184087e-10,1000000.0,100.0,0.0163289526239584,2.7214921039930666,0.36744549011653044,0.004523893421169303,0.2700323764139545,0.2387610416729566,0.692501073932681,-0.36744549011653044,1.0
spectral_peak,A_locked_3mm_2,0.003,2.0,-body_y,3,9.500000000005265,59.69026041823915,0.13591124893503995,0.9519422267645065,38.973212187887455,1.9999999999901208,1.999999999960502,1.9999999999999978,19.752363189598817,19.752363189848868,19.75236318934877,5.927525137394696e-11,1.7782575412184087e-10,1000000.0,500.0,0.0073025296137089095,1.2170882689514848,0.8216330939262891,0.022619467105846513,1.3501618820697725,0.2387610416729566,0.4397129752411774,-0.8216330939262891,1.0
spectral_peak,A_locked_3mm_2,0.003,2.0,-body_y,3,9.500000000005265,59.69026041823915,0.13591124893503995,0.9519422267645065,38.973212187887455,1.9999999999901208,1.999999999960502,1.9999999999999978,19.752363189598817,19.752363189848868,19.75236318934877,5.927525137394696e-11,1.7782575412184087e-10,3000000.0,10.0,0.029812452308583964,4.96874205143066,0.20125818359036526,0.0013571680263507906,0.08100971292418635,0.2387610416729566,0.8177012872438474,-0.20125818359036526,1.0
spectral_peak,A_locked_3mm_2,0.003,2.0,-body_y,3,9.500000000005265,59.69026041823915,0.13591124893503995,0.9519422267645065,38.973212187887455,1.9999999999901208,1.999999999960502,1.9999999999999978,19.752363189598817,19.752363189848868,19.75236318934877,5.927525137394696e-11,1.7782575412184087e-10,3000000.0,50.0,0.013332533987592855,2.2220889979321425,0.4500269795361894,0.006785840131753954,0.40504856462093175,0.2387610416729566,0.6376109489420424,-0.4500269795361894,1.0
spectral_peak,A_locked_3mm_2,0.003,2.0,-body_y,3,9.500000000005265,59.69026041823915,0.13591124893503995,0.9519422267645065,38.973212187887455,1.9999999999901208,1.999999999960502,1.9999999999999978,19.752363189598817,19.752363189848868,19.75236318934877,5.927525137394696e-11,1.7782575412184087e-10,3000000.0,100.0,0.00942752519302703,1.5712541988378381,0.6364342578938784,0.013571680263507907,0.8100971292418635,0.2387610416729566,0.5291759689637174,-0.6364342578938784,1.0
spectral_peak,A_locked_3mm_2,0.003,2.0,-body_y,3,9.500000000005265,59.69026041823915,0.13591124893503995,0.9519422267645065,38.973212187887455,1.9999999999901208,1.999999999960502,1.9999999999999978,19.752363189598817,19.752363189848868,19.75236318934877,5.927525137394696e-11,1.7782575412184087e-10,3000000.0,500.0,0.004216117438240053,0.7026862397066754,1.4231102638603441,0.06785840131753954,4.050485646209317,0.2387610416729566,0.24096339045400592,-1.4231102638603441,0.9737188098090103
spectral_peak,A_locked_3mm_2,0.003,2.0,-body_y,3,9.500000000005265,59.69026041823915,0.13591124893503995,0.9519422267645065,38.973212187887455,1.9999999999901208,1.999999999960502,1.9999999999999978,19.752363189598817,19.752363189848868,19.75236318934877,5.927525137394696e-11,1.7782575412184087e-10,6000000.0,10.0,0.021080587191200265,3.5134311985333775,0.2846220527720688,0.0027143360527015813,0.1620194258483727,0.2387610416729566,0.752298529739337,-0.2846220527720688,1.0
spectral_peak,A_locked_3mm_2,0.003,2.0,-body_y,3,9.500000000005265,59.69026041823915,0.13591124893503995,0.9519422267645065,38.973212187887455,1.9999999999901208,1.999999999960502,1.9999999999999978,19.752363189598817,19.752363189848868,19.75236318934877,5.927525137394696e-11,1.7782575412184087e-10,6000000.0,50.0,0.00942752519302703,1.5712541988378381,0.6364342578938784,0.013571680263507907,0.8100971292418635,0.2387610416729566,0.5291759689637174,-0.6364342578938784,1.0
spectral_peak,A_locked_3mm_2,0.003,2.0,-body_y,3,9.500000000005265,59.69026041823915,0.13591124893503995,0.9519422267645065,38.973212187887455,1.9999999999901208,1.999999999960502,1.9999999999999978,19.752363189598817,19.752363189848868,19.75236318934877,5.927525137394696e-11,1.7782575412184087e-10,6000000.0,100.0,0.006666266993796428,1.1110444989660713,0.9000539590723788,0.027143360527015815,1.620194258483727,0.2387610416729566,0.40654772221077184,-0.9000539590723788,1.0
spectral_peak,A_locked_3mm_2,0.003,2.0,-body_y,3,9.500000000005265,59.69026041823915,0.13591124893503995,0.9519422267645065,38.973212187887455,1.9999999999901208,1.999999999960502,1.9999999999999978,19.752363189598817,19.752363189848868,19.75236318934877,5.927525137394696e-11,1.7782575412184087e-10,6000000.0,500.0,0.0029812452308583966,0.49687420514306607,2.0125818359036525,0.13571680263507907,8.100971292418635,0.2387610416729566,0.13364318408976933,-2.0125818359036525,0.8726409674261972
spectral_peak,A_locked_3mm_2,0.003,2.0,-body_y,3,9.500000000005265,59.69026041823915,0.13591124893503995,0.9519422267645065,38.973212187887455,1.9999999999901208,1.999999999960502,1.9999999999999978,19.752363189598817,19.752363189848868,19.75236318934877,5.927525137394696e-11,1.7782575412184087e-10,10000000.0,10.0,0.0163289526239584,2.7214921039930666,0.36744549011653044,0.004523893421169303,0.2700323764139545,0.2387610416729566,0.692501073932681,-0.36744549011653044,1.0
spectral_peak,A_locked_3mm_2,0.003,2.0,-body_y,3,9.500000000005265,59.69026041823915,0.13591124893503995,0.9519422267645065,38.973212187887455,1.9999999999901208,1.999999999960502,1.9999999999999978,19.752363189598817,19.752363189848868,19.75236318934877,5.927525137394696e-11,1.7782575412184087e-10,10000000.0,50.0,0.0073025296137089095,1.2170882689514848,0.8216330939262891,0.022619467105846513,1.3501618820697725,0.2387610416729566,0.4397129752411774,-0.8216330939262891,1.0
spectral_peak,A_locked_3mm_2,0.003,2.0,-body_y,3,9.500000000005265,59.69026041823915,0.13591124893503995,0.9519422267645065,38.973212187887455,1.9999999999901208,1.999999999960502,1.9999999999999978,19.752363189598817,19.752363189848868,19.75236318934877,5.927525137394696e-11,1.7782575412184087e-10,10000000.0,100.0,0.005163668209669149,0.8606113682781915,1.1619646647251252,0.045238934211693026,2.700323764139545,0.2387610416729566,0.3128708902590167,-1.1619646647251252,0.9972917916993774
spectral_peak,A_locked_3mm_2,0.003,2.0,-body_y,3,9.500000000005265,59.69026041823915,0.13591124893503995,0.9519422267645065,38.973212187887455,1.9999999999901208,1.999999999960502,1.9999999999999978,19.752363189598817,19.752363189848868,19.75236318934877,5.927525137394696e-11,1.7782575412184087e-10,10000000.0,500.0,0.002309262626014971,0.3848771043358285,2.5982319777781315,0.2261946710584651,13.501618820697724,0.2387610416729566,0.07440501170554373,-2.5982319777781315,0.76725215049473
spectral_peak,A_locked_3mm_2,0.003,2.0,+body_z,1,3.2500000000018012,20.420352248344972,0.4713860263828464,0.4713860263828464,38.760582981719864,1.9999999999901208,1.999999999960502,1.9999999999999978,19.752363189598817,19.752363189848868,19.75236318934877,5.927525137394696e-11,1.7782575412184087e-10,1000000.0,10.0,0.08828327816326506,14.71387969387751,0.0679630403948527,0.0004523893421169302,0.009237949719424758,0.08168140899337989,0.9342950041135353,-0.0679630403948527,1.0
spectral_peak,A_locked_3mm_2,0.003,2.0,+body_z,1,3.2500000000018012,20.420352248344972,0.4713860263828464,0.4713860263828464,38.760582981719864,1.9999999999901208,1.999999999960502,1.9999999999999978,19.752363189598817,19.752363189848868,19.75236318934877,5.927525137394696e-11,1.7782575412184087e-10,1000000.0,50.0,0.03948148224991669,6.580247041652782,0.15196997828045478,0.0022619467105846514,0.0461897485971238,0.08168140899337989,0.859014069433489,-0.15196997828045478,1.0
spectral_peak,A_locked_3mm_2,0.003,2.0,+body_z,1,3.2500000000018012,20.420352248344972,0.4713860263828464,0.4713860263828464,38.760582981719864,1.9999999999901208,1.999999999960502,1.9999999999999978,19.752363189598817,19.752363189848868,19.75236318934877,5.927525137394696e-11,1.7782575412184087e-10,1000000.0,100.0,0.027917623830212398,4.652937305035399,0.21491800435776384,0.004523893421169303,0.0923794971942476,0.08168140899337989,0.8066075757720825,-0.21491800435776384,1.0
spectral_peak,A_locked_3mm_2,0.003,2.0,+body_z,1,3.2500000000018012,20.420352248344972,0.4713860263828464,0.4713860263828464,38.760582981719864,1.9999999999901208,1.999999999960502,1.9999999999999978,19.752363189598817,19.752363189848868,19.75236318934877,5.927525137394696e-11,1.7782575412184087e-10,1000000.0,500.0,0.012485140930924595,2.080856821820766,0.48057126733255595,0.022619467105846513,0.461897485971238,0.08168140899337989,0.6184300020181053,-0.48057126733255595,1.0
spectral_peak,A_locked_3mm_2,0.003,2.0,+body_z,1,3.2500000000018012,20.420352248344972,0.4713860263828464,0.4713860263828464,38.760582981719864,1.9999999999901208,1.999999999960502,1.9999999999999978,19.752363189598817,19.752363189848868,19.75236318934877,5.927525137394696e-11,1.7782575412184087e-10,3000000.0,10.0,0.05097037441250369,8.495062402083947,0.11771543900074084,0.0013571680263507906,0.027713849158274278,0.08168140899337989,0.8889489768358649,-0.11771543900074084,1.0
spectral_peak,A_locked_3mm_2,0.003,2.0,+body_z,1,3.2500000000018012,20.420352248344972,0.4713860263828464,0.4713860263828464,38.760582981719864,1.9999999999901208,1.999999999960502,1.9999999999999978,19.752363189598817,19.752363189848868,19.75236318934877,5.927525137394696e-11,1.7782575412184087e-10,3000000.0,50.0,0.022794644404994832,3.799107400832472,0.26321972360688645,0.006785840131753954,0.1385692457913714,0.08168140899337989,0.7685730051241981,-0.26321972360688645,1.0
spectral_peak,A_locked_3mm_2,0.003,2.0,+body_z,1,3.2500000000018012,20.420352248344972,0.4713860263828464,0.4713860263828464,38.760582981719864,1.9999999999901208,1.999999999960502,1.9999999999999978,19.752363189598817,19.752363189848868,19.75236318934877,5.927525137394696e-11,1.7782575412184087e-10,3000000.0,100.0,0.016118247633507842,2.6863746055846405,0.3722489030089563,0.013571680263507907,0.2771384915827428,0.08168140899337989,0.6891826815309308,-0.3722489030089563,1.0
spectral_peak,A_locked_3mm_2,0.003,2.0,+body_z,1,3.2500000000018012,20.420352248344972,0.4713860263828464,0.4713860263828464,38.760582981719864,1.9999999999901208,1.999999999960502,1.9999999999999978,19.752363189598817,19.752363189848868,19.75236318934877,5.927525137394696e-11,1.7782575412184087e-10,3000000.0,500.0,0.00720829947733973,1.2013832462232883,0.8323738516777524,0.06785840131753954,1.385692457913714,0.08168140899337989,0.435015397626337,-0.8323738516777524,1.0
spectral_peak,A_locked_3mm_2,0.003,2.0,+body_z,1,3.2500000000018012,20.420352248344972,0.4713860263828464,0.4713860263828464,38.760582981719864,1.9999999999901208,1.999999999960502,1.9999999999999978,19.752363189598817,19.752363189848868,19.75236318934877,5.927525137394696e-11,1.7782575412184087e-10,6000000.0,10.0,0.036041497386698644,6.00691623111644,0.1664747703355505,0.0027143360527015813,0.055427698316548556,0.08168140899337989,0.8466441772144814,-0.1664747703355505,1.0
spectral_peak,A_locked_3mm_2,0.003,2.0,+body_z,1,3.2500000000018012,20.420352248344972,0.4713860263828464,0.4713860263828464,38.760582981719864,1.9999999999901208,1.999999999960502,1.9999999999999978,19.752363189598817,19.752363189848868,19.75236318934877,5.927525137394696e-11,1.7782575412184087e-10,6000000.0,50.0,0.016118247633507842,2.6863746055846405,0.3722489030089563,0.013571680263507907,0.2771384915827428,0.08168140899337989,0.6891826815309308,-0.3722489030089563,1.0
spectral_peak,A_locked_3mm_2,0.003,2.0,+body_z,1,3.2500000000018012,20.420352248344972,0.4713860263828464,0.4713860263828464,38.760582981719864,1.9999999999901208,1.999999999960502,1.9999999999999978,19.752363189598817,19.752363189848868,19.75236318934877,5.927525137394696e-11,1.7782575412184087e-10,6000000.0,100.0,0.011397322202497416,1.899553700416236,0.5264394472137729,0.027143360527015815,0.5542769831654856,0.08168140899337989,0.5907044642056406,-0.5264394472137729,1.0
spectral_peak,A_locked_3mm_2,0.003,2.0,+body_z,1,3.2500000000018012,20.420352248344972,0.4713860263828464,0.4713860263828464,38.760582981719864,1.9999999999901208,1.999999999960502,1.9999999999999978,19.752363189598817,19.752363189848868,19.75236318934877,5.927525137394696e-11,1.7782575412184087e-10,6000000.0,500.0,0.005097037441250369,0.8495062402083948,1.1771543900074084,0.13571680263507907,2.771384915827428,0.08168140899337989,0.3081543793253282,-1.1771543900074084,0.9965915613842593
spectral_peak,A_locked_3mm_2,0.003,2.0,+body_z,1,3.2500000000018012,20.420352248344972,0.4713860263828464,0.4713860263828464,38.760582981719864,1.9999999999901208,1.999999999960502,1.9999999999999978,19.752363189598817,19.752363189848868,19.75236318934877,5.927525137394696e-11,1.7782575412184087e-10,10000000.0,10.0,0.027917623830212398,4.652937305035399,0.21491800435776384,0.004523893421169303,0.0923794971942476,0.08168140899337989,0.8066075757720825,-0.21491800435776384,1.0
spectral_peak,A_locked_3mm_2,0.003,2.0,+body_z,1,3.2500000000018012,20.420352248344972,0.4713860263828464,0.4713860263828464,38.760582981719864,1.9999999999901208,1.999999999960502,1.9999999999999978,19.752363189598817,19.752363189848868,19.75236318934877,5.927525137394696e-11,1.7782575412184087e-10,10000000.0,50.0,0.012485140930924595,2.080856821820766,0.48057126733255595,0.022619467105846513,0.461897485971238,0.08168140899337989,0.6184300020181053,-0.48057126733255595,1.0
spectral_peak,A_locked_3mm_2,0.003,2.0,+body_z,1,3.2500000000018012,20.420352248344972,0.4713860263828464,0.4713860263828464,38.760582981719864,1.9999999999901208,1.999999999960502,1.9999999999999978,19.752363189598817,19.752363189848868,19.75236318934877,5.927525137394696e-11,1.7782575412184087e-10,10000000.0,100.0,0.008828327816326505,1.4713879693877507,0.679630403948527,0.045238934211693026,0.923794971942476,0.08168140899337989,0.5068042706120954,-0.679630403948527,1.0
spectral_peak,A_locked_3mm_2,0.003,2.0,+body_z,1,3.2500000000018012,20.420352248344972,0.4713860263828464,0.4713860263828464,38.760582981719864,1.9999999999901208,1.999999999960502,1.9999999999999978,19.752363189598817,19.752363189848868,19.75236318934877,5.927525137394696e-11,1.7782575412184087e-10,10000000.0,500.0,0.003948148224991669,0.6580247041652781,1.5196997828045478,0.2261946710584651,4.618974859712379,0.08168140899337989,0.21877755787880507,-1.5196997828045478,0.9600069798678144
spectral_peak,A_locked_3mm_2,0.003,2.0,+body_z,2,6.250000000003464,39.26990816989418,0.34785159030062873,0.8192376166834752,38.760582981719864,1.9999999999901208,1.999999999960502,1.9999999999999978,19.752363189598817,19.752363189848868,19.75236318934877,5.927525137394696e-11,1.7782575412184087e-10,1000000.0,10.0,0.0636619772367405,10.61032953945675,0.0942477796077199,0.0004523893421169302,0.017765287921970692,0.15707963267957673,0.910057240676001,-0.0942477796077199,1.0
spectral_peak,A_locked_3mm_2,0.003,2.0,+body_z,2,6.250000000003464,39.26990816989418,0.34785159030062873,0.8192376166834752,38.760582981719864,1.9999999999901208,1.999999999960502,1.9999999999999978,19.752363189598817,19.752363189848868,19.75236318934877,5.927525137394696e-11,1.7782575412184087e-10,1000000.0,50.0,0.028470501736679196,4.745083622779866,0.21074444193128017,0.0022619467105846514,0.08882643960985347,0.15707963267957673,0.809981037623303,-0.21074444193128017,1.0
spectral_peak,A_locked_3mm_2,0.003,2.0,+body_z,2,6.250000000003464,39.26990816989418,0.34785159030062873,0.8192376166834752,38.760582981719864,1.9999999999901208,1.999999999960502,1.9999999999999978,19.752363189598817,19.752363189848868,19.75236318934877,5.927525137394696e-11,1.7782575412184087e-10,1000000.0,100.0,0.020131684841789236,3.3552808069648727,0.29803764797396565,0.004523893421169303,0.17765287921970693,0.15707963267957673,0.7422733941323121,-0.29803764797396565,1.0
spectral_peak,A_locked_3mm_2,0.003,2.0,+body_z,2,6.250000000003464,39.26990816989418,0.34785159030062873,0.8192376166834752,38.760582981719864,1.9999999999901208,1.999999999960502,1.9999999999999978,19.752363189598817,19.752363189848868,19.75236318934877,5.927525137394696e-11,1.7782575412184087e-10,1000000.0,500.0,0.009003163161568567,1.5005271935947613,0.6664324407239395,0.022619467105846513,0.8882643960985346,0.15707963267957673,0.513537388725901,-0.6664324407239395,1.0
spectral_peak,A_locked_3mm_2,0.003,2.0,+body_z,2,6.250000000003464,39.26990816989418,0.34785159030062873,0.8192376166834752,38.760582981719864,1.9999999999901208,1.999999999960502,1.9999999999999978,19.752363189598817,19.752363189848868,19.75236318934877,5.927525137394696e-11,1.7782575412184087e-10,3000000.0,10.0,0.03675525969477595,6.125876615795992,0.16324194278112486,0.0013571680263507906,0.053295863765912076,0.15707963267957673,0.8493856608236071,-0.16324194278112486,1.0
spectral_peak,A_locked_3mm_2,0.003,2.0,+body_z,2,6.250000000003464,39.26990816989418,0.34785159030062873,0.8192376166834752,38.760582981719864,1.9999999999901208,1.999999999960502,1.9999999999999978,19.752363189598817,19.752363189848868,19.75236318934877,5.927525137394696e-11,1.7782575412184087e-10,3000000.0,50.0,0.01643745184163544,2.73957530693924,0.3650200808377262,0.006785840131753954,0.2664793188295604,0.15707963267957673,0.6941827109676455,-0.3650200808377262,1.0
spectral_peak,A_locked_3mm_2,0.003,2.0,+body_z,2,6.250000000003464,39.26990816989418,0.34785159030062873,0.8192376166834752,38.760582981719864,1.9999999999901208,1.999999999960502,1.9999999999999978,19.752363189598817,19.752363189848868,19.75236318934877,5.927525137394696e-11,1.7782575412184087e-10,3000000.0,100.0,0.011623033662647723,1.9371722771079538,0.516216348859236,0.013571680263507907,0.5329586376591208,0.15707963267957673,0.596774267274849,-0.516216348859236,1.0
spectral_peak,A_locked_3mm_2,0.003,2.0,+body_z,2,6.250000000003464,39.26990816989418,0.34785159030062873,0.8192376166834752,38.760582981719864,1.9999999999901208,1.999999999960502,1.9999999999999978,19.752363189598817,19.752363189848868,19.75236318934877,5.927525137394696e-11,1.7782575412184087e-10,3000000.0,500.0,0.005197978674889734,0.866329779148289,1.1542948471459975,0.06785840131753954,2.664793188295604,0.15707963267957673,0.31527977897284154,-1.1542948471459975,0.9976116168598017
spectral_peak,A_locked_3mm_2,0.003,2.0,+body_z,2,6.250000000003464,39.26990816989418,0.34785159030062873,0.8192376166834752,38.760582981719864,1.9999999999901208,1.999999999960502,1.9999999999999978,19.752363189598817,19.752363189848868,19.75236318934877,5.927525137394696e-11,1.7782575412184087e-10,6000000.0,10.0,0.025989893374448667,4.331648895741444,0.23085896942919953,0.0027143360527015813,0.10659172753182415,0.15707963267957673,0.7938514154591646,-0.23085896942919953,1.0
spectral_peak,A_locked_3mm_2,0.003,2.0,+body_z,2,6.250000000003464,39.26990816989418,0.34785159030062873,0.8192376166834752,38.760582981719864,1.9999999999901208,1.999999999960502,1.9999999999999978,19.752363189598817,19.752363189848868,19.75236318934877,5.927525137394696e-11,1.7782575412184087e-10,6000000.0,50.0,0.011623033662647723,1.9371722771079538,0.516216348859236,0.013571680263507907,0.5329586376591208,0.15707963267957673,0.596774267274849,-0.516216348859236,1.0
spectral_peak,A_locked_3mm_2,0.003,2.0,+body_z,2,6.250000000003464,39.26990816989418,0.34785159030062873,0.8192376166834752,38.760582981719864,1.9999999999901208,1.999999999960502,1.9999999999999978,19.752363189598817,19.752363189848868,19.75236318934877,5.927525137394696e-11,1.7782575412184087e-10,6000000.0,100.0,0.00821872592081772,1.36978765346962,0.7300401616754524,0.027143360527015815,1.0659172753182415,0.15707963267957673,0.48188963620638964,-0.7300401616754524,1.0
spectral_peak,A_locked_3mm_2,0.003,2.0,+body_z,2,6.250000000003464,39.26990816989418,0.34785159030062873,0.8192376166834752,38.760582981719864,1.9999999999901208,1.999999999960502,1.9999999999999978,19.752363189598817,19.752363189848868,19.75236318934877,5.927525137394696e-11,1.7782575412184087e-10,6000000.0,500.0,0.0036755259694775952,0.6125876615795992,1.6324194278112485,0.13571680263507907,5.329586376591208,0.15707963267957673,0.1954561096537348,-1.6324194278112485,0.9418539329945664
spectral_peak,A_locked_3mm_2,0.003,2.0,+body_z,2,6.250000000003464,39.26990816989418,0.34785159030062873,0.8192376166834752,38.760582981719864,1.9999999999901208,1.999999999960502,1.9999999999999978,19.752363189598817,19.752363189848868,19.75236318934877,5.927525137394696e-11,1.7782575412184087e-10,10000000.0,10.0,0.020131684841789236,3.3552808069648727,0.29803764797396565,0.004523893421169303,0.17765287921970693,0.15707963267957673,0.7422733941323121,-0.29803764797396565,1.0
spectral_peak,A_locked_3mm_2,0.003,2.0,+body_z,2,6.250000000003464,39.26990816989418,0.34785159030062873,0.8192376166834752,38.760582981719864,1.9999999999901208,1.999999999960502,1.9999999999999978,19.752363189598817,19.752363189848868,19.75236318934877,5.927525137394696e-11,1.7782575412184087e-10,10000000.0,50.0,0.009003163161568567,1.5005271935947613,0.6664324407239395,0.022619467105846513,0.8882643960985346,0.15707963267957673,0.513537388725901,-0.6664324407239395,1.0
spectral_peak,A_locked_3mm_2,0.003,2.0,+body_z,2,6.250000000003464,39.26990816989418,0.34785159030062873,0.8192376166834752,38.760582981719864,1.9999999999901208,1.999999999960502,1.9999999999999978,19.752363189598817,19.752363189848868,19.75236318934877,5.927525137394696e-11,1.7782575412184087e-10,10000000.0,100.0,0.00636619772367405,1.0610329539456749,0.9424777960771991,0.045238934211693026,1.7765287921970692,0.15707963267957673,0.38966113737524505,-0.9424777960771991,1.0
spectral_peak,A_locked_3mm_2,0.003,2.0,+body_z,2,6.250000000003464,39.26990816989418,0.34785159030062873,0.8192376166834752,38.760582981719864,1.9999999999901208,1.999999999960502,1.9999999999999978,19.752363189598817,19.752363189848868,19.75236318934877,5.927525137394696e-11,1.7782575412184087e-10,10000000.0,500.0,0.0028470501736679193,0.47450836227798654,2.107444419312802,0.2261946710584651,8.882643960985346,0.15707963267957673,0.12154819607855662,-2.107444419312802,0.8548899712502293
spectral_peak,A_locked_3mm_2,0.003,2.0,+body_z,3,9.500000000005265,59.69026041823915,0.1335402137672537,0.9527778304507288,38.760582981719864,1.9999999999901208,1.999999999960502,1.9999999999999978,19.752363189598817,19.752363189848868,19.75236318934877,5.927525137394696e-11,1.7782575412184087e-10,1000000.0,10.0,0.05163668209669149,8.606113682781915,0.11619646647251251,0.0004523893421169302,0.027003237641395447,0.2387610416729566,0.890300291956126,-0.11619646647251251,1.0
spectral_peak,A_locked_3mm_2,0.003,2.0,+body_z,3,9.500000000005265,59.69026041823915,0.1335402137672537,0.9527778304507288,38.760582981719864,1.9999999999901208,1.999999999960502,1.9999999999999978,19.752363189598817,19.752363189848868,19.75236318934877,5.927525137394696e-11,1.7782575412184087e-10,1000000.0,50.0,0.02309262626014971,3.8487710433582847,0.25982319777781315,0.0022619467105846514,0.13501618820697725,0.2387610416729566,0.771187921489228,-0.25982319777781315,1.0
spectral_peak,A_locked_3mm_2,0.003,2.0,+body_z,3,9.500000000005265,59.69026041823915,0.1335402137672537,0.9527778304507288,38.760582981719864,1.9999999999901208,1.999999999960502,1.9999999999999978,19.752363189598817,19.752363189848868,19.75236318934877,5.927525137394696e-11,1.7782575412184087e-10,1000000.0,100.0,0.0163289526239584,2.7214921039930666,0.36744549011653044,0.004523893421169303,0.2700323764139545,0.2387610416729566,0.692501073932681,-0.36744549011653044,1.0
spectral_peak,A_locked_3mm_2,0.003,2.0,+body_z,3,9.500000000005265,59.69026041823915,0.1335402137672537,0.9527778304507288,38.760582981719864,1.9999999999901208,1.999999999960502,1.9999999999999978,19.752363189598817,19.752363189848868,19.75236318934877,5.927525137394696e-11,1.7782575412184087e-10,1000000.0,500.0,0.0073025296137089095,1.2170882689514848,0.8216330939262891,0.022619467105846513,1.3501618820697725,0.2387610416729566,0.4397129752411774,-0.8216330939262891,1.0
spectral_peak,A_locked_3mm_2,0.003,2.0,+body_z,3,9.500000000005265,59.69026041823915,0.1335402137672537,0.9527778304507288,38.760582981719864,1.9999999999901208,1.999999999960502,1.9999999999999978,19.752363189598817,19.752363189848868,19.75236318934877,5.927525137394696e-11,1.7782575412184087e-10,3000000.0,10.0,0.029812452308583964,4.96874205143066,0.20125818359036526,0.0013571680263507906,0.08100971292418635,0.2387610416729566,0.8177012872438474,-0.20125818359036526,1.0
spectral_peak,A_locked_3mm_2,0.003,2.0,+body_z,3,9.500000000005265,59.69026041823915,0.1335402137672537,0.9527778304507288,38.760582981719864,1.9999999999901208,1.999999999960502,1.9999999999999978,19.752363189598817,19.752363189848868,19.75236318934877,5.927525137394696e-11,1.7782575412184087e-10,3000000.0,50.0,0.013332533987592855,2.2220889979321425,0.4500269795361894,0.006785840131753954,0.40504856462093175,0.2387610416729566,0.6376109489420424,-0.4500269795361894,1.0
spectral_peak,A_locked_3mm_2,0.003,2.0,+body_z,3,9.500000000005265,59.69026041823915,0.1335402137672537,0.9527778304507288,38.760582981719864,1.9999999999901208,1.999999999960502,1.9999999999999978,19.752363189598817,19.752363189848868,19.75236318934877,5.927525137394696e-11,1.7782575412184087e-10,3000000.0,100.0,0.00942752519302703,1.5712541988378381,0.6364342578938784,0.013571680263507907,0.8100971292418635,0.2387610416729566,0.5291759689637174,-0.6364342578938784,1.0
spectral_peak,A_locked_3mm_2,0.003,2.0,+body_z,3,9.500000000005265,59.69026041823915,0.1335402137672537,0.9527778304507288,38.760582981719864,1.9999999999901208,1.999999999960502,1.9999999999999978,19.752363189598817,19.752363189848868,19.75236318934877,5.927525137394696e-11,1.7782575412184087e-10,3000000.0,500.0,0.004216117438240053,0.7026862397066754,1.4231102638603441,0.06785840131753954,4.050485646209317,0.2387610416729566,0.24096339045400592,-1.4231102638603441,0.9737188098090103
spectral_peak,A_locked_3mm_2,0.003,2.0,+body_z,3,9.500000000005265,59.69026041823915,0.1335402137672537,0.9527778304507288,38.760582981719864,1.9999999999901208,1.999999999960502,1.9999999999999978,19.752363189598817,19.752363189848868,19.75236318934877,5.927525137394696e-11,1.7782575412184087e-10,6000000.0,10.0,0.021080587191200265,3.5134311985333775,0.2846220527720688,0.0027143360527015813,0.1620194258483727,0.2387610416729566,0.752298529739337,-0.2846220527720688,1.0
spectral_peak,A_locked_3mm_2,0.003,2.0,+body_z,3,9.500000000005265,59.69026041823915,0.1335402137672537,0.9527778304507288,38.760582981719864,1.9999999999901208,1.999999999960502,1.9999999999999978,19.752363189598817,19.752363189848868,19.75236318934877,5.927525137394696e-11,1.7782575412184087e-10,6000000.0,50.0,0.00942752519302703,1.5712541988378381,0.6364342578938784,0.013571680263507907,0.8100971292418635,0.2387610416729566,0.5291759689637174,-0.6364342578938784,1.0
spectral_peak,A_locked_3mm_2,0.003,2.0,+body_z,3,9.500000000005265,59.69026041823915,0.1335402137672537,0.9527778304507288,38.760582981719864,1.9999999999901208,1.999999999960502,1.9999999999999978,19.752363189598817,19.752363189848868,19.75236318934877,5.927525137394696e-11,1.7782575412184087e-10,6000000.0,100.0,0.006666266993796428,1.1110444989660713,0.9000539590723788,0.027143360527015815,1.620194258483727,0.2387610416729566,0.40654772221077184,-0.9000539590723788,1.0
spectral_peak,A_locked_3mm_2,0.003,2.0,+body_z,3,9.500000000005265,59.69026041823915,0.1335402137672537,0.9527778304507288,38.760582981719864,1.9999999999901208,1.999999999960502,1.9999999999999978,19.752363189598817,19.752363189848868,19.75236318934877,5.927525137394696e-11,1.7782575412184087e-10,6000000.0,500.0,0.0029812452308583966,0.49687420514306607,2.0125818359036525,0.13571680263507907,8.100971292418635,0.2387610416729566,0.13364318408976933,-2.0125818359036525,0.8726409674261972
spectral_peak,A_locked_3mm_2,0.003,2.0,+body_z,3,9.500000000005265,59.69026041823915,0.1335402137672537,0.9527778304507288,38.760582981719864,1.9999999999901208,1.999999999960502,1.9999999999999978,19.752363189598817,19.752363189848868,19.75236318934877,5.927525137394696e-11,1.7782575412184087e-10,10000000.0,10.0,0.0163289526239584,2.7214921039930666,0.36744549011653044,0.004523893421169303,0.2700323764139545,0.2387610416729566,0.692501073932681,-0.36744549011653044,1.0
spectral_peak,A_locked_3mm_2,0.003,2.0,+body_z,3,9.500000000005265,59.69026041823915,0.1335402137672537,0.9527778304507288,38.760582981719864,1.9999999999901208,1.999999999960502,1.9999999999999978,19.752363189598817,19.752363189848868,19.75236318934877,5.927525137394696e-11,1.7782575412184087e-10,10000000.0,50.0,0.0073025296137089095,1.2170882689514848,0.8216330939262891,0.022619467105846513,1.3501618820697725,0.2387610416729566,0.4397129752411774,-0.8216330939262891,1.0
spectral_peak,A_locked_3mm_2,0.003,2.0,+body_z,3,9.500000000005265,59.69026041823915,0.1335402137672537,0.9527778304507288,38.760582981719864,1.9999999999901208,1.999999999960502,1.9999999999999978,19.752363189598817,19.752363189848868,19.75236318934877,5.927525137394696e-11,1.7782575412184087e-10,10000000.0,100.0,0.005163668209669149,0.8606113682781915,1.1619646647251252,0.045238934211693026,2.700323764139545,0.2387610416729566,0.3128708902590167,-1.1619646647251252,0.9972917916993774
spectral_peak,A_locked_3mm_2,0.003,2.0,+body_z,3,9.500000000005265,59.69026041823915,0.1335402137672537,0.9527778304507288,38.760582981719864,1.9999999999901208,1.999999999960502,1.9999999999999978,19.752363189598817,19.752363189848868,19.75236318934877,5.927525137394696e-11,1.7782575412184087e-10,10000000.0,500.0,0.002309262626014971,0.3848771043358285,2.5982319777781315,0.2261946710584651,13.501618820697724,0.2387610416729566,0.07440501170554373,-2.5982319777781315,0.76725215049473
spectral_peak,A_locked_3mm_2,0.003,2.0,-body_z,1,3.2500000000018012,20.420352248344972,0.46432754949959415,0.46432754949959415,38.999765492205356,1.9999999999901208,1.999999999960502,1.9999999999999978,19.752363189598817,19.752363189848868,19.75236318934877,5.927525137394696e-11,1.7782575412184087e-10,1000000.0,10.0,0.08828327816326506,14.71387969387751,0.0679630403948527,0.0004523893421169302,0.009237949719424758,0.08168140899337989,0.9342950041135353,-0.0679630403948527,1.0
spectral_peak,A_locked_3mm_2,0.003,2.0,-body_z,1,3.2500000000018012,20.420352248344972,0.46432754949959415,0.46432754949959415,38.999765492205356,1.9999999999901208,1.999999999960502,1.9999999999999978,19.752363189598817,19.752363189848868,19.75236318934877,5.927525137394696e-11,1.7782575412184087e-10,1000000.0,50.0,0.03948148224991669,6.580247041652782,0.15196997828045478,0.0022619467105846514,0.0461897485971238,0.08168140899337989,0.859014069433489,-0.15196997828045478,1.0
spectral_peak,A_locked_3mm_2,0.003,2.0,-body_z,1,3.2500000000018012,20.420352248344972,0.46432754949959415,0.46432754949959415,38.999765492205356,1.9999999999901208,1.999999999960502,1.9999999999999978,19.752363189598817,19.752363189848868,19.75236318934877,5.927525137394696e-11,1.7782575412184087e-10,1000000.0,100.0,0.027917623830212398,4.652937305035399,0.21491800435776384,0.004523893421169303,0.0923794971942476,0.08168140899337989,0.8066075757720825,-0.21491800435776384,1.0
spectral_peak,A_locked_3mm_2,0.003,2.0,-body_z,1,3.2500000000018012,20.420352248344972,0.46432754949959415,0.46432754949959415,38.999765492205356,1.9999999999901208,1.999999999960502,1.9999999999999978,19.752363189598817,19.752363189848868,19.75236318934877,5.927525137394696e-11,1.7782575412184087e-10,1000000.0,500.0,0.012485140930924595,2.080856821820766,0.48057126733255595,0.022619467105846513,0.461897485971238,0.08168140899337989,0.6184300020181053,-0.48057126733255595,1.0
spectral_peak,A_locked_3mm_2,0.003,2.0,-body_z,1,3.2500000000018012,20.420352248344972,0.46432754949959415,0.46432754949959415,38.999765492205356,1.9999999999901208,1.999999999960502,1.9999999999999978,19.752363189598817,19.752363189848868,19.75236318934877,5.927525137394696e-11,1.7782575412184087e-10,3000000.0,10.0,0.05097037441250369,8.495062402083947,0.11771543900074084,0.0013571680263507906,0.027713849158274278,0.08168140899337989,0.8889489768358649,-0.11771543900074084,1.0
spectral_peak,A_locked_3mm_2,0.003,2.0,-body_z,1,3.2500000000018012,20.420352248344972,0.46432754949959415,0.46432754949959415,38.999765492205356,1.9999999999901208,1.999999999960502,1.9999999999999978,19.752363189598817,19.752363189848868,19.75236318934877,5.927525137394696e-11,1.7782575412184087e-10,3000000.0,50.0,0.022794644404994832,3.799107400832472,0.26321972360688645,0.006785840131753954,0.1385692457913714,0.08168140899337989,0.7685730051241981,-0.26321972360688645,1.0
spectral_peak,A_locked_3mm_2,0.003,2.0,-body_z,1,3.2500000000018012,20.420352248344972,0.46432754949959415,0.46432754949959415,38.999765492205356,1.9999999999901208,1.999999999960502,1.9999999999999978,19.752363189598817,19.752363189848868,19.75236318934877,5.927525137394696e-11,1.7782575412184087e-10,3000000.0,100.0,0.016118247633507842,2.6863746055846405,0.3722489030089563,0.013571680263507907,0.2771384915827428,0.08168140899337989,0.6891826815309308,-0.3722489030089563,1.0
spectral_peak,A_locked_3mm_2,0.003,2.0,-body_z,1,3.2500000000018012,20.420352248344972,0.46432754949959415,0.46432754949959415,38.999765492205356,1.9999999999901208,1.999999999960502,1.9999999999999978,19.752363189598817,19.752363189848868,19.75236318934877,5.927525137394696e-11,1.7782575412184087e-10,3000000.0,500.0,0.00720829947733973,1.2013832462232883,0.8323738516777524,0.06785840131753954,1.385692457913714,0.08168140899337989,0.435015397626337,-0.8323738516777524,1.0
spectral_peak,A_locked_3mm_2,0.003,2.0,-body_z,1,3.2500000000018012,20.420352248344972,0.46432754949959415,0.46432754949959415,38.999765492205356,1.9999999999901208,1.999999999960502,1.9999999999999978,19.752363189598817,19.752363189848868,19.75236318934877,5.927525137394696e-11,1.7782575412184087e-10,6000000.0,10.0,0.036041497386698644,6.00691623111644,0.1664747703355505,0.0027143360527015813,0.055427698316548556,0.08168140899337989,0.8466441772144814,-0.1664747703355505,1.0
spectral_peak,A_locked_3mm_2,0.003,2.0,-body_z,1,3.2500000000018012,20.420352248344972,0.46432754949959415,0.46432754949959415,38.999765492205356,1.9999999999901208,1.999999999960502,1.9999999999999978,19.752363189598817,19.752363189848868,19.75236318934877,5.927525137394696e-11,1.7782575412184087e-10,6000000.0,50.0,0.016118247633507842,2.6863746055846405,0.3722489030089563,0.013571680263507907,0.2771384915827428,0.08168140899337989,0.6891826815309308,-0.3722489030089563,1.0
spectral_peak,A_locked_3mm_2,0.003,2.0,-body_z,1,3.2500000000018012,20.420352248344972,0.46432754949959415,0.46432754949959415,38.999765492205356,1.9999999999901208,1.999999999960502,1.9999999999999978,19.752363189598817,19.752363189848868,19.75236318934877,5.927525137394696e-11,1.7782575412184087e-10,6000000.0,100.0,0.011397322202497416,1.899553700416236,0.5264394472137729,0.027143360527015815,0.5542769831654856,0.08168140899337989,0.5907044642056406,-0.5264394472137729,1.0
spectral_peak,A_locked_3mm_2,0.003,2.0,-body_z,1,3.2500000000018012,20.420352248344972,0.46432754949959415,0.46432754949959415,38.999765492205356,1.9999999999901208,1.999999999960502,1.9999999999999978,19.752363189598817,19.752363189848868,19.75236318934877,5.927525137394696e-11,1.7782575412184087e-10,6000000.0,500.0,0.005097037441250369,0.8495062402083948,1.1771543900074084,0.13571680263507907,2.771384915827428,0.08168140899337989,0.3081543793253282,-1.1771543900074084,0.9965915613842593
spectral_peak,A_locked_3mm_2,0.003,2.0,-body_z,1,3.2500000000018012,20.420352248344972,0.46432754949959415,0.46432754949959415,38.999765492205356,1.9999999999901208,1.999999999960502,1.9999999999999978,19.752363189598817,19.752363189848868,19.75236318934877,5.927525137394696e-11,1.7782575412184087e-10,10000000.0,10.0,0.027917623830212398,4.652937305035399,0.21491800435776384,0.004523893421169303,0.0923794971942476,0.08168140899337989,0.8066075757720825,-0.21491800435776384,1.0
spectral_peak,A_locked_3mm_2,0.003,2.0,-body_z,1,3.2500000000018012,20.420352248344972,0.46432754949959415,0.46432754949959415,38.999765492205356,1.9999999999901208,1.999999999960502,1.9999999999999978,19.752363189598817,19.752363189848868,19.75236318934877,5.927525137394696e-11,1.7782575412184087e-10,10000000.0,50.0,0.012485140930924595,2.080856821820766,0.48057126733255595,0.022619467105846513,0.461897485971238,0.08168140899337989,0.6184300020181053,-0.48057126733255595,1.0
spectral_peak,A_locked_3mm_2,0.003,2.0,-body_z,1,3.2500000000018012,20.420352248344972,0.46432754949959415,0.46432754949959415,38.999765492205356,1.9999999999901208,1.999999999960502,1.9999999999999978,19.752363189598817,19.752363189848868,19.75236318934877,5.927525137394696e-11,1.7782575412184087e-10,10000000.0,100.0,0.008828327816326505,1.4713879693877507,0.679630403948527,0.045238934211693026,0.923794971942476,0.08168140899337989,0.5068042706120954,-0.679630403948527,1.0
spectral_peak,A_locked_3mm_2,0.003,2.0,-body_z,1,3.2500000000018012,20.420352248344972,0.46432754949959415,0.46432754949959415,38.999765492205356,1.9999999999901208,1.999999999960502,1.9999999999999978,19.752363189598817,19.752363189848868,19.75236318934877,5.927525137394696e-11,1.7782575412184087e-10,10000000.0,500.0,0.003948148224991669,0.6580247041652781,1.5196997828045478,0.2261946710584651,4.618974859712379,0.08168140899337989,0.21877755787880507,-1.5196997828045478,0.9600069798678144
spectral_peak,A_locked_3mm_2,0.003,2.0,-body_z,2,6.250000000003464,39.26990816989418,0.3513142745409536,0.8156418240405477,38.999765492205356,1.9999999999901208,1.999999999960502,1.9999999999999978,19.752363189598817,19.752363189848868,19.75236318934877,5.927525137394696e-11,1.7782575412184087e-10,1000000.0,10.0,0.0636619772367405,10.61032953945675,0.0942477796077199,0.0004523893421169302,0.017765287921970692,0.15707963267957673,0.910057240676001,-0.0942477796077199,1.0
spectral_peak,A_locked_3mm_2,0.003,2.0,-body_z,2,6.250000000003464,39.26990816989418,0.3513142745409536,0.8156418240405477,38.999765492205356,1.9999999999901208,1.999999999960502,1.9999999999999978,19.752363189598817,19.752363189848868,19.75236318934877,5.927525137394696e-11,1.7782575412184087e-10,1000000.0,50.0,0.028470501736679196,4.745083622779866,0.21074444193128017,0.0022619467105846514,0.08882643960985347,0.15707963267957673,0.809981037623303,-0.21074444193128017,1.0
spectral_peak,A_locked_3mm_2,0.003,2.0,-body_z,2,6.250000000003464,39.26990816989418,0.3513142745409536,0.8156418240405477,38.999765492205356,1.9999999999901208,1.999999999960502,1.9999999999999978,19.752363189598817,19.752363189848868,19.75236318934877,5.927525137394696e-11,1.7782575412184087e-10,1000000.0,100.0,0.020131684841789236,3.3552808069648727,0.29803764797396565,0.004523893421169303,0.17765287921970693,0.15707963267957673,0.7422733941323121,-0.29803764797396565,1.0
spectral_peak,A_locked_3mm_2,0.003,2.0,-body_z,2,6.250000000003464,39.26990816989418,0.3513142745409536,0.8156418240405477,38.999765492205356,1.9999999999901208,1.999999999960502,1.9999999999999978,19.752363189598817,19.752363189848868,19.75236318934877,5.927525137394696e-11,1.7782575412184087e-10,1000000.0,500.0,0.009003163161568567,1.5005271935947613,0.6664324407239395,0.022619467105846513,0.8882643960985346,0.15707963267957673,0.513537388725901,-0.6664324407239395,1.0
spectral_peak,A_locked_3mm_2,0.003,2.0,-body_z,2,6.250000000003464,39.26990816989418,0.3513142745409536,0.8156418240405477,38.999765492205356,1.9999999999901208,1.999999999960502,1.9999999999999978,19.752363189598817,19.752363189848868,19.75236318934877,5.927525137394696e-11,1.7782575412184087e-10,3000000.0,10.0,0.03675525969477595,6.125876615795992,0.16324194278112486,0.0013571680263507906,0.053295863765912076,0.15707963267957673,0.8493856608236071,-0.16324194278112486,1.0
spectral_peak,A_locked_3mm_2,0.003,2.0,-body_z,2,6.250000000003464,39.26990816989418,0.3513142745409536,0.8156418240405477,38.999765492205356,1.9999999999901208,1.999999999960502,1.9999999999999978,19.752363189598817,19.752363189848868,19.75236318934877,5.927525137394696e-11,1.7782575412184087e-10,3000000.0,50.0,0.01643745184163544,2.73957530693924,0.3650200808377262,0.006785840131753954,0.2664793188295604,0.15707963267957673,0.6941827109676455,-0.3650200808377262,1.0
spectral_peak,A_locked_3mm_2,0.003,2.0,-body_z,2,6.250000000003464,39.26990816989418,0.3513142745409536,0.8156418240405477,38.999765492205356,1.9999999999901208,1.999999999960502,1.9999999999999978,19.752363189598817,19.752363189848868,19.75236318934877,5.927525137394696e-11,1.7782575412184087e-10,3000000.0,100.0,0.011623033662647723,1.9371722771079538,0.516216348859236,0.013571680263507907,0.5329586376591208,0.15707963267957673,0.596774267274849,-0.516216348859236,1.0
spectral_peak,A_locked_3mm_2,0.003,2.0,-body_z,2,6.250000000003464,39.26990816989418,0.3513142745409536,0.8156418240405477,38.999765492205356,1.9999999999901208,1.999999999960502,1.9999999999999978,19.752363189598817,19.752363189848868,19.75236318934877,5.927525137394696e-11,1.7782575412184087e-10,3000000.0,500.0,0.005197978674889734,0.866329779148289,1.1542948471459975,0.06785840131753954,2.664793188295604,0.15707963267957673,0.31527977897284154,-1.1542948471459975,0.9976116168598017
spectral_peak,A_locked_3mm_2,0.003,2.0,-body_z,2,6.250000000003464,39.26990816989418,0.3513142745409536,0.8156418240405477,38.999765492205356,1.9999999999901208,1.999999999960502,1.9999999999999978,19.752363189598817,19.752363189848868,19.75236318934877,5.927525137394696e-11,1.7782575412184087e-10,6000000.0,10.0,0.025989893374448667,4.331648895741444,0.23085896942919953,0.0027143360527015813,0.10659172753182415,0.15707963267957673,0.7938514154591646,-0.23085896942919953,1.0
spectral_peak,A_locked_3mm_2,0.003,2.0,-body_z,2,6.250000000003464,39.26990816989418,0.3513142745409536,0.8156418240405477,38.999765492205356,1.9999999999901208,1.999999999960502,1.9999999999999978,19.752363189598817,19.752363189848868,19.75236318934877,5.927525137394696e-11,1.7782575412184087e-10,6000000.0,50.0,0.011623033662647723,1.9371722771079538,0.516216348859236,0.013571680263507907,0.5329586376591208,0.15707963267957673,0.596774267274849,-0.516216348859236,1.0
spectral_peak,A_locked_3mm_2,0.003,2.0,-body_z,2,6.250000000003464,39.26990816989418,0.3513142745409536,0.8156418240405477,38.999765492205356,1.9999999999901208,1.999999999960502,1.9999999999999978,19.752363189598817,19.752363189848868,19.75236318934877,5.927525137394696e-11,1.7782575412184087e-10,6000000.0,100.0,0.00821872592081772,1.36978765346962,0.7300401616754524,0.027143360527015815,1.0659172753182415,0.15707963267957673,0.48188963620638964,-0.7300401616754524,1.0
spectral_peak,A_locked_3mm_2,0.003,2.0,-body_z,2,6.250000000003464,39.26990816989418,0.3513142745409536,0.8156418240405477,38.999765492205356,1.9999999999901208,1.999999999960502,1.9999999999999978,19.752363189598817,19.752363189848868,19.75236318934877,5.927525137394696e-11,1.7782575412184087e-10,6000000.0,500.0,0.0036755259694775952,0.6125876615795992,1.6324194278112485,0.13571680263507907,5.329586376591208,0.15707963267957673,0.1954561096537348,-1.6324194278112485,0.9418539329945664
spectral_peak,A_locked_3mm_2,0.003,2.0,-body_z,2,6.250000000003464,39.26990816989418,0.3513142745409536,0.8156418240405477,38.999765492205356,1.9999999999901208,1.999999999960502,1.9999999999999978,19.752363189598817,19.752363189848868,19.75236318934877,5.927525137394696e-11,1.7782575412184087e-10,10000000.0,10.0,0.020131684841789236,3.3552808069648727,0.29803764797396565,0.004523893421169303,0.17765287921970693,0.15707963267957673,0.7422733941323121,-0.29803764797396565,1.0
spectral_peak,A_locked_3mm_2,0.003,2.0,-body_z,2,6.250000000003464,39.26990816989418,0.3513142745409536,0.8156418240405477,38.999765492205356,1.9999999999901208,1.999999999960502,1.9999999999999978,19.752363189598817,19.752363189848868,19.75236318934877,5.927525137394696e-11,1.7782575412184087e-10,10000000.0,50.0,0.009003163161568567,1.5005271935947613,0.6664324407239395,0.022619467105846513,0.8882643960985346,0.15707963267957673,0.513537388725901,-0.6664324407239395,1.0
spectral_peak,A_locked_3mm_2,0.003,2.0,-body_z,2,6.250000000003464,39.26990816989418,0.3513142745409536,0.8156418240405477,38.999765492205356,1.9999999999901208,1.999999999960502,1.9999999999999978,19.752363189598817,19.752363189848868,19.75236318934877,5.927525137394696e-11,1.7782575412184087e-10,10000000.0,100.0,0.00636619772367405,1.0610329539456749,0.9424777960771991,0.045238934211693026,1.7765287921970692,0.15707963267957673,0.38966113737524505,-0.9424777960771991,1.0
spectral_peak,A_locked_3mm_2,0.003,2.0,-body_z,2,6.250000000003464,39.26990816989418,0.3513142745409536,0.8156418240405477,38.999765492205356,1.9999999999901208,1.999999999960502,1.9999999999999978,19.752363189598817,19.752363189848868,19.75236318934877,5.927525137394696e-11,1.7782575412184087e-10,10000000.0,500.0,0.0028470501736679193,0.47450836227798654,2.107444419312802,0.2261946710584651,8.882643960985346,0.15707963267957673,0.12154819607855662,-2.107444419312802,0.8548899712502293
spectral_peak,A_locked_3mm_2,0.003,2.0,-body_z,3,9.500000000005265,59.69026041823915,0.1364420977984132,0.952083921838961,38.999765492205356,1.9999999999901208,1.999999999960502,1.9999999999999978,19.752363189598817,19.752363189848868,19.75236318934877,5.927525137394696e-11,1.7782575412184087e-10,1000000.0,10.0,0.05163668209669149,8.606113682781915,0.11619646647251251,0.0004523893421169302,0.027003237641395447,0.2387610416729566,0.890300291956126,-0.11619646647251251,1.0
spectral_peak,A_locked_3mm_2,0.003,2.0,-body_z,3,9.500000000005265,59.69026041823915,0.1364420977984132,0.952083921838961,38.999765492205356,1.9999999999901208,1.999999999960502,1.9999999999999978,19.752363189598817,19.752363189848868,19.75236318934877,5.927525137394696e-11,1.7782575412184087e-10,1000000.0,50.0,0.02309262626014971,3.8487710433582847,0.25982319777781315,0.0022619467105846514,0.13501618820697725,0.2387610416729566,0.771187921489228,-0.25982319777781315,1.0
spectral_peak,A_locked_3mm_2,0.003,2.0,-body_z,3,9.500000000005265,59.69026041823915,0.1364420977984132,0.952083921838961,38.999765492205356,1.9999999999901208,1.999999999960502,1.9999999999999978,19.752363189598817,19.752363189848868,19.75236318934877,5.927525137394696e-11,1.7782575412184087e-10,1000000.0,100.0,0.0163289526239584,2.7214921039930666,0.36744549011653044,0.004523893421169303,0.2700323764139545,0.2387610416729566,0.692501073932681,-0.36744549011653044,1.0
spectral_peak,A_locked_3mm_2,0.003,2.0,-body_z,3,9.500000000005265,59.69026041823915,0.1364420977984132,0.952083921838961,38.999765492205356,1.9999999999901208,1.999999999960502,1.9999999999999978,19.752363189598817,19.752363189848868,19.75236318934877,5.927525137394696e-11,1.7782575412184087e-10,1000000.0,500.0,0.0073025296137089095,1.2170882689514848,0.8216330939262891,0.022619467105846513,1.3501618820697725,0.2387610416729566,0.4397129752411774,-0.8216330939262891,1.0
spectral_peak,A_locked_3mm_2,0.003,2.0,-body_z,3,9.500000000005265,59.69026041823915,0.1364420977984132,0.952083921838961,38.999765492205356,1.9999999999901208,1.999999999960502,1.9999999999999978,19.752363189598817,19.752363189848868,19.75236318934877,5.927525137394696e-11,1.7782575412184087e-10,3000000.0,10.0,0.029812452308583964,4.96874205143066,0.20125818359036526,0.0013571680263507906,0.08100971292418635,0.2387610416729566,0.8177012872438474,-0.20125818359036526,1.0
spectral_peak,A_locked_3mm_2,0.003,2.0,-body_z,3,9.500000000005265,59.69026041823915,0.1364420977984132,0.952083921838961,38.999765492205356,1.9999999999901208,1.999999999960502,1.9999999999999978,19.752363189598817,19.752363189848868,19.75236318934877,5.927525137394696e-11,1.7782575412184087e-10,3000000.0,50.0,0.013332533987592855,2.2220889979321425,0.4500269795361894,0.006785840131753954,0.40504856462093175,0.2387610416729566,0.6376109489420424,-0.4500269795361894,1.0
spectral_peak,A_locked_3mm_2,0.003,2.0,-body_z,3,9.500000000005265,59.69026041823915,0.1364420977984132,0.952083921838961,38.999765492205356,1.9999999999901208,1.999999999960502,1.9999999999999978,19.752363189598817,19.752363189848868,19.75236318934877,5.927525137394696e-11,1.7782575412184087e-10,3000000.0,100.0,0.00942752519302703,1.5712541988378381,0.6364342578938784,0.013571680263507907,0.8100971292418635,0.2387610416729566,0.5291759689637174,-0.6364342578938784,1.0
spectral_peak,A_locked_3mm_2,0.003,2.0,-body_z,3,9.500000000005265,59.69026041823915,0.1364420977984132,0.952083921838961,38.999765492205356,1.9999999999901208,1.999999999960502,1.9999999999999978,19.752363189598817,19.752363189848868,19.75236318934877,5.927525137394696e-11,1.7782575412184087e-10,3000000.0,500.0,0.004216117438240053,0.7026862397066754,1.4231102638603441,0.06785840131753954,4.050485646209317,0.2387610416729566,0.24096339045400592,-1.4231102638603441,0.9737188098090103
spectral_peak,A_locked_3mm_2,0.003,2.0,-body_z,3,9.500000000005265,59.69026041823915,0.1364420977984132,0.952083921838961,38.999765492205356,1.9999999999901208,1.999999999960502,1.9999999999999978,19.752363189598817,19.752363189848868,19.75236318934877,5.927525137394696e-11,1.7782575412184087e-10,6000000.0,10.0,0.021080587191200265,3.5134311985333775,0.2846220527720688,0.0027143360527015813,0.1620194258483727,0.2387610416729566,0.752298529739337,-0.2846220527720688,1.0
spectral_peak,A_locked_3mm_2,0.003,2.0,-body_z,3,9.500000000005265,59.69026041823915,0.1364420977984132,0.952083921838961,38.999765492205356,1.9999999999901208,1.999999999960502,1.9999999999999978,19.752363189598817,19.752363189848868,19.75236318934877,5.927525137394696e-11,1.7782575412184087e-10,6000000.0,50.0,0.00942752519302703,1.5712541988378381,0.6364342578938784,0.013571680263507907,0.8100971292418635,0.2387610416729566,0.5291759689637174,-0.6364342578938784,1.0
spectral_peak,A_locked_3mm_2,0.003,2.0,-body_z,3,9.500000000005265,59.69026041823915,0.1364420977984132,0.952083921838961,38.999765492205356,1.9999999999901208,1.999999999960502,1.9999999999999978,19.752363189598817,19.752363189848868,19.75236318934877,5.927525137394696e-11,1.7782575412184087e-10,6000000.0,100.0,0.006666266993796428,1.1110444989660713,0.9000539590723788,0.027143360527015815,1.620194258483727,0.2387610416729566,0.40654772221077184,-0.9000539590723788,1.0
spectral_peak,A_locked_3mm_2,0.003,2.0,-body_z,3,9.500000000005265,59.69026041823915,0.1364420977984132,0.952083921838961,38.999765492205356,1.9999999999901208,1.999999999960502,1.9999999999999978,19.752363189598817,19.752363189848868,19.75236318934877,5.927525137394696e-11,1.7782575412184087e-10,6000000.0,500.0,0.0029812452308583966,0.49687420514306607,2.0125818359036525,0.13571680263507907,8.100971292418635,0.2387610416729566,0.13364318408976933,-2.0125818359036525,0.8726409674261972
spectral_peak,A_locked_3mm_2,0.003,2.0,-body_z,3,9.500000000005265,59.69026041823915,0.1364420977984132,0.952083921838961,38.999765492205356,1.9999999999901208,1.999999999960502,1.9999999999999978,19.752363189598817,19.752363189848868,19.75236318934877,5.927525137394696e-11,1.7782575412184087e-10,10000000.0,10.0,0.0163289526239584,2.7214921039930666,0.36744549011653044,0.004523893421169303,0.2700323764139545,0.2387610416729566,0.692501073932681,-0.36744549011653044,1.0
spectral_peak,A_locked_3mm_2,0.003,2.0,-body_z,3,9.500000000005265,59.69026041823915,0.1364420977984132,0.952083921838961,38.999765492205356,1.9999999999901208,1.999999999960502,1.9999999999999978,19.752363189598817,19.752363189848868,19.75236318934877,5.927525137394696e-11,1.7782575412184087e-10,10000000.0,50.0,0.0073025296137089095,1.2170882689514848,0.8216330939262891,0.022619467105846513,1.3501618820697725,0.2387610416729566,0.4397129752411774,-0.8216330939262891,1.0
spectral_peak,A_locked_3mm_2,0.003,2.0,-body_z,3,9.500000000005265,59.69026041823915,0.1364420977984132,0.952083921838961,38.999765492205356,1.9999999999901208,1.999999999960502,1.9999999999999978,19.752363189598817,19.752363189848868,19.75236318934877,5.927525137394696e-11,1.7782575412184087e-10,10000000.0,100.0,0.005163668209669149,0.8606113682781915,1.1619646647251252,0.045238934211693026,2.700323764139545,0.2387610416729566,0.3128708902590167,-1.1619646647251252,0.9972917916993774
spectral_peak,A_locked_3mm_2,0.003,2.0,-body_z,3,9.500000000005265,59.69026041823915,0.1364420977984132,0.952083921838961,38.999765492205356,1.9999999999901208,1.999999999960502,1.9999999999999978,19.752363189598817,19.752363189848868,19.75236318934877,5.927525137394696e-11,1.7782575412184087e-10,10000000.0,500.0,0.002309262626014971,0.3848771043358285,2.5982319777781315,0.2261946710584651,13.501618820697724,0.2387610416729566,0.07440501170554373,-2.5982319777781315,0.76725215049473
spectral_peak,A_locked_3mm_2,0.003,2.0,inner_xyz,1,3.2500000000018012,20.420352248344972,0.8914147245198282,0.8914147245198282,22.88023226189271,1.9999999999901208,1.999999999960502,1.9999999999999978,19.752363189598817,19.752363189848868,19.75236318934877,5.927525137394696e-11,1.7782575412184087e-10,1000000.0,10.0,0.08828327816326506,14.71387969387751,0.0679630403948527,0.0004523893421169302,0.009237949719424758,0.08168140899337989,0.9342950041135353,-0.0679630403948527,1.0
spectral_peak,A_locked_3mm_2,0.003,2.0,inner_xyz,1,3.2500000000018012,20.420352248344972,0.8914147245198282,0.8914147245198282,22.88023226189271,1.9999999999901208,1.999999999960502,1.9999999999999978,19.752363189598817,19.752363189848868,19.75236318934877,5.927525137394696e-11,1.7782575412184087e-10,1000000.0,50.0,0.03948148224991669,6.580247041652782,0.15196997828045478,0.0022619467105846514,0.0461897485971238,0.08168140899337989,0.859014069433489,-0.15196997828045478,1.0
spectral_peak,A_locked_3mm_2,0.003,2.0,inner_xyz,1,3.2500000000018012,20.420352248344972,0.8914147245198282,0.8914147245198282,22.88023226189271,1.9999999999901208,1.999999999960502,1.9999999999999978,19.752363189598817,19.752363189848868,19.75236318934877,5.927525137394696e-11,1.7782575412184087e-10,1000000.0,100.0,0.027917623830212398,4.652937305035399,0.21491800435776384,0.004523893421169303,0.0923794971942476,0.08168140899337989,0.8066075757720825,-0.21491800435776384,1.0
spectral_peak,A_locked_3mm_2,0.003,2.0,inner_xyz,1,3.2500000000018012,20.420352248344972,0.8914147245198282,0.8914147245198282,22.88023226189271,1.9999999999901208,1.999999999960502,1.9999999999999978,19.752363189598817,19.752363189848868,19.75236318934877,5.927525137394696e-11,1.7782575412184087e-10,1000000.0,500.0,0.012485140930924595,2.080856821820766,0.48057126733255595,0.022619467105846513,0.461897485971238,0.08168140899337989,0.6184300020181053,-0.48057126733255595,1.0
spectral_peak,A_locked_3mm_2,0.003,2.0,inner_xyz,1,3.2500000000018012,20.420352248344972,0.8914147245198282,0.8914147245198282,22.88023226189271,1.9999999999901208,1.999999999960502,1.9999999999999978,19.752363189598817,19.752363189848868,19.75236318934877,5.927525137394696e-11,1.7782575412184087e-10,3000000.0,10.0,0.05097037441250369,8.495062402083947,0.11771543900074084,0.0013571680263507906,0.027713849158274278,0.08168140899337989,0.8889489768358649,-0.11771543900074084,1.0
spectral_peak,A_locked_3mm_2,0.003,2.0,inner_xyz,1,3.2500000000018012,20.420352248344972,0.8914147245198282,0.8914147245198282,22.88023226189271,1.9999999999901208,1.999999999960502,1.9999999999999978,19.752363189598817,19.752363189848868,19.75236318934877,5.927525137394696e-11,1.7782575412184087e-10,3000000.0,50.0,0.022794644404994832,3.799107400832472,0.26321972360688645,0.006785840131753954,0.1385692457913714,0.08168140899337989,0.7685730051241981,-0.26321972360688645,1.0
spectral_peak,A_locked_3mm_2,0.003,2.0,inner_xyz,1,3.2500000000018012,20.420352248344972,0.8914147245198282,0.8914147245198282,22.88023226189271,1.9999999999901208,1.999999999960502,1.9999999999999978,19.752363189598817,19.752363189848868,19.75236318934877,5.927525137394696e-11,1.7782575412184087e-10,3000000.0,100.0,0.016118247633507842,2.6863746055846405,0.3722489030089563,0.013571680263507907,0.2771384915827428,0.08168140899337989,0.6891826815309308,-0.3722489030089563,1.0
spectral_peak,A_locked_3mm_2,0.003,2.0,inner_xyz,1,3.2500000000018012,20.420352248344972,0.8914147245198282,0.8914147245198282,22.88023226189271,1.9999999999901208,1.999999999960502,1.9999999999999978,19.752363189598817,19.752363189848868,19.75236318934877,5.927525137394696e-11,1.7782575412184087e-10,3000000.0,500.0,0.00720829947733973,1.2013832462232883,0.8323738516777524,0.06785840131753954,1.385692457913714,0.08168140899337989,0.435015397626337,-0.8323738516777524,1.0
spectral_peak,A_locked_3mm_2,0.003,2.0,inner_xyz,1,3.2500000000018012,20.420352248344972,0.8914147245198282,0.8914147245198282,22.88023226189271,1.9999999999901208,1.999999999960502,1.9999999999999978,19.752363189598817,19.752363189848868,19.75236318934877,5.927525137394696e-11,1.7782575412184087e-10,6000000.0,10.0,0.036041497386698644,6.00691623111644,0.1664747703355505,0.0027143360527015813,0.055427698316548556,0.08168140899337989,0.8466441772144814,-0.1664747703355505,1.0
spectral_peak,A_locked_3mm_2,0.003,2.0,inner_xyz,1,3.2500000000018012,20.420352248344972,0.8914147245198282,0.8914147245198282,22.88023226189271,1.9999999999901208,1.999999999960502,1.9999999999999978,19.752363189598817,19.752363189848868,19.75236318934877,5.927525137394696e-11,1.7782575412184087e-10,6000000.0,50.0,0.016118247633507842,2.6863746055846405,0.3722489030089563,0.013571680263507907,0.2771384915827428,0.08168140899337989,0.6891826815309308,-0.3722489030089563,1.0
spectral_peak,A_locked_3mm_2,0.003,2.0,inner_xyz,1,3.2500000000018012,20.420352248344972,0.8914147245198282,0.8914147245198282,22.88023226189271,1.9999999999901208,1.999999999960502,1.9999999999999978,19.752363189598817,19.752363189848868,19.75236318934877,5.927525137394696e-11,1.7782575412184087e-10,6000000.0,100.0,0.011397322202497416,1.899553700416236,0.5264394472137729,0.027143360527015815,0.5542769831654856,0.08168140899337989,0.5907044642056406,-0.5264394472137729,1.0
spectral_peak,A_locked_3mm_2,0.003,2.0,inner_xyz,1,3.2500000000018012,20.420352248344972,0.8914147245198282,0.8914147245198282,22.88023226189271,1.9999999999901208,1.999999999960502,1.9999999999999978,19.752363189598817,19.752363189848868,19.75236318934877,5.927525137394696e-11,1.7782575412184087e-10,6000000.0,500.0,0.005097037441250369,0.8495062402083948,1.1771543900074084,0.13571680263507907,2.771384915827428,0.08168140899337989,0.3081543793253282,-1.1771543900074084,0.9965915613842593
spectral_peak,A_locked_3mm_2,0.003,2.0,inner_xyz,1,3.2500000000018012,20.420352248344972,0.8914147245198282,0.8914147245198282,22.88023226189271,1.9999999999901208,1.999999999960502,1.9999999999999978,19.752363189598817,19.752363189848868,19.75236318934877,5.927525137394696e-11,1.7782575412184087e-10,10000000.0,10.0,0.027917623830212398,4.652937305035399,0.21491800435776384,0.004523893421169303,0.0923794971942476,0.08168140899337989,0.8066075757720825,-0.21491800435776384,1.0
spectral_peak,A_locked_3mm_2,0.003,2.0,inner_xyz,1,3.2500000000018012,20.420352248344972,0.8914147245198282,0.8914147245198282,22.88023226189271,1.9999999999901208,1.999999999960502,1.9999999999999978,19.752363189598817,19.752363189848868,19.75236318934877,5.927525137394696e-11,1.7782575412184087e-10,10000000.0,50.0,0.012485140930924595,2.080856821820766,0.48057126733255595,0.022619467105846513,0.461897485971238,0.08168140899337989,0.6184300020181053,-0.48057126733255595,1.0
spectral_peak,A_locked_3mm_2,0.003,2.0,inner_xyz,1,3.2500000000018012,20.420352248344972,0.8914147245198282,0.8914147245198282,22.88023226189271,1.9999999999901208,1.999999999960502,1.9999999999999978,19.752363189598817,19.752363189848868,19.75236318934877,5.927525137394696e-11,1.7782575412184087e-10,10000000.0,100.0,0.008828327816326505,1.4713879693877507,0.679630403948527,0.045238934211693026,0.923794971942476,0.08168140899337989,0.5068042706120954,-0.679630403948527,1.0
spectral_peak,A_locked_3mm_2,0.003,2.0,inner_xyz,1,3.2500000000018012,20.420352248344972,0.8914147245198282,0.8914147245198282,22.88023226189271,1.9999999999901208,1.999999999960502,1.9999999999999978,19.752363189598817,19.752363189848868,19.75236318934877,5.927525137394696e-11,1.7782575412184087e-10,10000000.0,500.0,0.003948148224991669,0.6580247041652781,1.5196997828045478,0.2261946710584651,4.618974859712379,0.08168140899337989,0.21877755787880507,-1.5196997828045478,0.9600069798678144
spectral_peak,A_locked_3mm_2,0.003,2.0,inner_xyz,2,6.250000000003464,39.26990816989418,0.095284431179634,0.9866991556994622,22.88023226189271,1.9999999999901208,1.999999999960502,1.9999999999999978,19.752363189598817,19.752363189848868,19.75236318934877,5.927525137394696e-11,1.7782575412184087e-10,1000000.0,10.0,0.0636619772367405,10.61032953945675,0.0942477796077199,0.0004523893421169302,0.017765287921970692,0.15707963267957673,0.910057240676001,-0.0942477796077199,1.0
spectral_peak,A_locked_3mm_2,0.003,2.0,inner_xyz,2,6.250000000003464,39.26990816989418,0.095284431179634,0.9866991556994622,22.88023226189271,1.9999999999901208,1.999999999960502,1.9999999999999978,19.752363189598817,19.752363189848868,19.75236318934877,5.927525137394696e-11,1.7782575412184087e-10,1000000.0,50.0,0.028470501736679196,4.745083622779866,0.21074444193128017,0.0022619467105846514,0.08882643960985347,0.15707963267957673,0.809981037623303,-0.21074444193128017,1.0
spectral_peak,A_locked_3mm_2,0.003,2.0,inner_xyz,2,6.250000000003464,39.26990816989418,0.095284431179634,0.9866991556994622,22.88023226189271,1.9999999999901208,1.999999999960502,1.9999999999999978,19.752363189598817,19.752363189848868,19.75236318934877,5.927525137394696e-11,1.7782575412184087e-10,1000000.0,100.0,0.020131684841789236,3.3552808069648727,0.29803764797396565,0.004523893421169303,0.17765287921970693,0.15707963267957673,0.7422733941323121,-0.29803764797396565,1.0
spectral_peak,A_locked_3mm_2,0.003,2.0,inner_xyz,2,6.250000000003464,39.26990816989418,0.095284431179634,0.9866991556994622,22.88023226189271,1.9999999999901208,1.999999999960502,1.9999999999999978,19.752363189598817,19.752363189848868,19.75236318934877,5.927525137394696e-11,1.7782575412184087e-10,1000000.0,500.0,0.009003163161568567,1.5005271935947613,0.6664324407239395,0.022619467105846513,0.8882643960985346,0.15707963267957673,0.513537388725901,-0.6664324407239395,1.0
spectral_peak,A_locked_3mm_2,0.003,2.0,inner_xyz,2,6.250000000003464,39.26990816989418,0.095284431179634,0.9866991556994622,22.88023226189271,1.9999999999901208,1.999999999960502,1.9999999999999978,19.752363189598817,19.752363189848868,19.75236318934877,5.927525137394696e-11,1.7782575412184087e-10,3000000.0,10.0,0.03675525969477595,6.125876615795992,0.16324194278112486,0.0013571680263507906,0.053295863765912076,0.15707963267957673,0.8493856608236071,-0.16324194278112486,1.0
spectral_peak,A_locked_3mm_2,0.003,2.0,inner_xyz,2,6.250000000003464,39.26990816989418,0.095284431179634,0.9866991556994622,22.88023226189271,1.9999999999901208,1.999999999960502,1.9999999999999978,19.752363189598817,19.752363189848868,19.75236318934877,5.927525137394696e-11,1.7782575412184087e-10,3000000.0,50.0,0.01643745184163544,2.73957530693924,0.3650200808377262,0.006785840131753954,0.2664793188295604,0.15707963267957673,0.6941827109676455,-0.3650200808377262,1.0
spectral_peak,A_locked_3mm_2,0.003,2.0,inner_xyz,2,6.250000000003464,39.26990816989418,0.095284431179634,0.9866991556994622,22.88023226189271,1.9999999999901208,1.999999999960502,1.9999999999999978,19.752363189598817,19.752363189848868,19.75236318934877,5.927525137394696e-11,1.7782575412184087e-10,3000000.0,100.0,0.011623033662647723,1.9371722771079538,0.516216348859236,0.013571680263507907,0.5329586376591208,0.15707963267957673,0.596774267274849,-0.516216348859236,1.0
spectral_peak,A_locked_3mm_2,0.003,2.0,inner_xyz,2,6.250000000003464,39.26990816989418,0.095284431179634,0.9866991556994622,22.88023226189271,1.9999999999901208,1.999999999960502,1.9999999999999978,19.752363189598817,19.752363189848868,19.75236318934877,5.927525137394696e-11,1.7782575412184087e-10,3000000.0,500.0,0.005197978674889734,0.866329779148289,1.1542948471459975,0.06785840131753954,2.664793188295604,0.15707963267957673,0.31527977897284154,-1.1542948471459975,0.9976116168598017
spectral_peak,A_locked_3mm_2,0.003,2.0,inner_xyz,2,6.250000000003464,39.26990816989418,0.095284431179634,0.9866991556994622,22.88023226189271,1.9999999999901208,1.999999999960502,1.9999999999999978,19.752363189598817,19.752363189848868,19.75236318934877,5.927525137394696e-11,1.7782575412184087e-10,6000000.0,10.0,0.025989893374448667,4.331648895741444,0.23085896942919953,0.0027143360527015813,0.10659172753182415,0.15707963267957673,0.7938514154591646,-0.23085896942919953,1.0
spectral_peak,A_locked_3mm_2,0.003,2.0,inner_xyz,2,6.250000000003464,39.26990816989418,0.095284431179634,0.9866991556994622,22.88023226189271,1.9999999999901208,1.999999999960502,1.9999999999999978,19.752363189598817,19.752363189848868,19.75236318934877,5.927525137394696e-11,1.7782575412184087e-10,6000000.0,50.0,0.011623033662647723,1.9371722771079538,0.516216348859236,0.013571680263507907,0.5329586376591208,0.15707963267957673,0.596774267274849,-0.516216348859236,1.0
spectral_peak,A_locked_3mm_2,0.003,2.0,inner_xyz,2,6.250000000003464,39.26990816989418,0.095284431179634,0.9866991556994622,22.88023226189271,1.9999999999901208,1.999999999960502,1.9999999999999978,19.752363189598817,19.752363189848868,19.75236318934877,5.927525137394696e-11,1.7782575412184087e-10,6000000.0,100.0,0.00821872592081772,1.36978765346962,0.7300401616754524,0.027143360527015815,1.0659172753182415,0.15707963267957673,0.48188963620638964,-0.7300401616754524,1.0
spectral_peak,A_locked_3mm_2,0.003,2.0,inner_xyz,2,6.250000000003464,39.26990816989418,0.095284431179634,0.9866991556994622,22.88023226189271,1.9999999999901208,1.999999999960502,1.9999999999999978,19.752363189598817,19.752363189848868,19.75236318934877,5.927525137394696e-11,1.7782575412184087e-10,6000000.0,500.0,0.0036755259694775952,0.6125876615795992,1.6324194278112485,0.13571680263507907,5.329586376591208,0.15707963267957673,0.1954561096537348,-1.6324194278112485,0.9418539329945664
spectral_peak,A_locked_3mm_2,0.003,2.0,inner_xyz,2,6.250000000003464,39.26990816989418,0.095284431179634,0.9866991556994622,22.88023226189271,1.9999999999901208,1.999999999960502,1.9999999999999978,19.752363189598817,19.752363189848868,19.75236318934877,5.927525137394696e-11,1.7782575412184087e-10,10000000.0,10.0,0.020131684841789236,3.3552808069648727,0.29803764797396565,0.004523893421169303,0.17765287921970693,0.15707963267957673,0.7422733941323121,-0.29803764797396565,1.0
spectral_peak,A_locked_3mm_2,0.003,2.0,inner_xyz,2,6.250000000003464,39.26990816989418,0.095284431179634,0.9866991556994622,22.88023226189271,1.9999999999901208,1.999999999960502,1.9999999999999978,19.752363189598817,19.752363189848868,19.75236318934877,5.927525137394696e-11,1.7782575412184087e-10,10000000.0,50.0,0.009003163161568567,1.5005271935947613,0.6664324407239395,0.022619467105846513,0.8882643960985346,0.15707963267957673,0.513537388725901,-0.6664324407239395,1.0
spectral_peak,A_locked_3mm_2,0.003,2.0,inner_xyz,2,6.250000000003464,39.26990816989418,0.095284431179634,0.9866991556994622,22.88023226189271,1.9999999999901208,1.999999999960502,1.9999999999999978,19.752363189598817,19.752363189848868,19.75236318934877,5.927525137394696e-11,1.7782575412184087e-10,10000000.0,100.0,0.00636619772367405,1.0610329539456749,0.9424777960771991,0.045238934211693026,1.7765287921970692,0.15707963267957673,0.38966113737524505,-0.9424777960771991,1.0
spectral_peak,A_locked_3mm_2,0.003,2.0,inner_xyz,2,6.250000000003464,39.26990816989418,0.095284431179634,0.9866991556994622,22.88023226189271,1.9999999999901208,1.999999999960502,1.9999999999999978,19.752363189598817,19.752363189848868,19.75236318934877,5.927525137394696e-11,1.7782575412184087e-10,10000000.0,500.0,0.0028470501736679193,0.47450836227798654,2.107444419312802,0.2261946710584651,8.882643960985346,0.15707963267957673,0.12154819607855662,-2.107444419312802,0.8548899712502293
spectral_peak,A_locked_3mm_2,0.003,2.0,inner_xyz,3,9.500000000005265,59.69026041823915,0.004829799409862678,0.9915289551093249,22.88023226189271,1.9999999999901208,1.999999999960502,1.9999999999999978,19.752363189598817,19.752363189848868,19.75236318934877,5.927525137394696e-11,1.7782575412184087e-10,1000000.0,10.0,0.05163668209669149,8.606113682781915,0.11619646647251251,0.0004523893421169302,0.027003237641395447,0.2387610416729566,0.890300291956126,-0.11619646647251251,1.0
spectral_peak,A_locked_3mm_2,0.003,2.0,inner_xyz,3,9.500000000005265,59.69026041823915,0.004829799409862678,0.9915289551093249,22.88023226189271,1.9999999999901208,1.999999999960502,1.9999999999999978,19.752363189598817,19.752363189848868,19.75236318934877,5.927525137394696e-11,1.7782575412184087e-10,1000000.0,50.0,0.02309262626014971,3.8487710433582847,0.25982319777781315,0.0022619467105846514,0.13501618820697725,0.2387610416729566,0.771187921489228,-0.25982319777781315,1.0
spectral_peak,A_locked_3mm_2,0.003,2.0,inner_xyz,3,9.500000000005265,59.69026041823915,0.004829799409862678,0.9915289551093249,22.88023226189271,1.9999999999901208,1.999999999960502,1.9999999999999978,19.752363189598817,19.752363189848868,19.75236318934877,5.927525137394696e-11,1.7782575412184087e-10,1000000.0,100.0,0.0163289526239584,2.7214921039930666,0.36744549011653044,0.004523893421169303,0.2700323764139545,0.2387610416729566,0.692501073932681,-0.36744549011653044,1.0
spectral_peak,A_locked_3mm_2,0.003,2.0,inner_xyz,3,9.500000000005265,59.69026041823915,0.004829799409862678,0.9915289551093249,22.88023226189271,1.9999999999901208,1.999999999960502,1.9999999999999978,19.752363189598817,19.752363189848868,19.75236318934877,5.927525137394696e-11,1.7782575412184087e-10,1000000.0,500.0,0.0073025296137089095,1.2170882689514848,0.8216330939262891,0.022619467105846513,1.3501618820697725,0.2387610416729566,0.4397129752411774,-0.8216330939262891,1.0
spectral_peak,A_locked_3mm_2,0.003,2.0,inner_xyz,3,9.500000000005265,59.69026041823915,0.004829799409862678,0.9915289551093249,22.88023226189271,1.9999999999901208,1.999999999960502,1.9999999999999978,19.752363189598817,19.752363189848868,19.75236318934877,5.927525137394696e-11,1.7782575412184087e-10,3000000.0,10.0,0.029812452308583964,4.96874205143066,0.20125818359036526,0.0013571680263507906,0.08100971292418635,0.2387610416729566,0.8177012872438474,-0.20125818359036526,1.0
spectral_peak,A_locked_3mm_2,0.003,2.0,inner_xyz,3,9.500000000005265,59.69026041823915,0.004829799409862678,0.9915289551093249,22.88023226189271,1.9999999999901208,1.999999999960502,1.9999999999999978,19.752363189598817,19.752363189848868,19.75236318934877,5.927525137394696e-11,1.7782575412184087e-10,3000000.0,50.0,0.013332533987592855,2.2220889979321425,0.4500269795361894,0.006785840131753954,0.40504856462093175,0.2387610416729566,0.6376109489420424,-0.4500269795361894,1.0
spectral_peak,A_locked_3mm_2,0.003,2.0,inner_xyz,3,9.500000000005265,59.69026041823915,0.004829799409862678,0.9915289551093249,22.88023226189271,1.9999999999901208,1.999999999960502,1.9999999999999978,19.752363189598817,19.752363189848868,19.75236318934877,5.927525137394696e-11,1.7782575412184087e-10,3000000.0,100.0,0.00942752519302703,1.5712541988378381,0.6364342578938784,0.013571680263507907,0.8100971292418635,0.2387610416729566,0.5291759689637174,-0.6364342578938784,1.0
spectral_peak,A_locked_3mm_2,0.003,2.0,inner_xyz,3,9.500000000005265,59.69026041823915,0.004829799409862678,0.9915289551093249,22.88023226189271,1.9999999999901208,1.999999999960502,1.9999999999999978,19.752363189598817,19.752363189848868,19.75236318934877,5.927525137394696e-11,1.7782575412184087e-10,3000000.0,500.0,0.004216117438240053,0.7026862397066754,1.4231102638603441,0.06785840131753954,4.050485646209317,0.2387610416729566,0.24096339045400592,-1.4231102638603441,0.9737188098090103
spectral_peak,A_locked_3mm_2,0.003,2.0,inner_xyz,3,9.500000000005265,59.69026041823915,0.004829799409862678,0.9915289551093249,22.88023226189271,1.9999999999901208,1.999999999960502,1.9999999999999978,19.752363189598817,19.752363189848868,19.75236318934877,5.927525137394696e-11,1.7782575412184087e-10,6000000.0,10.0,0.021080587191200265,3.5134311985333775,0.2846220527720688,0.0027143360527015813,0.1620194258483727,0.2387610416729566,0.752298529739337,-0.2846220527720688,1.0
spectral_peak,A_locked_3mm_2,0.003,2.0,inner_xyz,3,9.500000000005265,59.69026041823915,0.004829799409862678,0.9915289551093249,22.88023226189271,1.9999999999901208,1.999999999960502,1.9999999999999978,19.752363189598817,19.752363189848868,19.75236318934877,5.927525137394696e-11,1.7782575412184087e-10,6000000.0,50.0,0.00942752519302703,1.5712541988378381,0.6364342578938784,0.013571680263507907,0.8100971292418635,0.2387610416729566,0.5291759689637174,-0.6364342578938784,1.0
spectral_peak,A_locked_3mm_2,0.003,2.0,inner_xyz,3,9.500000000005265,59.69026041823915,0.004829799409862678,0.9915289551093249,22.88023226189271,1.9999999999901208,1.999999999960502,1.9999999999999978,19.752363189598817,19.752363189848868,19.75236318934877,5.927525137394696e-11,1.7782575412184087e-10,6000000.0,100.0,0.006666266993796428,1.1110444989660713,0.9000539590723788,0.027143360527015815,1.620194258483727,0.2387610416729566,0.40654772221077184,-0.9000539590723788,1.0
spectral_peak,A_locked_3mm_2,0.003,2.0,inner_xyz,3,9.500000000005265,59.69026041823915,0.004829799409862678,0.9915289551093249,22.88023226189271,1.9999999999901208,1.999999999960502,1.9999999999999978,19.752363189598817,19.752363189848868,19.75236318934877,5.927525137394696e-11,1.7782575412184087e-10,6000000.0,500.0,0.0029812452308583966,0.49687420514306607,2.0125818359036525,0.13571680263507907,8.100971292418635,0.2387610416729566,0.13364318408976933,-2.0125818359036525,0.8726409674261972
spectral_peak,A_locked_3mm_2,0.003,2.0,inner_xyz,3,9.500000000005265,59.69026041823915,0.004829799409862678,0.9915289551093249,22.88023226189271,1.9999999999901208,1.999999999960502,1.9999999999999978,19.752363189598817,19.752363189848868,19.75236318934877,5.927525137394696e-11,1.7782575412184087e-10,10000000.0,10.0,0.0163289526239584,2.7214921039930666,0.36744549011653044,0.004523893421169303,0.2700323764139545,0.2387610416729566,0.692501073932681,-0.36744549011653044,1.0
spectral_peak,A_locked_3mm_2,0.003,2.0,inner_xyz,3,9.500000000005265,59.69026041823915,0.004829799409862678,0.9915289551093249,22.88023226189271,1.9999999999901208,1.999999999960502,1.9999999999999978,19.752363189598817,19.752363189848868,19.75236318934877,5.927525137394696e-11,1.7782575412184087e-10,10000000.0,50.0,0.0073025296137089095,1.2170882689514848,0.8216330939262891,0.022619467105846513,1.3501618820697725,0.2387610416729566,0.4397129752411774,-0.8216330939262891,1.0
spectral_peak,A_locked_3mm_2,0.003,2.0,inner_xyz,3,9.500000000005265,59.69026041823915,0.004829799409862678,0.9915289551093249,22.88023226189271,1.9999999999901208,1.999999999960502,1.9999999999999978,19.752363189598817,19.752363189848868,19.75236318934877,5.927525137394696e-11,1.7782575412184087e-10,10000000.0,100.0,0.005163668209669149,0.8606113682781915,1.1619646647251252,0.045238934211693026,2.700323764139545,0.2387610416729566,0.3128708902590167,-1.1619646647251252,0.9972917916993774
spectral_peak,A_locked_3mm_2,0.003,2.0,inner_xyz,3,9.500000000005265,59.69026041823915,0.004829799409862678,0.9915289551093249,22.88023226189271,1.9999999999901208,1.999999999960502,1.9999999999999978,19.752363189598817,19.752363189848868,19.75236318934877,5.927525137394696e-11,1.7782575412184087e-10,10000000.0,500.0,0.002309262626014971,0.3848771043358285,2.5982319777781315,0.2261946710584651,13.501618820697724,0.2387610416729566,0.07440501170554373,-2.5982319777781315,0.76725215049473
case_aggregate,A_locked_3mm_2,0.003,2.0,aggregate,1,3.2500000000018012,20.420352248344972,0.7155358984178769,0.7155358984178769,31.180328108309297,1.9999999999901208,1.999999999960502,1.9999999999999978,19.752363189598817,19.752363189848868,19.75236318934877,5.927525137394696e-11,1.7782575412184087e-10,6000000.0,100.0,0.011397322202497416,1.899553700416236,0.5264394472137729,0.027143360527015815,0.5542769831654856,0.08168140899337989,0.5907044642056406,-0.5264394472137729,1.0
case_aggregate,A_locked_3mm_2,0.003,2.0,aggregate,2,6.250000000003464,39.26990816989418,0.18784391697954106,0.903379815397418,31.180328108309297,1.9999999999901208,1.999999999960502,1.9999999999999978,19.752363189598817,19.752363189848868,19.75236318934877,5.927525137394696e-11,1.7782575412184087e-10,6000000.0,100.0,0.00821872592081772,1.36978765346962,0.7300401616754524,0.027143360527015815,1.0659172753182415,0.15707963267957673,0.48188963620638964,-0.7300401616754524,1.0
case_aggregate,A_locked_3mm_2,0.003,2.0,aggregate,3,9.500000000005265,59.69026041823915,0.06834591323577674,0.9717257286331947,31.180328108309297,1.9999999999901208,1.999999999960502,1.9999999999999978,19.752363189598817,19.752363189848868,19.75236318934877,5.927525137394696e-11,1.7782575412184087e-10,6000000.0,100.0,0.006666266993796428,1.1110444989660713,0.9000539590723788,0.027143360527015815,1.620194258483727,0.2387610416729566,0.40654772221077184,-0.9000539590723788,1.0
spectral_peak,B_transition_5mm_7p8,0.005,7.8,center,1,4.2500000000023554,26.70353755552804,0.9295622573485458,0.9295622573485458,46.508489637487905,-4.210777473076941,-4.210523648756425,-4.210743108892863,45.40790119392994,45.40160381405419,45.41419857380568,72.06466483846165,216.19399451538496,1000000.0,10.0,0.0772014872008083,12.86691453346805,0.07771871006051267,0.0004523893421169302,0.01208039578694007,0.10681415022211216,0.9252246463279975,-0.07771871006051267,1.0
spectral_peak,B_transition_5mm_7p8,0.005,7.8,center,1,4.2500000000023554,26.70353755552804,0.9295622573485458,0.9295622573485458,46.508489637487905,-4.210777473076941,-4.210523648756425,-4.210743108892863,45.40790119392994,45.40160381405419,45.41419857380568,72.06466483846165,216.19399451538496,1000000.0,50.0,0.03452555466901746,5.754259111502909,0.17378431881890313,0.0022619467105846514,0.060401978934700354,0.10681415022211216,0.8404781534318174,-0.17378431881890313,1.0
spectral_peak,B_transition_5mm_7p8,0.005,7.8,center,1,4.2500000000023554,26.70353755552804,0.9295622573485458,0.9295622573485458,46.508489637487905,-4.210777473076941,-4.210523648756425,-4.210743108892863,45.40790119392994,45.40160381405419,45.41419857380568,72.06466483846165,216.19399451538496,1000000.0,100.0,0.024413253830689114,4.068875638448185,0.2457681406014627,0.004523893421169303,0.12080395786940071,0.10681415022211216,0.7821035419614686,-0.2457681406014627,1.0
spectral_peak,B_transition_5mm_7p8,0.005,7.8,center,1,4.2500000000023554,26.70353755552804,0.9295622573485458,0.9295622573485458,46.508489637487905,-4.210777473076941,-4.210523648756425,-4.210743108892863,45.40790119392994,45.40160381405419,45.41419857380568,72.06466483846165,216.19399451538496,1000000.0,500.0,0.0109179390234756,1.8196565039125998,0.5495542690885967,0.022619467105846513,0.6040197893470035,0.10681415022211216,0.5772070320668713,-0.5495542690885967,1.0
spectral_peak,B_transition_5mm_7p8,0.005,7.8,center,1,4.2500000000023554,26.70353755552804,0.9295622573485458,0.9295622573485458,46.508489637487905,-4.210777473076941,-4.210523648756425,-4.210743108892863,45.40790119392994,45.40160381405419,45.41419857380568,72.06466483846165,216.19399451538496,3000000.0,10.0,0.04457229941722612,7.428716569537686,0.1346127545235224,0.0013571680263507906,0.03624118736082021,0.10681415022211216,0.8740543197418272,-0.1346127545235224,1.0
spectral_peak,B_transition_5mm_7p8,0.005,7.8,center,1,4.2500000000023554,26.70353755552804,0.9295622573485458,0.9295622573485458,46.508489637487905,-4.210777473076941,-4.210523648756425,-4.210743108892863,45.40790119392994,45.40160381405419,45.41419857380568,72.06466483846165,216.19399451538496,3000000.0,50.0,0.01993333828207837,3.3222230470130616,0.30100326975308844,0.006785840131753954,0.18120593680410105,0.10681415022211216,0.7400753528790807,-0.30100326975308844,1.0
spectral_peak,B_transition_5mm_7p8,0.005,7.8,center,1,4.2500000000023554,26.70353755552804,0.9295622573485458,0.9295622573485458,46.508489637487905,-4.210777473076941,-4.210523648756425,-4.210743108892863,45.40790119392994,45.40160381405419,45.41419857380568,72.06466483846165,216.19399451538496,3000000.0,100.0,0.01409499867094302,2.34916644515717,0.4256829064034649,0.013571680263507907,0.3624118736082021,0.10681415022211216,0.6533234739689103,-0.4256829064034649,1.0
spectral_peak,B_transition_5mm_7p8,0.005,7.8,center,1,4.2500000000023554,26.70353755552804,0.9295622573485458,0.9295622573485458,46.508489637487905,-4.210777473076941,-4.210523648756425,-4.210743108892863,45.40790119392994,45.40160381405419,45.41419857380568,72.06466483846165,216.19399451538496,3000000.0,500.0,0.0063034750341995575,1.050579172366593,0.951855915577828,0.06785840131753954,1.8120593680410104,0.10681415022211216,0.38602393040240085,-0.951855915577828,1.0
spectral_peak,B_transition_5mm_7p8,0.005,7.8,center,1,4.2500000000023554,26.70353755552804,0.9295622573485458,0.9295622573485458,46.508489637487905,-4.210777473076941,-4.210523648756425,-4.210743108892863,45.40790119392994,45.40160381405419,45.41419857380568,72.06466483846165,216.19399451538496,6000000.0,10.0,0.03151737517099779,5.2528958618329655,0.19037118311556556,0.0027143360527015813,0.07248237472164042,0.10681415022211216,0.8266522376364671,-0.19037118311556556,1.0
spectral_peak,B_transition_5mm_7p8,0.005,7.8,center,1,4.2500000000023554,26.70353755552804,0.9295622573485458,0.9295622573485458,46.508489637487905,-4.210777473076941,-4.210523648756425,-4.210743108892863,45.40790119392994,45.40160381405419,45.41419857380568,72.06466483846165,216.19399451538496,6000000.0,50.0,0.01409499867094302,2.34916644515717,0.4256829064034649,0.013571680263507907,0.3624118736082021,0.10681415022211216,0.6533234739689103,-0.4256829064034649,1.0
spectral_peak,B_transition_5mm_7p8,0.005,7.8,center,1,4.2500000000023554,26.70353755552804,0.9295622573485458,0.9295622573485458,46.508489637487905,-4.210777473076941,-4.210523648756425,-4.210743108892863,45.40790119392994,45.40160381405419,45.41419857380568,72.06466483846165,216.19399451538496,6000000.0,100.0,0.009966669141039185,1.6611115235065308,0.6020065395061769,0.027143360527015815,0.7248237472164042,0.10681415022211216,0.5477115279390958,-0.6020065395061769,1.0
spectral_peak,B_transition_5mm_7p8,0.005,7.8,center,1,4.2500000000023554,26.70353755552804,0.9295622573485458,0.9295622573485458,46.508489637487905,-4.210777473076941,-4.210523648756425,-4.210743108892863,45.40790119392994,45.40160381405419,45.41419857380568,72.06466483846165,216.19399451538496,6000000.0,500.0,0.004457229941722611,0.7428716569537686,1.3461275452352242,0.13571680263507907,3.624118736082021,0.10681415022211216,0.26024610311121554,-1.3461275452352242,0.9829999635084405
spectral_peak,B_transition_5mm_7p8,0.005,7.8,center,1,4.2500000000023554,26.70353755552804,0.9295622573485458,0.9295622573485458,46.508489637487905,-4.210777473076941,-4.210523648756425,-4.210743108892863,45.40790119392994,45.40160381405419,45.41419857380568,72.06466483846165,216.19399451538496,10000000.0,10.0,0.024413253830689114,4.068875638448185,0.2457681406014627,0.004523893421169303,0.12080395786940071,0.10681415022211216,0.7821035419614686,-0.2457681406014627,1.0
spectral_peak,B_transition_5mm_7p8,0.005,7.8,center,1,4.2500000000023554,26.70353755552804,0.9295622573485458,0.9295622573485458,46.508489637487905,-4.210777473076941,-4.210523648756425,-4.210743108892863,45.40790119392994,45.40160381405419,45.41419857380568,72.06466483846165,216.19399451538496,10000000.0,50.0,0.0109179390234756,1.8196565039125998,0.5495542690885967,0.022619467105846513,0.6040197893470035,0.10681415022211216,0.5772070320668713,-0.5495542690885967,1.0
spectral_peak,B_transition_5mm_7p8,0.005,7.8,center,1,4.2500000000023554,26.70353755552804,0.9295622573485458,0.9295622573485458,46.508489637487905,-4.210777473076941,-4.210523648756425,-4.210743108892863,45.40790119392994,45.40160381405419,45.41419857380568,72.06466483846165,216.19399451538496,10000000.0,100.0,0.007720148720080829,1.2866914533468048,0.7771871006051269,0.045238934211693026,1.208039578694007,0.10681415022211216,0.45969727654521886,-0.7771871006051269,1.0
spectral_peak,B_transition_5mm_7p8,0.005,7.8,center,1,4.2500000000023554,26.70353755552804,0.9295622573485458,0.9295622573485458,46.508489637487905,-4.210777473076941,-4.210523648756425,-4.210743108892863,45.40790119392994,45.40160381405419,45.41419857380568,72.06466483846165,216.19399451538496,10000000.0,500.0,0.003452555466901746,0.575425911150291,1.7378431881890315,0.2261946710584651,6.040197893470035,0.10681415022211216,0.17589937362993865,-1.7378431881890315,0.9234649343964317
spectral_peak,B_transition_5mm_7p8,0.005,7.8,center,2,18.75000000001039,117.80972450968254,0.03195434729738612,0.9615166046459319,46.508489637487905,-4.210777473076941,-4.210523648756425,-4.210743108892863,45.40790119392994,45.40160381405419,45.41419857380568,72.06466483846165,216.19399451538496,1000000.0,10.0,0.03675525969477595,6.125876615795992,0.16324194278112486,0.0004523893421169302,0.05329586376591207,0.47123889803873015,0.8493856608236071,-0.16324194278112486,1.0
spectral_peak,B_transition_5mm_7p8,0.005,7.8,center,2,18.75000000001039,117.80972450968254,0.03195434729738612,0.9615166046459319,46.508489637487905,-4.210777473076941,-4.210523648756425,-4.210743108892863,45.40790119392994,45.40160381405419,45.41419857380568,72.06466483846165,216.19399451538496,1000000.0,50.0,0.01643745184163544,2.73957530693924,0.3650200808377262,0.0022619467105846514,0.2664793188295604,0.47123889803873015,0.6941827109676455,-0.3650200808377262,1.0
spectral_peak,B_transition_5mm_7p8,0.005,7.8,center,2,18.75000000001039,117.80972450968254,0.03195434729738612,0.9615166046459319,46.508489637487905,-4.210777473076941,-4.210523648756425,-4.210743108892863,45.40790119392994,45.40160381405419,45.41419857380568,72.06466483846165,216.19399451538496,1000000.0,100.0,0.011623033662647723,1.9371722771079538,0.516216348859236,0.004523893421169303,0.5329586376591208,0.47123889803873015,0.596774267274849,-0.516216348859236,1.0
spectral_peak,B_transition_5mm_7p8,0.005,7.8,center,2,18.75000000001039,117.80972450968254,0.03195434729738612,0.9615166046459319,46.508489637487905,-4.210777473076941,-4.210523648756425,-4.210743108892863,45.40790119392994,45.40160381405419,45.41419857380568,72.06466483846165,216.19399451538496,1000000.0,500.0,0.005197978674889734,0.866329779148289,1.1542948471459975,0.022619467105846513,2.664793188295604,0.47123889803873015,0.31527977897284154,-1.1542948471459975,0.9976116168598017
spectral_peak,B_transition_5mm_7p8,0.005,7.8,center,2,18.75000000001039,117.80972450968254,0.03195434729738612,0.9615166046459319,46.508489637487905,-4.210777473076941,-4.210523648756425,-4.210743108892863,45.40790119392994,45.40160381405419,45.41419857380568,72.06466483846165,216.19399451538496,3000000.0,10.0,0.021220659078913497,3.5367765131522493,0.2827433388231598,0.0013571680263507906,0.15988759129773622,0.47123889803873015,0.7537132119564081,-0.2827433388231598,1.0
spectral_peak,B_transition_5mm_7p8,0.005,7.8,center,2,18.75000000001039,117.80972450968254,0.03195434729738612,0.9615166046459319,46.508489637487905,-4.210777473076941,-4.210523648756425,-4.210743108892863,45.40790119392994,45.40160381405419,45.41419857380568,72.06466483846165,216.19399451538496,3000000.0,50.0,0.009490167245559731,1.5816945409266219,0.6322333257938406,0.006785840131753954,0.7994379564886811,0.47123889803873015,0.5314036772276997,-0.6322333257938406,1.0
spectral_peak,B_transition_5mm_7p8,0.005,7.8,center,2,18.75000000001039,117.80972450968254,0.03195434729738612,0.9615166046459319,46.508489637487905,-4.210777473076941,-4.210523648756425,-4.210743108892863,45.40790119392994,45.40160381405419,45.41419857380568,72.06466483846165,216.19399451538496,3000000.0,100.0,0.006710561613929746,1.1184269356549577,0.8941129439218968,0.013571680263507907,1.5988759129773622,0.47123889803873015,0.4089702173025482,-0.8941129439218968,1.0
spectral_peak,B_transition_5mm_7p8,0.005,7.8,center,2,18.75000000001039,117.80972450968254,0.03195434729738612,0.9615166046459319,46.508489637487905,-4.210777473076941,-4.210523648756425,-4.210743108892863,45.40790119392994,45.40160381405419,45.41419857380568,72.06466483846165,216.19399451538496,3000000.0,500.0,0.003001054387189522,0.5001757311982536,1.9992973221718187,0.06785840131753954,7.9943795648868115,0.47123889803873015,0.13543041375865375,-1.9992973221718187,0.875131752081936
spectral_peak,B_transition_5mm_7p8,0.005,7.8,center,2,18.75000000001039,117.80972450968254,0.03195434729738612,0.9615166046459319,46.508489637487905,-4.210777473076941,-4.210523648756425,-4.210743108892863,45.40790119392994,45.40160381405419,45.41419857380568,72.06466483846165,216.19399451538496,6000000.0,10.0,0.01500527193594761,2.500878655991268,0.39985946443436376,0.0027143360527015813,0.31977518259547244,0.47123889803873015,0.6704142564622689,-0.39985946443436376,1.0
spectral_peak,B_transition_5mm_7p8,0.005,7.8,center,2,18.75000000001039,117.80972450968254,0.03195434729738612,0.9615166046459319,46.508489637487905,-4.210777473076941,-4.210523648756425,-4.210743108892863,45.40790119392994,45.40160381405419,45.41419857380568,72.06466483846165,216.19399451538496,6000000.0,50.0,0.006710561613929746,1.1184269356549577,0.8941129439218968,0.013571680263507907,1.5988759129773622,0.47123889803873015,0.4089702173025482,-0.8941129439218968,1.0
spectral_peak,B_transition_5mm_7p8,0.005,7.8,center,2,18.75000000001039,117.80972450968254,0.03195434729738612,0.9615166046459319,46.508489637487905,-4.210777473076941,-4.210523648756425,-4.210743108892863,45.40790119392994,45.40160381405419,45.41419857380568,72.06466483846165,216.19399451538496,6000000.0,100.0,0.004745083622779866,0.7908472704633109,1.2644666515876812,0.027143360527015815,3.1977518259547244,0.47123889803873015,0.28238986817112127,-1.2644666515876812,0.9908506422341639
spectral_peak,B_transition_5mm_7p8,0.005,7.8,center,2,18.75000000001039,117.80972450968254,0.03195434729738612,0.9615166046459319,46.508489637487905,-4.210777473076941,-4.210523648756425,-4.210743108892863,45.40790119392994,45.40160381405419,45.41419857380568,72.06466483846165,216.19399451538496,6000000.0,500.0,0.00212206590789135,0.353677651315225,2.827433388231597,0.13571680263507907,15.988759129773623,0.47123889803873015,0.05916451129403124,-2.827433388231597,0.7300100988002871
spectral_peak,B_transition_5mm_7p8,0.005,7.8,center,2,18.75000000001039,117.80972450968254,0.03195434729738612,0.9615166046459319,46.508489637487905,-4.210777473076941,-4.210523648756425,-4.210743108892863,45.40790119392994,45.40160381405419,45.41419857380568,72.06466483846165,216.19399451538496,10000000.0,10.0,0.011623033662647723,1.9371722771079538,0.516216348859236,0.004523893421169303,0.5329586376591208,0.47123889803873015,0.596774267274849,-0.516216348859236,1.0
spectral_peak,B_transition_5mm_7p8,0.005,7.8,center,2,18.75000000001039,117.80972450968254,0.03195434729738612,0.9615166046459319,46.508489637487905,-4.210777473076941,-4.210523648756425,-4.210743108892863,45.40790119392994,45.40160381405419,45.41419857380568,72.06466483846165,216.19399451538496,10000000.0,50.0,0.005197978674889734,0.866329779148289,1.1542948471459975,0.022619467105846513,2.664793188295604,0.47123889803873015,0.31527977897284154,-1.1542948471459975,0.9976116168598017
spectral_peak,B_transition_5mm_7p8,0.005,7.8,center,2,18.75000000001039,117.80972450968254,0.03195434729738612,0.9615166046459319,46.508489637487905,-4.210777473076941,-4.210523648756425,-4.210743108892863,45.40790119392994,45.40160381405419,45.41419857380568,72.06466483846165,216.19399451538496,10000000.0,100.0,0.0036755259694775952,0.6125876615795992,1.6324194278112485,0.045238934211693026,5.329586376591208,0.47123889803873015,0.1954561096537348,-1.6324194278112485,0.9418539329945664
spectral_peak,B_transition_5mm_7p8,0.005,7.8,center,2,18.75000000001039,117.80972450968254,0.03195434729738612,0.9615166046459319,46.508489637487905,-4.210777473076941,-4.210523648756425,-4.210743108892863,45.40790119392994,45.40160381405419,45.41419857380568,72.06466483846165,216.19399451538496,10000000.0,500.0,0.001643745184163544,0.273957530693924,3.650200808377262,0.2261946710584651,26.647931882956037,0.47123889803873015,0.025985910066360196,-3.650200808377262,0.6172756664156831
spectral_peak,B_transition_5mm_7p8,0.005,7.8,center,3,27.250000000015103,171.2167996207386,0.033460134380503284,0.9949767390264352,46.508489637487905,-4.210777473076941,-4.210523648756425,-4.210743108892863,45.40790119392994,45.40160381405419,45.41419857380568,72.06466483846165,216.19399451538496,1000000.0,10.0,0.030488557583250326,5.081426263875054,0.19679514137776905,0.0004523893421169302,0.07745665533979221,0.6848671984829544,0.8213588785270404,-0.19679514137776905,1.0
spectral_peak,B_transition_5mm_7p8,0.005,7.8,center,3,27.250000000015103,171.2167996207386,0.033460134380503284,0.9949767390264352,46.508489637487905,-4.210777473076941,-4.210523648756425,-4.210743108892863,45.40790119392994,45.40160381405419,45.41419857380568,72.06466483846165,216.19399451538496,1000000.0,50.0,0.013634897458412887,2.2724829097354813,0.44004731376237316,0.0022619467105846514,0.38728327669896107,0.6848671984829544,0.6440059500178106,-0.44004731376237316,1.0
spectral_peak,B_transition_5mm_7p8,0.005,7.8,center,3,27.250000000015103,171.2167996207386,0.033460134380503284,0.9949767390264352,46.508489637487905,-4.210777473076941,-4.210523648756425,-4.210743108892863,45.40790119392994,45.40160381405419,45.41419857380568,72.06466483846165,216.19399451538496,1000000.0,100.0,0.009641328453626974,1.6068880756044956,0.6223208792085969,0.004523893421169303,0.7745665533979221,0.6848671984829544,0.5366973812274483,-0.6223208792085969,1.0
spectral_peak,B_transition_5mm_7p8,0.005,7.8,center,3,27.250000000015103,171.2167996207386,0.033460134380503284,0.9949767390264352,46.508489637487905,-4.210777473076941,-4.210523648756425,-4.210743108892863,45.40790119392994,45.40160381405419,45.41419857380568,72.06466483846165,216.19399451538496,1000000.0,500.0,0.004311733163142568,0.7186221938570947,1.3915517897278584,0.022619467105846513,3.8728327669896108,0.6848671984829544,0.24868909187047702,-1.3915517897278584,0.977722342765826
spectral_peak,B_transition_5mm_7p8,0.005,7.8,center,3,27.250000000015103,171.2167996207386,0.033460134380503284,0.9949767390264352,46.508489637487905,-4.210777473076941,-4.210523648756425,-4.210743108892863,45.40790119392994,45.40160381405419,45.41419857380568,72.06466483846165,216.19399451538496,3000000.0,10.0,0.01760257692789298,2.9337628213154967,0.3408591835489963,0.0013571680263507906,0.23236996601937662,0.6848671984829544,0.7111590440485395,-0.3408591835489963,1.0
spectral_peak,B_transition_5mm_7p8,0.005,7.8,center,3,27.250000000015103,171.2167996207386,0.033460134380503284,0.9949767390264352,46.508489637487905,-4.210777473076941,-4.210523648756425,-4.210743108892863,45.40790119392994,45.40160381405419,45.41419857380568,72.06466483846165,216.19399451538496,3000000.0,50.0,0.007872111717987624,1.312018619664604,0.7621843051706336,0.006785840131753954,1.1618498300968831,0.6848671984829544,0.46664601566586184,-0.7621843051706336,1.0
spectral_peak,B_transition_5mm_7p8,0.005,7.8,center,3,27.250000000015103,171.2167996207386,0.033460134380503284,0.9949767390264352,46.508489637487905,-4.210777473076941,-4.210523648756425,-4.210743108892863,45.40790119392994,45.40160381405419,45.41419857380568,72.06466483846165,216.19399451538496,3000000.0,100.0,0.005566423578047132,0.9277372630078553,1.077891381400224,0.013571680263507907,2.3236996601937663,0.6848671984829544,0.34031235858474684,-1.077891381400224,0.9996226509855242
spectral_peak,B_transition_5mm_7p8,0.005,7.8,center,3,27.250000000015103,171.2167996207386,0.033460134380503284,0.9949767390264352,46.508489637487905,-4.210777473076941,-4.210523648756425,-4.210743108892863,45.40790119392994,45.40160381405419,45.41419857380568,72.06466483846165,216.19399451538496,3000000.0,500.0,0.0024893803024141985,0.4148967170690331,2.410238401172053,0.06785840131753954,11.618498300968831,0.6848671984829544,0.089793885052882,-2.410238401172053,0.7996923182745242
spectral_peak,B_transition_5mm_7p8,0.005,7.8,center,3,27.250000000015103,171.2167996207386,0.033460134380503284,0.9949767390264352,46.508489637487905,-4.210777473076941,-4.210523648756425,-4.210743108892863,45.40790119392994,45.40160381405419,45.41419857380568,72.06466483846165,216.19399451538496,6000000.0,10.0,0.012446901512070991,2.074483585345165,0.4820476802344107,0.0027143360527015813,0.46473993203875325,0.6848671984829544,0.6175176176779715,-0.4820476802344107,1.0
spectral_peak,B_transition_5mm_7p8,0.005,7.8,center,3,27.250000000015103,171.2167996207386,0.033460134380503284,0.9949767390264352,46.508489637487905,-4.210777473076941,-4.210523648756425,-4.210743108892863,45.40790119392994,45.40160381405419,45.41419857380568,72.06466483846165,216.19399451538496,6000000.0,50.0,0.005566423578047132,0.9277372630078553,1.077891381400224,0.013571680263507907,2.3236996601937663,0.6848671984829544,0.34031235858474684,-1.077891381400224,0.9996226509855242
spectral_peak,B_transition_5mm_7p8,0.005,7.8,center,3,27.250000000015103,171.2167996207386,0.033460134380503284,0.9949767390264352,46.508489637487905,-4.210777473076941,-4.210523648756425,-4.210743108892863,45.40790119392994,45.40160381405419,45.41419857380568,72.06466483846165,216.19399451538496,6000000.0,100.0,0.003936055858993812,0.656009309832302,1.5243686103412672,0.027143360527015815,4.647399320387533,0.6848671984829544,0.21775850393682375,-1.5243686103412672,0.9592957209755002
spectral_peak,B_transition_5mm_7p8,0.005,7.8,center,3,27.250000000015103,171.2167996207386,0.033460134380503284,0.9949767390264352,46.508489637487905,-4.210777473076941,-4.210523648756425,-4.210743108892863,45.40790119392994,45.40160381405419,45.41419857380568,72.06466483846165,216.19399451538496,6000000.0,500.0,0.001760257692789298,0.29337628213154965,3.4085918354899625,0.13571680263507907,23.236996601937662,0.6848671984829544,0.03308776059615639,-3.4085918354899625,0.6471707094861336
spectral_peak,B_transition_5mm_7p8,0.005,7.8,center,3,27.250000000015103,171.2167996207386,0.033460134380503284,0.9949767390264352,46.508489637487905,-4.210777473076941,-4.210523648756425,-4.210743108892863,45.40790119392994,45.40160381405419,45.41419857380568,72.06466483846165,216.19399451538496,10000000.0,10.0,0.009641328453626972,1.6068880756044954,0.622320879208597,0.004523893421169303,0.7745665533979221,0.6848671984829544,0.5366973812274483,-0.622320879208597,1.0
spectral_peak,B_transition_5mm_7p8,0.005,7.8,center,3,27.250000000015103,171.2167996207386,0.033460134380503284,0.9949767390264352,46.508489637487905,-4.210777473076941,-4.210523648756425,-4.210743108892863,45.40790119392994,45.40160381405419,45.41419857380568,72.06466483846165,216.19399451538496,10000000.0,50.0,0.004311733163142569,0.7186221938570948,1.391551789727858,0.022619467105846513,3.8728327669896108,0.6848671984829544,0.24868909187047714,-1.391551789727858,0.977722342765826
spectral_peak,B_transition_5mm_7p8,0.005,7.8,center,3,27.250000000015103,171.2167996207386,0.033460134380503284,0.9949767390264352,46.508489637487905,-4.210777473076941,-4.210523648756425,-4.210743108892863,45.40790119392994,45.40160381405419,45.41419857380568,72.06466483846165,216.19399451538496,10000000.0,100.0,0.0030488557583250326,0.5081426263875054,1.9679514137776903,0.045238934211693026,7.7456655339792215,0.6848671984829544,0.13974283843890625,-1.9679514137776903,0.8810080561192819
spectral_peak,B_transition_5mm_7p8,0.005,7.8,center,3,27.250000000015103,171.2167996207386,0.033460134380503284,0.9949767390264352,46.508489637487905,-4.210777473076941,-4.210523648756425,-4.210743108892863,45.40790119392994,45.40160381405419,45.41419857380568,72.06466483846165,216.19399451538496,10000000.0,500.0,0.0013634897458412885,0.2272482909735481,4.400473137623732,0.2261946710584651,38.7283276698961,0.6848671984829544,0.012271532405622065,-4.400473137623732,0.5385550232240492
spectral_peak,B_transition_5mm_7p8,0.005,7.8,+body_x,1,4.2500000000023554,26.70353755552804,0.49489129121139674,0.49489129121139674,57.20138274088224,-4.210777473076941,-4.210523648756425,-4.210743108892863,45.40790119392994,45.40160381405419,45.41419857380568,72.06466483846165,216.19399451538496,1000000.0,10.0,0.0772014872008083,12.86691453346805,0.07771871006051267,0.0004523893421169302,0.01208039578694007,0.10681415022211216,0.9252246463279975,-0.07771871006051267,1.0
spectral_peak,B_transition_5mm_7p8,0.005,7.8,+body_x,1,4.2500000000023554,26.70353755552804,0.49489129121139674,0.49489129121139674,57.20138274088224,-4.210777473076941,-4.210523648756425,-4.210743108892863,45.40790119392994,45.40160381405419,45.41419857380568,72.06466483846165,216.19399451538496,1000000.0,50.0,0.03452555466901746,5.754259111502909,0.17378431881890313,0.0022619467105846514,0.060401978934700354,0.10681415022211216,0.8404781534318174,-0.17378431881890313,1.0
spectral_peak,B_transition_5mm_7p8,0.005,7.8,+body_x,1,4.2500000000023554,26.70353755552804,0.49489129121139674,0.49489129121139674,57.20138274088224,-4.210777473076941,-4.210523648756425,-4.210743108892863,45.40790119392994,45.40160381405419,45.41419857380568,72.06466483846165,216.19399451538496,1000000.0,100.0,0.024413253830689114,4.068875638448185,0.2457681406014627,0.004523893421169303,0.12080395786940071,0.10681415022211216,0.7821035419614686,-0.2457681406014627,1.0
spectral_peak,B_transition_5mm_7p8,0.005,7.8,+body_x,1,4.2500000000023554,26.70353755552804,0.49489129121139674,0.49489129121139674,57.20138274088224,-4.210777473076941,-4.210523648756425,-4.210743108892863,45.40790119392994,45.40160381405419,45.41419857380568,72.06466483846165,216.19399451538496,1000000.0,500.0,0.0109179390234756,1.8196565039125998,0.5495542690885967,0.022619467105846513,0.6040197893470035,0.10681415022211216,0.5772070320668713,-0.5495542690885967,1.0
spectral_peak,B_transition_5mm_7p8,0.005,7.8,+body_x,1,4.2500000000023554,26.70353755552804,0.49489129121139674,0.49489129121139674,57.20138274088224,-4.210777473076941,-4.210523648756425,-4.210743108892863,45.40790119392994,45.40160381405419,45.41419857380568,72.06466483846165,216.19399451538496,3000000.0,10.0,0.04457229941722612,7.428716569537686,0.1346127545235224,0.0013571680263507906,0.03624118736082021,0.10681415022211216,0.8740543197418272,-0.1346127545235224,1.0
spectral_peak,B_transition_5mm_7p8,0.005,7.8,+body_x,1,4.2500000000023554,26.70353755552804,0.49489129121139674,0.49489129121139674,57.20138274088224,-4.210777473076941,-4.210523648756425,-4.210743108892863,45.40790119392994,45.40160381405419,45.41419857380568,72.06466483846165,216.19399451538496,3000000.0,50.0,0.01993333828207837,3.3222230470130616,0.30100326975308844,0.006785840131753954,0.18120593680410105,0.10681415022211216,0.7400753528790807,-0.30100326975308844,1.0
spectral_peak,B_transition_5mm_7p8,0.005,7.8,+body_x,1,4.2500000000023554,26.70353755552804,0.49489129121139674,0.49489129121139674,57.20138274088224,-4.210777473076941,-4.210523648756425,-4.210743108892863,45.40790119392994,45.40160381405419,45.41419857380568,72.06466483846165,216.19399451538496,3000000.0,100.0,0.01409499867094302,2.34916644515717,0.4256829064034649,0.013571680263507907,0.3624118736082021,0.10681415022211216,0.6533234739689103,-0.4256829064034649,1.0
spectral_peak,B_transition_5mm_7p8,0.005,7.8,+body_x,1,4.2500000000023554,26.70353755552804,0.49489129121139674,0.49489129121139674,57.20138274088224,-4.210777473076941,-4.210523648756425,-4.210743108892863,45.40790119392994,45.40160381405419,45.41419857380568,72.06466483846165,216.19399451538496,3000000.0,500.0,0.0063034750341995575,1.050579172366593,0.951855915577828,0.06785840131753954,1.8120593680410104,0.10681415022211216,0.38602393040240085,-0.951855915577828,1.0
spectral_peak,B_transition_5mm_7p8,0.005,7.8,+body_x,1,4.2500000000023554,26.70353755552804,0.49489129121139674,0.49489129121139674,57.20138274088224,-4.210777473076941,-4.210523648756425,-4.210743108892863,45.40790119392994,45.40160381405419,45.41419857380568,72.06466483846165,216.19399451538496,6000000.0,10.0,0.03151737517099779,5.2528958618329655,0.19037118311556556,0.0027143360527015813,0.07248237472164042,0.10681415022211216,0.8266522376364671,-0.19037118311556556,1.0
spectral_peak,B_transition_5mm_7p8,0.005,7.8,+body_x,1,4.2500000000023554,26.70353755552804,0.49489129121139674,0.49489129121139674,57.20138274088224,-4.210777473076941,-4.210523648756425,-4.210743108892863,45.40790119392994,45.40160381405419,45.41419857380568,72.06466483846165,216.19399451538496,6000000.0,50.0,0.01409499867094302,2.34916644515717,0.4256829064034649,0.013571680263507907,0.3624118736082021,0.10681415022211216,0.6533234739689103,-0.4256829064034649,1.0
spectral_peak,B_transition_5mm_7p8,0.005,7.8,+body_x,1,4.2500000000023554,26.70353755552804,0.49489129121139674,0.49489129121139674,57.20138274088224,-4.210777473076941,-4.210523648756425,-4.210743108892863,45.40790119392994,45.40160381405419,45.41419857380568,72.06466483846165,216.19399451538496,6000000.0,100.0,0.009966669141039185,1.6611115235065308,0.6020065395061769,0.027143360527015815,0.7248237472164042,0.10681415022211216,0.5477115279390958,-0.6020065395061769,1.0
spectral_peak,B_transition_5mm_7p8,0.005,7.8,+body_x,1,4.2500000000023554,26.70353755552804,0.49489129121139674,0.49489129121139674,57.20138274088224,-4.210777473076941,-4.210523648756425,-4.210743108892863,45.40790119392994,45.40160381405419,45.41419857380568,72.06466483846165,216.19399451538496,6000000.0,500.0,0.004457229941722611,0.7428716569537686,1.3461275452352242,0.13571680263507907,3.624118736082021,0.10681415022211216,0.26024610311121554,-1.3461275452352242,0.9829999635084405
spectral_peak,B_transition_5mm_7p8,0.005,7.8,+body_x,1,4.2500000000023554,26.70353755552804,0.49489129121139674,0.49489129121139674,57.20138274088224,-4.210777473076941,-4.210523648756425,-4.210743108892863,45.40790119392994,45.40160381405419,45.41419857380568,72.06466483846165,216.19399451538496,10000000.0,10.0,0.024413253830689114,4.068875638448185,0.2457681406014627,0.004523893421169303,0.12080395786940071,0.10681415022211216,0.7821035419614686,-0.2457681406014627,1.0
spectral_peak,B_transition_5mm_7p8,0.005,7.8,+body_x,1,4.2500000000023554,26.70353755552804,0.49489129121139674,0.49489129121139674,57.20138274088224,-4.210777473076941,-4.210523648756425,-4.210743108892863,45.40790119392994,45.40160381405419,45.41419857380568,72.06466483846165,216.19399451538496,10000000.0,50.0,0.0109179390234756,1.8196565039125998,0.5495542690885967,0.022619467105846513,0.6040197893470035,0.10681415022211216,0.5772070320668713,-0.5495542690885967,1.0
spectral_peak,B_transition_5mm_7p8,0.005,7.8,+body_x,1,4.2500000000023554,26.70353755552804,0.49489129121139674,0.49489129121139674,57.20138274088224,-4.210777473076941,-4.210523648756425,-4.210743108892863,45.40790119392994,45.40160381405419,45.41419857380568,72.06466483846165,216.19399451538496,10000000.0,100.0,0.007720148720080829,1.2866914533468048,0.7771871006051269,0.045238934211693026,1.208039578694007,0.10681415022211216,0.45969727654521886,-0.7771871006051269,1.0
spectral_peak,B_transition_5mm_7p8,0.005,7.8,+body_x,1,4.2500000000023554,26.70353755552804,0.49489129121139674,0.49489129121139674,57.20138274088224,-4.210777473076941,-4.210523648756425,-4.210743108892863,45.40790119392994,45.40160381405419,45.41419857380568,72.06466483846165,216.19399451538496,10000000.0,500.0,0.003452555466901746,0.575425911150291,1.7378431881890315,0.2261946710584651,6.040197893470035,0.10681415022211216,0.17589937362993865,-1.7378431881890315,0.9234649343964317
spectral_peak,B_transition_5mm_7p8,0.005,7.8,+body_x,2,3.0000000000016627,18.849555921549207,0.2542521847587874,0.7491434759701842,57.20138274088224,-4.210777473076941,-4.210523648756425,-4.210743108892863,45.40790119392994,45.40160381405419,45.41419857380568,72.06466483846165,216.19399451538496,1000000.0,10.0,0.09188814923693987,15.314691539489978,0.06529677711244994,0.0004523893421169302,0.008527338202545932,0.07539822368619684,0.9367894044642531,-0.06529677711244994,1.0
spectral_peak,B_transition_5mm_7p8,0.005,7.8,+body_x,2,3.0000000000016627,18.849555921549207,0.2542521847587874,0.7491434759701842,57.20138274088224,-4.210777473076941,-4.210523648756425,-4.210743108892863,45.40790119392994,45.40160381405419,45.41419857380568,72.06466483846165,216.19399451538496,1000000.0,50.0,0.0410936296040886,6.8489382673481,0.1460080323350905,0.0022619467105846514,0.04263669101272967,0.07539822368619684,0.8641507620082767,-0.1460080323350905,1.0
spectral_peak,B_transition_5mm_7p8,0.005,7.8,+body_x,2,3.0000000000016627,18.849555921549207,0.2542521847587874,0.7491434759701842,57.20138274088224,-4.210777473076941,-4.210523648756425,-4.210743108892863,45.40790119392994,45.40160381405419,45.41419857380568,72.06466483846165,216.19399451538496,1000000.0,100.0,0.02905758415661931,4.842930692769885,0.20648653954369436,0.004523893421169303,0.08527338202545934,0.07539822368619684,0.8134372106193014,-0.20648653954369436,1.0
spectral_peak,B_transition_5mm_7p8,0.005,7.8,+body_x,2,3.0000000000016627,18.849555921549207,0.2542521847587874,0.7491434759701842,57.20138274088224,-4.210777473076941,-4.210523648756425,-4.210743108892863,45.40790119392994,45.40160381405419,45.41419857380568,72.06466483846165,216.19399451538496,1000000.0,500.0,0.012994946687224333,2.165824447870722,0.46171793885839907,0.022619467105846513,0.42636691012729666,0.07539822368619684,0.6302000698265191,-0.46171793885839907,1.0
spectral_peak,B_transition_5mm_7p8,0.005,7.8,+body_x,2,3.0000000000016627,18.849555921549207,0.2542521847587874,0.7491434759701842,57.20138274088224,-4.210777473076941,-4.210523648756425,-4.210743108892863,45.40790119392994,45.40160381405419,45.41419857380568,72.06466483846165,216.19399451538496,3000000.0,10.0,0.053051647697283745,8.841941282880624,0.1130973355292639,0.0013571680263507906,0.025582014607637798,0.07539822368619684,0.8930637290546098,-0.1130973355292639,1.0
spectral_peak,B_transition_5mm_7p8,0.005,7.8,+body_x,2,3.0000000000016627,18.849555921549207,0.2542521847587874,0.7491434759701842,57.20138274088224,-4.210777473076941,-4.210523648756425,-4.210743108892863,45.40790119392994,45.40160381405419,45.41419857380568,72.06466483846165,216.19399451538496,3000000.0,50.0,0.023725418113899326,3.954236352316554,0.25289333031753625,0.006785840131753954,0.127910073038189,0.07539822368619684,0.7765507118237817,-0.25289333031753625,1.0
spectral_peak,B_transition_5mm_7p8,0.005,7.8,+body_x,2,3.0000000000016627,18.849555921549207,0.2542521847587874,0.7491434759701842,57.20138274088224,-4.210777473076941,-4.210523648756425,-4.210743108892863,45.40790119392994,45.40160381405419,45.41419857380568,72.06466483846165,216.19399451538496,3000000.0,100.0,0.016776404034824364,2.796067339137394,0.35764517756875874,0.013571680263507907,0.255820146076378,0.07539822368619684,0.6993211658261058,-0.35764517756875874,1.0
spectral_peak,B_transition_5mm_7p8,0.005,7.8,+body_x,2,3.0000000000016627,18.849555921549207,0.2542521847587874,0.7491434759701842,57.20138274088224,-4.210777473076941,-4.210523648756425,-4.210743108892863,45.40790119392994,45.40160381405419,45.41419857380568,72.06466483846165,216.19399451538496,3000000.0,500.0,0.007502635967973805,1.250439327995634,0.7997189288687275,0.06785840131753954,1.2791007303818898,0.07539822368619684,0.44945527526785695,-0.7997189288687275,1.0
spectral_peak,B_transition_5mm_7p8,0.005,7.8,+body_x,2,3.0000000000016627,18.849555921549207,0.2542521847587874,0.7491434759701842,57.20138274088224,-4.210777473076941,-4.210523648756425,-4.210743108892863,45.40790119392994,45.40160381405419,45.41419857380568,72.06466483846165,216.19399451538496,6000000.0,10.0,0.03751317983986902,6.2521966399781705,0.15994378577374552,0.0027143360527015813,0.051164029215275596,0.07539822368619684,0.8521916929163947,-0.15994378577374552,1.0
spectral_peak,B_transition_5mm_7p8,0.005,7.8,+body_x,2,3.0000000000016627,18.849555921549207,0.2542521847587874,0.7491434759701842,57.20138274088224,-4.210777473076941,-4.210523648756425,-4.210743108892863,45.40790119392994,45.40160381405419,45.41419857380568,72.06466483846165,216.19399451538496,6000000.0,50.0,0.016776404034824364,2.796067339137394,0.35764517756875874,0.013571680263507907,0.255820146076378,0.07539822368619684,0.6993211658261058,-0.35764517756875874,1.0
spectral_peak,B_transition_5mm_7p8,0.005,7.8,+body_x,2,3.0000000000016627,18.849555921549207,0.2542521847587874,0.7491434759701842,57.20138274088224,-4.210777473076941,-4.210523648756425,-4.210743108892863,45.40790119392994,45.40160381405419,45.41419857380568,72.06466483846165,216.19399451538496,6000000.0,100.0,0.011862709056949663,1.977118176158277,0.5057866606350725,0.027143360527015815,0.511640292152756,0.07539822368619684,0.603031008034022,-0.5057866606350725,1.0
spectral_peak,B_transition_5mm_7p8,0.005,7.8,+body_x,2,3.0000000000016627,18.849555921549207,0.2542521847587874,0.7491434759701842,57.20138274088224,-4.210777473076941,-4.210523648756425,-4.210743108892863,45.40790119392994,45.40160381405419,45.41419857380568,72.06466483846165,216.19399451538496,6000000.0,500.0,0.005305164769728374,0.8841941282880623,1.130973355292639,0.13571680263507907,2.5582014607637795,0.07539822368619684,0.3227189832669478,-1.130973355292639,0.9984469274633927
spectral_peak,B_transition_5mm_7p8,0.005,7.8,+body_x,2,3.0000000000016627,18.849555921549207,0.2542521847587874,0.7491434759701842,57.20138274088224,-4.210777473076941,-4.210523648756425,-4.210743108892863,45.40790119392994,45.40160381405419,45.41419857380568,72.06466483846165,216.19399451538496,10000000.0,10.0,0.02905758415661931,4.842930692769885,0.20648653954369436,0.004523893421169303,0.08527338202545934,0.07539822368619684,0.8134372106193014,-0.20648653954369436,1.0
spectral_peak,B_transition_5mm_7p8,0.005,7.8,+body_x,2,3.0000000000016627,18.849555921549207,0.2542521847587874,0.7491434759701842,57.20138274088224,-4.210777473076941,-4.210523648756425,-4.210743108892863,45.40790119392994,45.40160381405419,45.41419857380568,72.06466483846165,216.19399451538496,10000000.0,50.0,0.012994946687224333,2.165824447870722,0.46171793885839907,0.022619467105846513,0.42636691012729666,0.07539822368619684,0.6302000698265191,-0.46171793885839907,1.0
spectral_peak,B_transition_5mm_7p8,0.005,7.8,+body_x,2,3.0000000000016627,18.849555921549207,0.2542521847587874,0.7491434759701842,57.20138274088224,-4.210777473076941,-4.210523648756425,-4.210743108892863,45.40790119392994,45.40160381405419,45.41419857380568,72.06466483846165,216.19399451538496,10000000.0,100.0,0.009188814923693988,1.531469153948998,0.6529677711244994,0.045238934211693026,0.8527338202545933,0.07539822368619684,0.520498761108735,-0.6529677711244994,1.0
spectral_peak,B_transition_5mm_7p8,0.005,7.8,+body_x,2,3.0000000000016627,18.849555921549207,0.2542521847587874,0.7491434759701842,57.20138274088224,-4.210777473076941,-4.210523648756425,-4.210743108892863,45.40790119392994,45.40160381405419,45.41419857380568,72.06466483846165,216.19399451538496,10000000.0,500.0,0.00410936296040886,0.68489382673481,1.4600803233509048,0.2261946710584651,4.263669101272966,0.07539822368619684,0.23221762148312655,-1.4600803233509048,0.9687125092193274
spectral_peak,B_transition_5mm_7p8,0.005,7.8,+body_x,3,20.000000000011084,125.66370614366137,0.051652083024077686,0.8007955589942618,57.20138274088224,-4.210777473076941,-4.210523648756425,-4.210743108892863,45.40790119392994,45.40160381405419,45.41419857380568,72.06466483846165,216.19399451538496,1000000.0,10.0,0.03558812717084899,5.931354528474832,0.16859555354502415,0.0004523893421169302,0.056848921350306204,0.5026548245746455,0.8448505310986061,-0.16859555354502415,1.0
spectral_peak,B_transition_5mm_7p8,0.005,7.8,+body_x,3,20.000000000011084,125.66370614366137,0.051652083024077686,0.8007955589942618,57.20138274088224,-4.210777473076941,-4.210523648756425,-4.210743108892863,45.40790119392994,45.40160381405419,45.41419857380568,72.06466483846165,216.19399451538496,1000000.0,50.0,0.015915494309185124,2.6525823848641874,0.3769911184308796,0.0022619467105846514,0.28424460675153107,0.5026548245746455,0.6859221659340946,-0.3769911184308796,1.0
spectral_peak,B_transition_5mm_7p8,0.005,7.8,+body_x,3,20.000000000011084,125.66370614366137,0.051652083024077686,0.8007955589942618,57.20138274088224,-4.210777473076941,-4.210523648756425,-4.210743108892863,45.40790119392994,45.40160381405419,45.41419857380568,72.06466483846165,216.19399451538496,1000000.0,100.0,0.011253953951960707,1.8756589919934512,0.5331459525791518,0.004523893421169303,0.5684892135030621,0.5026548245746455,0.5867561560207528,-0.5331459525791518,1.0
spectral_peak,B_transition_5mm_7p8,0.005,7.8,+body_x,3,20.000000000011084,125.66370614366137,0.051652083024077686,0.8007955589942618,57.20138274088224,-4.210777473076941,-4.210523648756425,-4.210743108892863,45.40790119392994,45.40160381405419,45.41419857380568,72.06466483846165,216.19399451538496,1000000.0,500.0,0.005032921210447309,0.8388202017412182,1.1921505918958626,0.022619467105846513,2.842446067515311,0.5026548245746455,0.3035677112961916,-1.1921505918958626,0.995812721728049
spectral_peak,B_transition_5mm_7p8,0.005,7.8,+body_x,3,20.000000000011084,125.66370614366137,0.051652083024077686,0.8007955589942618,57.20138274088224,-4.210777473076941,-4.210523648756425,-4.210743108892863,45.40790119392994,45.40160381405419,45.41419857380568,72.06466483846165,216.19399451538496,3000000.0,10.0,0.0205468148020443,3.42446913367405,0.292016064670181,0.0013571680263507906,0.17054676405091862,0.5026548245746455,0.7467565394794853,-0.292016064670181,1.0
spectral_peak,B_transition_5mm_7p8,0.005,7.8,+body_x,3,20.000000000011084,125.66370614366137,0.051652083024077686,0.8007955589942618,57.20138274088224,-4.210777473076941,-4.210523648756425,-4.210743108892863,45.40790119392994,45.40160381405419,45.41419857380568,72.06466483846165,216.19399451538496,3000000.0,50.0,0.009188814923693988,1.531469153948998,0.6529677711244994,0.006785840131753954,0.8527338202545932,0.5026548245746455,0.520498761108735,-0.6529677711244994,1.0
spectral_peak,B_transition_5mm_7p8,0.005,7.8,+body_x,3,20.000000000011084,125.66370614366137,0.051652083024077686,0.8007955589942618,57.20138274088224,-4.210777473076941,-4.210523648756425,-4.210743108892863,45.40790119392994,45.40160381405419,45.41419857380568,72.06466483846165,216.19399451538496,3000000.0,100.0,0.006497473343612167,1.082912223935361,0.9234358777167981,0.013571680263507907,1.7054676405091864,0.5026548245746455,0.3971521280093496,-0.9234358777167981,1.0
spectral_peak,B_transition_5mm_7p8,0.005,7.8,+body_x,3,20.000000000011084,125.66370614366137,0.051652083024077686,0.8007955589942618,57.20138274088224,-4.210777473076941,-4.210523648756425,-4.210743108892863,45.40790119392994,45.40160381405419,45.41419857380568,72.06466483846165,216.19399451538496,3000000.0,500.0,0.0029057584156619307,0.48429306927698845,2.064865395436944,0.06785840131753954,8.527338202545932,0.5026548245746455,0.1268353620375076,-2.064865395436944,0.8628458654283107
spectral_peak,B_transition_5mm_7p8,0.005,7.8,+body_x,3,20.000000000011084,125.66370614366137,0.051652083024077686,0.8007955589942618,57.20138274088224,-4.210777473076941,-4.210523648756425,-4.210743108892863,45.40790119392994,45.40160381405419,45.41419857380568,72.06466483846165,216.19399451538496,6000000.0,10.0,0.014528792078309654,2.4214653463849425,0.41297307908738873,0.0027143360527015813,0.34109352810183724,0.5026548245746455,0.6616800956201098,-0.41297307908738873,1.0
spectral_peak,B_transition_5mm_7p8,0.005,7.8,+body_x,3,20.000000000011084,125.66370614366137,0.051652083024077686,0.8007955589942618,57.20138274088224,-4.210777473076941,-4.210523648756425,-4.210743108892863,45.40790119392994,45.40160381405419,45.41419857380568,72.06466483846165,216.19399451538496,6000000.0,50.0,0.006497473343612167,1.082912223935361,0.9234358777167981,0.013571680263507907,1.7054676405091864,0.5026548245746455,0.3971521280093496,-0.9234358777167981,1.0
spectral_peak,B_transition_5mm_7p8,0.005,7.8,+body_x,3,20.000000000011084,125.66370614366137,0.051652083024077686,0.8007955589942618,57.20138274088224,-4.210777473076941,-4.210523648756425,-4.210743108892863,45.40790119392994,45.40160381405419,45.41419857380568,72.06466483846165,216.19399451538496,6000000.0,100.0,0.004594407461846994,0.765734576974499,1.3059355422489989,0.027143360527015815,3.410935281018373,0.5026548245746455,0.270918960315728,-1.3059355422489989,0.9871434460162816
spectral_peak,B_transition_5mm_7p8,0.005,7.8,+body_x,3,20.000000000011084,125.66370614366137,0.051652083024077686,0.8007955589942618,57.20138274088224,-4.210777473076941,-4.210523648756425,-4.210743108892863,45.40790119392994,45.40160381405419,45.41419857380568,72.06466483846165,216.19399451538496,6000000.0,500.0,0.00205468148020443,0.342446913367405,2.9201606467018095,0.13571680263507907,17.054676405091865,0.5026548245746455,0.05392502372728064,-2.9201606467018095,0.7156897860167828
spectral_peak,B_transition_5mm_7p8,0.005,7.8,+body_x,3,20.000000000011084,125.66370614366137,0.051652083024077686,0.8007955589942618,57.20138274088224,-4.210777473076941,-4.210523648756425,-4.210743108892863,45.40790119392994,45.40160381405419,45.41419857380568,72.06466483846165,216.19399451538496,10000000.0,10.0,0.011253953951960707,1.8756589919934512,0.5331459525791518,0.004523893421169303,0.5684892135030621,0.5026548245746455,0.5867561560207528,-0.5331459525791518,1.0
spectral_peak,B_transition_5mm_7p8,0.005,7.8,+body_x,3,20.000000000011084,125.66370614366137,0.051652083024077686,0.8007955589942618,57.20138274088224,-4.210777473076941,-4.210523648756425,-4.210743108892863,45.40790119392994,45.40160381405419,45.41419857380568,72.06466483846165,216.19399451538496,10000000.0,50.0,0.005032921210447309,0.8388202017412182,1.1921505918958626,0.022619467105846513,2.842446067515311,0.5026548245746455,0.3035677112961916,-1.1921505918958626,0.995812721728049
spectral_peak,B_transition_5mm_7p8,0.005,7.8,+body_x,3,20.000000000011084,125.66370614366137,0.051652083024077686,0.8007955589942618,57.20138274088224,-4.210777473076941,-4.210523648756425,-4.210743108892863,45.40790119392994,45.40160381405419,45.41419857380568,72.06466483846165,216.19399451538496,10000000.0,100.0,0.0035588127170848994,0.5931354528474833,1.6859555354502413,0.045238934211693026,5.684892135030622,0.5026548245746455,0.1852673178600619,-1.6859555354502413,0.9326481474864179
spectral_peak,B_transition_5mm_7p8,0.005,7.8,+body_x,3,20.000000000011084,125.66370614366137,0.051652083024077686,0.8007955589942618,57.20138274088224,-4.210777473076941,-4.210523648756425,-4.210743108892863,45.40790119392994,45.40160381405419,45.41419857380568,72.06466483846165,216.19399451538496,10000000.0,500.0,0.0015915494309185125,0.2652582384864187,3.7699111843087962,0.2261946710584651,28.424460675153107,0.5026548245746455,0.023054110763082745,-3.7699111843087962,0.6033529986311074
spectral_peak,B_transition_5mm_7p8,0.005,7.8,-body_x,1,4.2500000000023554,26.70353755552804,0.5007588334065934,0.5007588334065934,58.46030824638265,-4.210777473076941,-4.210523648756425,-4.210743108892863,45.40790119392994,45.40160381405419,45.41419857380568,72.06466483846165,216.19399451538496,1000000.0,10.0,0.0772014872008083,12.86691453346805,0.07771871006051267,0.0004523893421169302,0.01208039578694007,0.10681415022211216,0.9252246463279975,-0.07771871006051267,1.0
spectral_peak,B_transition_5mm_7p8,0.005,7.8,-body_x,1,4.2500000000023554,26.70353755552804,0.5007588334065934,0.5007588334065934,58.46030824638265,-4.210777473076941,-4.210523648756425,-4.210743108892863,45.40790119392994,45.40160381405419,45.41419857380568,72.06466483846165,216.19399451538496,1000000.0,50.0,0.03452555466901746,5.754259111502909,0.17378431881890313,0.0022619467105846514,0.060401978934700354,0.10681415022211216,0.8404781534318174,-0.17378431881890313,1.0
spectral_peak,B_transition_5mm_7p8,0.005,7.8,-body_x,1,4.2500000000023554,26.70353755552804,0.5007588334065934,0.5007588334065934,58.46030824638265,-4.210777473076941,-4.210523648756425,-4.210743108892863,45.40790119392994,45.40160381405419,45.41419857380568,72.06466483846165,216.19399451538496,1000000.0,100.0,0.024413253830689114,4.068875638448185,0.2457681406014627,0.004523893421169303,0.12080395786940071,0.10681415022211216,0.7821035419614686,-0.2457681406014627,1.0
spectral_peak,B_transition_5mm_7p8,0.005,7.8,-body_x,1,4.2500000000023554,26.70353755552804,0.5007588334065934,0.5007588334065934,58.46030824638265,-4.210777473076941,-4.210523648756425,-4.210743108892863,45.40790119392994,45.40160381405419,45.41419857380568,72.06466483846165,216.19399451538496,1000000.0,500.0,0.0109179390234756,1.8196565039125998,0.5495542690885967,0.022619467105846513,0.6040197893470035,0.10681415022211216,0.5772070320668713,-0.5495542690885967,1.0
spectral_peak,B_transition_5mm_7p8,0.005,7.8,-body_x,1,4.2500000000023554,26.70353755552804,0.5007588334065934,0.5007588334065934,58.46030824638265,-4.210777473076941,-4.210523648756425,-4.210743108892863,45.40790119392994,45.40160381405419,45.41419857380568,72.06466483846165,216.19399451538496,3000000.0,10.0,0.04457229941722612,7.428716569537686,0.1346127545235224,0.0013571680263507906,0.03624118736082021,0.10681415022211216,0.8740543197418272,-0.1346127545235224,1.0
spectral_peak,B_transition_5mm_7p8,0.005,7.8,-body_x,1,4.2500000000023554,26.70353755552804,0.5007588334065934,0.5007588334065934,58.46030824638265,-4.210777473076941,-4.210523648756425,-4.210743108892863,45.40790119392994,45.40160381405419,45.41419857380568,72.06466483846165,216.19399451538496,3000000.0,50.0,0.01993333828207837,3.3222230470130616,0.30100326975308844,0.006785840131753954,0.18120593680410105,0.10681415022211216,0.7400753528790807,-0.30100326975308844,1.0
spectral_peak,B_transition_5mm_7p8,0.005,7.8,-body_x,1,4.2500000000023554,26.70353755552804,0.5007588334065934,0.5007588334065934,58.46030824638265,-4.210777473076941,-4.210523648756425,-4.210743108892863,45.40790119392994,45.40160381405419,45.41419857380568,72.06466483846165,216.19399451538496,3000000.0,100.0,0.01409499867094302,2.34916644515717,0.4256829064034649,0.013571680263507907,0.3624118736082021,0.10681415022211216,0.6533234739689103,-0.4256829064034649,1.0
spectral_peak,B_transition_5mm_7p8,0.005,7.8,-body_x,1,4.2500000000023554,26.70353755552804,0.5007588334065934,0.5007588334065934,58.46030824638265,-4.210777473076941,-4.210523648756425,-4.210743108892863,45.40790119392994,45.40160381405419,45.41419857380568,72.06466483846165,216.19399451538496,3000000.0,500.0,0.0063034750341995575,1.050579172366593,0.951855915577828,0.06785840131753954,1.8120593680410104,0.10681415022211216,0.38602393040240085,-0.951855915577828,1.0
spectral_peak,B_transition_5mm_7p8,0.005,7.8,-body_x,1,4.2500000000023554,26.70353755552804,0.5007588334065934,0.5007588334065934,58.46030824638265,-4.210777473076941,-4.210523648756425,-4.210743108892863,45.40790119392994,45.40160381405419,45.41419857380568,72.06466483846165,216.19399451538496,6000000.0,10.0,0.03151737517099779,5.2528958618329655,0.19037118311556556,0.0027143360527015813,0.07248237472164042,0.10681415022211216,0.8266522376364671,-0.19037118311556556,1.0
spectral_peak,B_transition_5mm_7p8,0.005,7.8,-body_x,1,4.2500000000023554,26.70353755552804,0.5007588334065934,0.5007588334065934,58.46030824638265,-4.210777473076941,-4.210523648756425,-4.210743108892863,45.40790119392994,45.40160381405419,45.41419857380568,72.06466483846165,216.19399451538496,6000000.0,50.0,0.01409499867094302,2.34916644515717,0.4256829064034649,0.013571680263507907,0.3624118736082021,0.10681415022211216,0.6533234739689103,-0.4256829064034649,1.0
spectral_peak,B_transition_5mm_7p8,0.005,7.8,-body_x,1,4.2500000000023554,26.70353755552804,0.5007588334065934,0.5007588334065934,58.46030824638265,-4.210777473076941,-4.210523648756425,-4.210743108892863,45.40790119392994,45.40160381405419,45.41419857380568,72.06466483846165,216.19399451538496,6000000.0,100.0,0.009966669141039185,1.6611115235065308,0.6020065395061769,0.027143360527015815,0.7248237472164042,0.10681415022211216,0.5477115279390958,-0.6020065395061769,1.0
spectral_peak,B_transition_5mm_7p8,0.005,7.8,-body_x,1,4.2500000000023554,26.70353755552804,0.5007588334065934,0.5007588334065934,58.46030824638265,-4.210777473076941,-4.210523648756425,-4.210743108892863,45.40790119392994,45.40160381405419,45.41419857380568,72.06466483846165,216.19399451538496,6000000.0,500.0,0.004457229941722611,0.7428716569537686,1.3461275452352242,0.13571680263507907,3.624118736082021,0.10681415022211216,0.26024610311121554,-1.3461275452352242,0.9829999635084405
spectral_peak,B_transition_5mm_7p8,0.005,7.8,-body_x,1,4.2500000000023554,26.70353755552804,0.5007588334065934,0.5007588334065934,58.46030824638265,-4.210777473076941,-4.210523648756425,-4.210743108892863,45.40790119392994,45.40160381405419,45.41419857380568,72.06466483846165,216.19399451538496,10000000.0,10.0,0.024413253830689114,4.068875638448185,0.2457681406014627,0.004523893421169303,0.12080395786940071,0.10681415022211216,0.7821035419614686,-0.2457681406014627,1.0
spectral_peak,B_transition_5mm_7p8,0.005,7.8,-body_x,1,4.2500000000023554,26.70353755552804,0.5007588334065934,0.5007588334065934,58.46030824638265,-4.210777473076941,-4.210523648756425,-4.210743108892863,45.40790119392994,45.40160381405419,45.41419857380568,72.06466483846165,216.19399451538496,10000000.0,50.0,0.0109179390234756,1.8196565039125998,0.5495542690885967,0.022619467105846513,0.6040197893470035,0.10681415022211216,0.5772070320668713,-0.5495542690885967,1.0
spectral_peak,B_transition_5mm_7p8,0.005,7.8,-body_x,1,4.2500000000023554,26.70353755552804,0.5007588334065934,0.5007588334065934,58.46030824638265,-4.210777473076941,-4.210523648756425,-4.210743108892863,45.40790119392994,45.40160381405419,45.41419857380568,72.06466483846165,216.19399451538496,10000000.0,100.0,0.007720148720080829,1.2866914533468048,0.7771871006051269,0.045238934211693026,1.208039578694007,0.10681415022211216,0.45969727654521886,-0.7771871006051269,1.0
spectral_peak,B_transition_5mm_7p8,0.005,7.8,-body_x,1,4.2500000000023554,26.70353755552804,0.5007588334065934,0.5007588334065934,58.46030824638265,-4.210777473076941,-4.210523648756425,-4.210743108892863,45.40790119392994,45.40160381405419,45.41419857380568,72.06466483846165,216.19399451538496,10000000.0,500.0,0.003452555466901746,0.575425911150291,1.7378431881890315,0.2261946710584651,6.040197893470035,0.10681415022211216,0.17589937362993865,-1.7378431881890315,0.9234649343964317
spectral_peak,B_transition_5mm_7p8,0.005,7.8,-body_x,2,3.0000000000016627,18.849555921549207,0.2381246575660499,0.7388834909726434,58.46030824638265,-4.210777473076941,-4.210523648756425,-4.210743108892863,45.40790119392994,45.40160381405419,45.41419857380568,72.06466483846165,216.19399451538496,1000000.0,10.0,0.09188814923693987,15.314691539489978,0.06529677711244994,0.0004523893421169302,0.008527338202545932,0.07539822368619684,0.9367894044642531,-0.06529677711244994,1.0
spectral_peak,B_transition_5mm_7p8,0.005,7.8,-body_x,2,3.0000000000016627,18.849555921549207,0.2381246575660499,0.7388834909726434,58.46030824638265,-4.210777473076941,-4.210523648756425,-4.210743108892863,45.40790119392994,45.40160381405419,45.41419857380568,72.06466483846165,216.19399451538496,1000000.0,50.0,0.0410936296040886,6.8489382673481,0.1460080323350905,0.0022619467105846514,0.04263669101272967,0.07539822368619684,0.8641507620082767,-0.1460080323350905,1.0
spectral_peak,B_transition_5mm_7p8,0.005,7.8,-body_x,2,3.0000000000016627,18.849555921549207,0.2381246575660499,0.7388834909726434,58.46030824638265,-4.210777473076941,-4.210523648756425,-4.210743108892863,45.40790119392994,45.40160381405419,45.41419857380568,72.06466483846165,216.19399451538496,1000000.0,100.0,0.02905758415661931,4.842930692769885,0.20648653954369436,0.004523893421169303,0.08527338202545934,0.07539822368619684,0.8134372106193014,-0.20648653954369436,1.0
spectral_peak,B_transition_5mm_7p8,0.005,7.8,-body_x,2,3.0000000000016627,18.849555921549207,0.2381246575660499,0.7388834909726434,58.46030824638265,-4.210777473076941,-4.210523648756425,-4.210743108892863,45.40790119392994,45.40160381405419,45.41419857380568,72.06466483846165,216.19399451538496,1000000.0,500.0,0.012994946687224333,2.165824447870722,0.46171793885839907,0.022619467105846513,0.42636691012729666,0.07539822368619684,0.6302000698265191,-0.46171793885839907,1.0
spectral_peak,B_transition_5mm_7p8,0.005,7.8,-body_x,2,3.0000000000016627,18.849555921549207,0.2381246575660499,0.7388834909726434,58.46030824638265,-4.210777473076941,-4.210523648756425,-4.210743108892863,45.40790119392994,45.40160381405419,45.41419857380568,72.06466483846165,216.19399451538496,3000000.0,10.0,0.053051647697283745,8.841941282880624,0.1130973355292639,0.0013571680263507906,0.025582014607637798,0.07539822368619684,0.8930637290546098,-0.1130973355292639,1.0
spectral_peak,B_transition_5mm_7p8,0.005,7.8,-body_x,2,3.0000000000016627,18.849555921549207,0.2381246575660499,0.7388834909726434,58.46030824638265,-4.210777473076941,-4.210523648756425,-4.210743108892863,45.40790119392994,45.40160381405419,45.41419857380568,72.06466483846165,216.19399451538496,3000000.0,50.0,0.023725418113899326,3.954236352316554,0.25289333031753625,0.006785840131753954,0.127910073038189,0.07539822368619684,0.7765507118237817,-0.25289333031753625,1.0
spectral_peak,B_transition_5mm_7p8,0.005,7.8,-body_x,2,3.0000000000016627,18.849555921549207,0.2381246575660499,0.7388834909726434,58.46030824638265,-4.210777473076941,-4.210523648756425,-4.210743108892863,45.40790119392994,45.40160381405419,45.41419857380568,72.06466483846165,216.19399451538496,3000000.0,100.0,0.016776404034824364,2.796067339137394,0.35764517756875874,0.013571680263507907,0.255820146076378,0.07539822368619684,0.6993211658261058,-0.35764517756875874,1.0
spectral_peak,B_transition_5mm_7p8,0.005,7.8,-body_x,2,3.0000000000016627,18.849555921549207,0.2381246575660499,0.7388834909726434,58.46030824638265,-4.210777473076941,-4.210523648756425,-4.210743108892863,45.40790119392994,45.40160381405419,45.41419857380568,72.06466483846165,216.19399451538496,3000000.0,500.0,0.007502635967973805,1.250439327995634,0.7997189288687275,0.06785840131753954,1.2791007303818898,0.07539822368619684,0.44945527526785695,-0.7997189288687275,1.0
spectral_peak,B_transition_5mm_7p8,0.005,7.8,-body_x,2,3.0000000000016627,18.849555921549207,0.2381246575660499,0.7388834909726434,58.46030824638265,-4.210777473076941,-4.210523648756425,-4.210743108892863,45.40790119392994,45.40160381405419,45.41419857380568,72.06466483846165,216.19399451538496,6000000.0,10.0,0.03751317983986902,6.2521966399781705,0.15994378577374552,0.0027143360527015813,0.051164029215275596,0.07539822368619684,0.8521916929163947,-0.15994378577374552,1.0
spectral_peak,B_transition_5mm_7p8,0.005,7.8,-body_x,2,3.0000000000016627,18.849555921549207,0.2381246575660499,0.7388834909726434,58.46030824638265,-4.210777473076941,-4.210523648756425,-4.210743108892863,45.40790119392994,45.40160381405419,45.41419857380568,72.06466483846165,216.19399451538496,6000000.0,50.0,0.016776404034824364,2.796067339137394,0.35764517756875874,0.013571680263507907,0.255820146076378,0.07539822368619684,0.6993211658261058,-0.35764517756875874,1.0
spectral_peak,B_transition_5mm_7p8,0.005,7.8,-body_x,2,3.0000000000016627,18.849555921549207,0.2381246575660499,0.7388834909726434,58.46030824638265,-4.210777473076941,-4.210523648756425,-4.210743108892863,45.40790119392994,45.40160381405419,45.41419857380568,72.06466483846165,216.19399451538496,6000000.0,100.0,0.011862709056949663,1.977118176158277,0.5057866606350725,0.027143360527015815,0.511640292152756,0.07539822368619684,0.603031008034022,-0.5057866606350725,1.0
spectral_peak,B_transition_5mm_7p8,0.005,7.8,-body_x,2,3.0000000000016627,18.849555921549207,0.2381246575660499,0.7388834909726434,58.46030824638265,-4.210777473076941,-4.210523648756425,-4.210743108892863,45.40790119392994,45.40160381405419,45.41419857380568,72.06466483846165,216.19399451538496,6000000.0,500.0,0.005305164769728374,0.8841941282880623,1.130973355292639,0.13571680263507907,2.5582014607637795,0.07539822368619684,0.3227189832669478,-1.130973355292639,0.9984469274633927
spectral_peak,B_transition_5mm_7p8,0.005,7.8,-body_x,2,3.0000000000016627,18.849555921549207,0.2381246575660499,0.7388834909726434,58.46030824638265,-4.210777473076941,-4.210523648756425,-4.210743108892863,45.40790119392994,45.40160381405419,45.41419857380568,72.06466483846165,216.19399451538496,10000000.0,10.0,0.02905758415661931,4.842930692769885,0.20648653954369436,0.004523893421169303,0.08527338202545934,0.07539822368619684,0.8134372106193014,-0.20648653954369436,1.0
spectral_peak,B_transition_5mm_7p8,0.005,7.8,-body_x,2,3.0000000000016627,18.849555921549207,0.2381246575660499,0.7388834909726434,58.46030824638265,-4.210777473076941,-4.210523648756425,-4.210743108892863,45.40790119392994,45.40160381405419,45.41419857380568,72.06466483846165,216.19399451538496,10000000.0,50.0,0.012994946687224333,2.165824447870722,0.46171793885839907,0.022619467105846513,0.42636691012729666,0.07539822368619684,0.6302000698265191,-0.46171793885839907,1.0
spectral_peak,B_transition_5mm_7p8,0.005,7.8,-body_x,2,3.0000000000016627,18.849555921549207,0.2381246575660499,0.7388834909726434,58.46030824638265,-4.210777473076941,-4.210523648756425,-4.210743108892863,45.40790119392994,45.40160381405419,45.41419857380568,72.06466483846165,216.19399451538496,10000000.0,100.0,0.009188814923693988,1.531469153948998,0.6529677711244994,0.045238934211693026,0.8527338202545933,0.07539822368619684,0.520498761108735,-0.6529677711244994,1.0
spectral_peak,B_transition_5mm_7p8,0.005,7.8,-body_x,2,3.0000000000016627,18.849555921549207,0.2381246575660499,0.7388834909726434,58.46030824638265,-4.210777473076941,-4.210523648756425,-4.210743108892863,45.40790119392994,45.40160381405419,45.41419857380568,72.06466483846165,216.19399451538496,10000000.0,500.0,0.00410936296040886,0.68489382673481,1.4600803233509048,0.2261946710584651,4.263669101272966,0.07539822368619684,0.23221762148312655,-1.4600803233509048,0.9687125092193274
spectral_peak,B_transition_5mm_7p8,0.005,7.8,-body_x,3,11.500000000006374,72.25663103260528,0.04653187337914792,0.7854153643517913,58.46030824638265,-4.210777473076941,-4.210523648756425,-4.210743108892863,45.40790119392994,45.40160381405419,45.41419857380568,72.06466483846165,216.19399451538496,1000000.0,10.0,0.04693223228236776,7.8220387137279594,0.1278439082952842,0.0004523893421169302,0.032688129776426066,0.2890265241304211,0.8799907276776989,-0.1278439082952842,1.0
spectral_peak,B_transition_5mm_7p8,0.005,7.8,-body_x,3,11.500000000006374,72.25663103260528,0.04653187337914792,0.7854153643517913,58.46030824638265,-4.210777473076941,-4.210523648756425,-4.210743108892863,45.40790119392994,45.40160381405419,45.41419857380568,72.06466483846165,216.19399451538496,1000000.0,50.0,0.020988732343836882,3.498122057306147,0.28586766945750475,0.0022619467105846514,0.16344064888213036,0.2890265241304211,0.7513620375145206,-0.28586766945750475,1.0
spectral_peak,B_transition_5mm_7p8,0.005,7.8,-body_x,3,11.500000000006374,72.25663103260528,0.04653187337914792,0.7854153643517913,58.46030824638265,-4.210777473076941,-4.210523648756425,-4.210743108892863,45.40790119392994,45.40160381405419,45.41419857380568,72.06466483846165,216.19399451538496,1000000.0,100.0,0.01484127496883648,2.473545828139413,0.40427793519079214,0.004523893421169303,0.3268812977642607,0.2890265241304211,0.6674585852573905,-0.40427793519079214,1.0
spectral_peak,B_transition_5mm_7p8,0.005,7.8,-body_x,3,11.500000000006374,72.25663103260528,0.04653187337914792,0.7854153643517913,58.46030824638265,-4.210777473076941,-4.210523648756425,-4.210743108892863,45.40790119392994,45.40160381405419,45.41419857380568,72.06466483846165,216.19399451538496,1000000.0,500.0,0.006637219940616888,1.106203323436148,0.9039929448898657,0.022619467105846513,1.6344064888213037,0.2890265241304211,0.4049494862796513,-0.9039929448898657,1.0
spectral_peak,B_transition_5mm_7p8,0.005,7.8,-body_x,3,11.500000000006374,72.25663103260528,0.04653187337914792,0.7854153643517913,58.46030824638265,-4.210777473076941,-4.210523648756425,-4.210743108892863,45.40790119392994,45.40160381405419,45.41419857380568,72.06466483846165,216.19399451538496,3000000.0,10.0,0.02709633694189507,4.516056156982512,0.22143214460560848,0.0013571680263507906,0.0980643893292782,0.2890265241304211,0.8013702976006775,-0.22143214460560848,1.0
spectral_peak,B_transition_5mm_7p8,0.005,7.8,-body_x,3,11.500000000006374,72.25663103260528,0.04653187337914792,0.7854153643517913,58.46030824638265,-4.210777473076941,-4.210523648756425,-4.210743108892863,45.40790119392994,45.40160381405419,45.41419857380568,72.06466483846165,216.19399451538496,3000000.0,50.0,0.012117850268663228,2.0196417114438714,0.49513732774170394,0.006785840131753954,0.49032194664639106,0.2890265241304211,0.6094872020478598,-0.49513732774170394,1.0
spectral_peak,B_transition_5mm_7p8,0.005,7.8,-body_x,3,11.500000000006374,72.25663103260528,0.04653187337914792,0.7854153643517913,58.46030824638265,-4.210777473076941,-4.210523648756425,-4.210743108892863,45.40790119392994,45.40160381405419,45.41419857380568,72.06466483846165,216.19399451538496,3000000.0,100.0,0.008568614098374996,1.428102349729166,0.7002299241294898,0.013571680263507907,0.9806438932927821,0.2890265241304211,0.49647113997272907,-0.7002299241294898,1.0
spectral_peak,B_transition_5mm_7p8,0.005,7.8,-body_x,3,11.500000000006374,72.25663103260528,0.04653187337914792,0.7854153643517913,58.46030824638265,-4.210777473076941,-4.210523648756425,-4.210743108892863,45.40790119392994,45.40160381405419,45.41419857380568,72.06466483846165,216.19399451538496,3000000.0,500.0,0.0038320007193859123,0.6386667865643187,1.5657617102330594,0.06785840131753954,4.90321946646391,0.2890265241304211,0.20892880933533256,-1.5657617102330594,0.9528237245917659
spectral_peak,B_transition_5mm_7p8,0.005,7.8,-body_x,3,11.500000000006374,72.25663103260528,0.04653187337914792,0.7854153643517913,58.46030824638265,-4.210777473076941,-4.210523648756425,-4.210743108892863,45.40790119392994,45.40160381405419,45.41419857380568,72.06466483846165,216.19399451538496,6000000.0,10.0,0.01916000359692956,3.1933339328215933,0.3131523420466119,0.0027143360527015813,0.1961287786585564,0.2890265241304211,0.7311385209456458,-0.3131523420466119,1.0
spectral_peak,B_transition_5mm_7p8,0.005,7.8,-body_x,3,11.500000000006374,72.25663103260528,0.04653187337914792,0.7854153643517913,58.46030824638265,-4.210777473076941,-4.210523648756425,-4.210743108892863,45.40790119392994,45.40160381405419,45.41419857380568,72.06466483846165,216.19399451538496,6000000.0,50.0,0.008568614098374996,1.428102349729166,0.7002299241294898,0.013571680263507907,0.9806438932927821,0.2890265241304211,0.49647113997272907,-0.7002299241294898,1.0
spectral_peak,B_transition_5mm_7p8,0.005,7.8,-body_x,3,11.500000000006374,72.25663103260528,0.04653187337914792,0.7854153643517913,58.46030824638265,-4.210777473076941,-4.210523648756425,-4.210743108892863,45.40790119392994,45.40160381405419,45.41419857380568,72.06466483846165,216.19399451538496,6000000.0,100.0,0.006058925134331614,1.0098208557219357,0.9902746554834079,0.027143360527015815,1.9612877865855642,0.2890265241304211,0.37147464946012865,-0.9902746554834079,1.0
spectral_peak,B_transition_5mm_7p8,0.005,7.8,-body_x,3,11.500000000006374,72.25663103260528,0.04653187337914792,0.7854153643517913,58.46030824638265,-4.210777473076941,-4.210523648756425,-4.210743108892863,45.40790119392994,45.40160381405419,45.41419857380568,72.06466483846165,216.19399451538496,6000000.0,500.0,0.002709633694189507,0.45160561569825114,2.214321446056085,0.13571680263507907,9.80643893292782,0.2890265241304211,0.1092276059308083,-2.214321446056085,0.8350778466825217
spectral_peak,B_transition_5mm_7p8,0.005,7.8,-body_x,3,11.500000000006374,72.25663103260528,0.04653187337914792,0.7854153643517913,58.46030824638265,-4.210777473076941,-4.210523648756425,-4.210743108892863,45.40790119392994,45.40160381405419,45.41419857380568,72.06466483846165,216.19399451538496,10000000.0,10.0,0.01484127496883648,2.473545828139413,0.40427793519079214,0.004523893421169303,0.3268812977642607,0.2890265241304211,0.6674585852573905,-0.40427793519079214,1.0
spectral_peak,B_transition_5mm_7p8,0.005,7.8,-body_x,3,11.500000000006374,72.25663103260528,0.04653187337914792,0.7854153643517913,58.46030824638265,-4.210777473076941,-4.210523648756425,-4.210743108892863,45.40790119392994,45.40160381405419,45.41419857380568,72.06466483846165,216.19399451538496,10000000.0,50.0,0.006637219940616888,1.106203323436148,0.9039929448898657,0.022619467105846513,1.6344064888213037,0.2890265241304211,0.4049494862796513,-0.9039929448898657,1.0
spectral_peak,B_transition_5mm_7p8,0.005,7.8,-body_x,3,11.500000000006374,72.25663103260528,0.04653187337914792,0.7854153643517913,58.46030824638265,-4.210777473076941,-4.210523648756425,-4.210743108892863,45.40790119392994,45.40160381405419,45.41419857380568,72.06466483846165,216.19399451538496,10000000.0,100.0,0.004693223228236776,0.7822038713727959,1.278439082952842,0.045238934211693026,3.2688129776426074,0.2890265241304211,0.2784716325051832,-1.278439082952842,0.9896688071752829
spectral_peak,B_transition_5mm_7p8,0.005,7.8,-body_x,3,11.500000000006374,72.25663103260528,0.04653187337914792,0.7854153643517913,58.46030824638265,-4.210777473076941,-4.210523648756425,-4.210743108892863,45.40790119392994,45.40160381405419,45.41419857380568,72.06466483846165,216.19399451538496,10000000.0,500.0,0.002098873234383688,0.34981220573061467,2.8586766945750473,0.2261946710584651,16.344064888213033,0.2890265241304211,0.057344594491461946,-2.8586766945750473,0.7251369019868903
spectral_peak,B_transition_5mm_7p8,0.005,7.8,+body_y,1,4.2500000000023554,26.70353755552804,0.810282893300903,0.810282893300903,46.783135832209105,-4.210777473076941,-4.210523648756425,-4.210743108892863,45.40790119392994,45.40160381405419,45.41419857380568,72.06466483846165,216.19399451538496,1000000.0,10.0,0.0772014872008083,12.86691453346805,0.07771871006051267,0.0004523893421169302,0.01208039578694007,0.10681415022211216,0.9252246463279975,-0.07771871006051267,1.0
spectral_peak,B_transition_5mm_7p8,0.005,7.8,+body_y,1,4.2500000000023554,26.70353755552804,0.810282893300903,0.810282893300903,46.783135832209105,-4.210777473076941,-4.210523648756425,-4.210743108892863,45.40790119392994,45.40160381405419,45.41419857380568,72.06466483846165,216.19399451538496,1000000.0,50.0,0.03452555466901746,5.754259111502909,0.17378431881890313,0.0022619467105846514,0.060401978934700354,0.10681415022211216,0.8404781534318174,-0.17378431881890313,1.0
spectral_peak,B_transition_5mm_7p8,0.005,7.8,+body_y,1,4.2500000000023554,26.70353755552804,0.810282893300903,0.810282893300903,46.783135832209105,-4.210777473076941,-4.210523648756425,-4.210743108892863,45.40790119392994,45.40160381405419,45.41419857380568,72.06466483846165,216.19399451538496,1000000.0,100.0,0.024413253830689114,4.068875638448185,0.2457681406014627,0.004523893421169303,0.12080395786940071,0.10681415022211216,0.7821035419614686,-0.2457681406014627,1.0
spectral_peak,B_transition_5mm_7p8,0.005,7.8,+body_y,1,4.2500000000023554,26.70353755552804,0.810282893300903,0.810282893300903,46.783135832209105,-4.210777473076941,-4.210523648756425,-4.210743108892863,45.40790119392994,45.40160381405419,45.41419857380568,72.06466483846165,216.19399451538496,1000000.0,500.0,0.0109179390234756,1.8196565039125998,0.5495542690885967,0.022619467105846513,0.6040197893470035,0.10681415022211216,0.5772070320668713,-0.5495542690885967,1.0
spectral_peak,B_transition_5mm_7p8,0.005,7.8,+body_y,1,4.2500000000023554,26.70353755552804,0.810282893300903,0.810282893300903,46.783135832209105,-4.210777473076941,-4.210523648756425,-4.210743108892863,45.40790119392994,45.40160381405419,45.41419857380568,72.06466483846165,216.19399451538496,3000000.0,10.0,0.04457229941722612,7.428716569537686,0.1346127545235224,0.0013571680263507906,0.03624118736082021,0.10681415022211216,0.8740543197418272,-0.1346127545235224,1.0
spectral_peak,B_transition_5mm_7p8,0.005,7.8,+body_y,1,4.2500000000023554,26.70353755552804,0.810282893300903,0.810282893300903,46.783135832209105,-4.210777473076941,-4.210523648756425,-4.210743108892863,45.40790119392994,45.40160381405419,45.41419857380568,72.06466483846165,216.19399451538496,3000000.0,50.0,0.01993333828207837,3.3222230470130616,0.30100326975308844,0.006785840131753954,0.18120593680410105,0.10681415022211216,0.7400753528790807,-0.30100326975308844,1.0
spectral_peak,B_transition_5mm_7p8,0.005,7.8,+body_y,1,4.2500000000023554,26.70353755552804,0.810282893300903,0.810282893300903,46.783135832209105,-4.210777473076941,-4.210523648756425,-4.210743108892863,45.40790119392994,45.40160381405419,45.41419857380568,72.06466483846165,216.19399451538496,3000000.0,100.0,0.01409499867094302,2.34916644515717,0.4256829064034649,0.013571680263507907,0.3624118736082021,0.10681415022211216,0.6533234739689103,-0.4256829064034649,1.0
spectral_peak,B_transition_5mm_7p8,0.005,7.8,+body_y,1,4.2500000000023554,26.70353755552804,0.810282893300903,0.810282893300903,46.783135832209105,-4.210777473076941,-4.210523648756425,-4.210743108892863,45.40790119392994,45.40160381405419,45.41419857380568,72.06466483846165,216.19399451538496,3000000.0,500.0,0.0063034750341995575,1.050579172366593,0.951855915577828,0.06785840131753954,1.8120593680410104,0.10681415022211216,0.38602393040240085,-0.951855915577828,1.0
spectral_peak,B_transition_5mm_7p8,0.005,7.8,+body_y,1,4.2500000000023554,26.70353755552804,0.810282893300903,0.810282893300903,46.783135832209105,-4.210777473076941,-4.210523648756425,-4.210743108892863,45.40790119392994,45.40160381405419,45.41419857380568,72.06466483846165,216.19399451538496,6000000.0,10.0,0.03151737517099779,5.2528958618329655,0.19037118311556556,0.0027143360527015813,0.07248237472164042,0.10681415022211216,0.8266522376364671,-0.19037118311556556,1.0
spectral_peak,B_transition_5mm_7p8,0.005,7.8,+body_y,1,4.2500000000023554,26.70353755552804,0.810282893300903,0.810282893300903,46.783135832209105,-4.210777473076941,-4.210523648756425,-4.210743108892863,45.40790119392994,45.40160381405419,45.41419857380568,72.06466483846165,216.19399451538496,6000000.0,50.0,0.01409499867094302,2.34916644515717,0.4256829064034649,0.013571680263507907,0.3624118736082021,0.10681415022211216,0.6533234739689103,-0.4256829064034649,1.0
spectral_peak,B_transition_5mm_7p8,0.005,7.8,+body_y,1,4.2500000000023554,26.70353755552804,0.810282893300903,0.810282893300903,46.783135832209105,-4.210777473076941,-4.210523648756425,-4.210743108892863,45.40790119392994,45.40160381405419,45.41419857380568,72.06466483846165,216.19399451538496,6000000.0,100.0,0.009966669141039185,1.6611115235065308,0.6020065395061769,0.027143360527015815,0.7248237472164042,0.10681415022211216,0.5477115279390958,-0.6020065395061769,1.0
spectral_peak,B_transition_5mm_7p8,0.005,7.8,+body_y,1,4.2500000000023554,26.70353755552804,0.810282893300903,0.810282893300903,46.783135832209105,-4.210777473076941,-4.210523648756425,-4.210743108892863,45.40790119392994,45.40160381405419,45.41419857380568,72.06466483846165,216.19399451538496,6000000.0,500.0,0.004457229941722611,0.7428716569537686,1.3461275452352242,0.13571680263507907,3.624118736082021,0.10681415022211216,0.26024610311121554,-1.3461275452352242,0.9829999635084405
spectral_peak,B_transition_5mm_7p8,0.005,7.8,+body_y,1,4.2500000000023554,26.70353755552804,0.810282893300903,0.810282893300903,46.783135832209105,-4.210777473076941,-4.210523648756425,-4.210743108892863,45.40790119392994,45.40160381405419,45.41419857380568,72.06466483846165,216.19399451538496,10000000.0,10.0,0.024413253830689114,4.068875638448185,0.2457681406014627,0.004523893421169303,0.12080395786940071,0.10681415022211216,0.7821035419614686,-0.2457681406014627,1.0
spectral_peak,B_transition_5mm_7p8,0.005,7.8,+body_y,1,4.2500000000023554,26.70353755552804,0.810282893300903,0.810282893300903,46.783135832209105,-4.210777473076941,-4.210523648756425,-4.210743108892863,45.40790119392994,45.40160381405419,45.41419857380568,72.06466483846165,216.19399451538496,10000000.0,50.0,0.0109179390234756,1.8196565039125998,0.5495542690885967,0.022619467105846513,0.6040197893470035,0.10681415022211216,0.5772070320668713,-0.5495542690885967,1.0
spectral_peak,B_transition_5mm_7p8,0.005,7.8,+body_y,1,4.2500000000023554,26.70353755552804,0.810282893300903,0.810282893300903,46.783135832209105,-4.210777473076941,-4.210523648756425,-4.210743108892863,45.40790119392994,45.40160381405419,45.41419857380568,72.06466483846165,216.19399451538496,10000000.0,100.0,0.007720148720080829,1.2866914533468048,0.7771871006051269,0.045238934211693026,1.208039578694007,0.10681415022211216,0.45969727654521886,-0.7771871006051269,1.0
spectral_peak,B_transition_5mm_7p8,0.005,7.8,+body_y,1,4.2500000000023554,26.70353755552804,0.810282893300903,0.810282893300903,46.783135832209105,-4.210777473076941,-4.210523648756425,-4.210743108892863,45.40790119392994,45.40160381405419,45.41419857380568,72.06466483846165,216.19399451538496,10000000.0,500.0,0.003452555466901746,0.575425911150291,1.7378431881890315,0.2261946710584651,6.040197893470035,0.10681415022211216,0.17589937362993865,-1.7378431881890315,0.9234649343964317
spectral_peak,B_transition_5mm_7p8,0.005,7.8,+body_y,2,11.500000000006374,72.25663103260528,0.13463903244347636,0.9449219257443793,46.783135832209105,-4.210777473076941,-4.210523648756425,-4.210743108892863,45.40790119392994,45.40160381405419,45.41419857380568,72.06466483846165,216.19399451538496,1000000.0,10.0,0.04693223228236776,7.8220387137279594,0.1278439082952842,0.0004523893421169302,0.032688129776426066,0.2890265241304211,0.8799907276776989,-0.1278439082952842,1.0
spectral_peak,B_transition_5mm_7p8,0.005,7.8,+body_y,2,11.500000000006374,72.25663103260528,0.13463903244347636,0.9449219257443793,46.783135832209105,-4.210777473076941,-4.210523648756425,-4.210743108892863,45.40790119392994,45.40160381405419,45.41419857380568,72.06466483846165,216.19399451538496,1000000.0,50.0,0.020988732343836882,3.498122057306147,0.28586766945750475,0.0022619467105846514,0.16344064888213036,0.2890265241304211,0.7513620375145206,-0.28586766945750475,1.0
spectral_peak,B_transition_5mm_7p8,0.005,7.8,+body_y,2,11.500000000006374,72.25663103260528,0.13463903244347636,0.9449219257443793,46.783135832209105,-4.210777473076941,-4.210523648756425,-4.210743108892863,45.40790119392994,45.40160381405419,45.41419857380568,72.06466483846165,216.19399451538496,1000000.0,100.0,0.01484127496883648,2.473545828139413,0.40427793519079214,0.004523893421169303,0.3268812977642607,0.2890265241304211,0.6674585852573905,-0.40427793519079214,1.0
spectral_peak,B_transition_5mm_7p8,0.005,7.8,+body_y,2,11.500000000006374,72.25663103260528,0.13463903244347636,0.9449219257443793,46.783135832209105,-4.210777473076941,-4.210523648756425,-4.210743108892863,45.40790119392994,45.40160381405419,45.41419857380568,72.06466483846165,216.19399451538496,1000000.0,500.0,0.006637219940616888,1.106203323436148,0.9039929448898657,0.022619467105846513,1.6344064888213037,0.2890265241304211,0.4049494862796513,-0.9039929448898657,1.0
spectral_peak,B_transition_5mm_7p8,0.005,7.8,+body_y,2,11.500000000006374,72.25663103260528,0.13463903244347636,0.9449219257443793,46.783135832209105,-4.210777473076941,-4.210523648756425,-4.210743108892863,45.40790119392994,45.40160381405419,45.41419857380568,72.06466483846165,216.19399451538496,3000000.0,10.0,0.02709633694189507,4.516056156982512,0.22143214460560848,0.0013571680263507906,0.0980643893292782,0.2890265241304211,0.8013702976006775,-0.22143214460560848,1.0
spectral_peak,B_transition_5mm_7p8,0.005,7.8,+body_y,2,11.500000000006374,72.25663103260528,0.13463903244347636,0.9449219257443793,46.783135832209105,-4.210777473076941,-4.210523648756425,-4.210743108892863,45.40790119392994,45.40160381405419,45.41419857380568,72.06466483846165,216.19399451538496,3000000.0,50.0,0.012117850268663228,2.0196417114438714,0.49513732774170394,0.006785840131753954,0.49032194664639106,0.2890265241304211,0.6094872020478598,-0.49513732774170394,1.0
spectral_peak,B_transition_5mm_7p8,0.005,7.8,+body_y,2,11.500000000006374,72.25663103260528,0.13463903244347636,0.9449219257443793,46.783135832209105,-4.210777473076941,-4.210523648756425,-4.210743108892863,45.40790119392994,45.40160381405419,45.41419857380568,72.06466483846165,216.19399451538496,3000000.0,100.0,0.008568614098374996,1.428102349729166,0.7002299241294898,0.013571680263507907,0.9806438932927821,0.2890265241304211,0.49647113997272907,-0.7002299241294898,1.0
spectral_peak,B_transition_5mm_7p8,0.005,7.8,+body_y,2,11.500000000006374,72.25663103260528,0.13463903244347636,0.9449219257443793,46.783135832209105,-4.210777473076941,-4.210523648756425,-4.210743108892863,45.40790119392994,45.40160381405419,45.41419857380568,72.06466483846165,216.19399451538496,3000000.0,500.0,0.0038320007193859123,0.6386667865643187,1.5657617102330594,0.06785840131753954,4.90321946646391,0.2890265241304211,0.20892880933533256,-1.5657617102330594,0.9528237245917659
spectral_peak,B_transition_5mm_7p8,0.005,7.8,+body_y,2,11.500000000006374,72.25663103260528,0.13463903244347636,0.9449219257443793,46.783135832209105,-4.210777473076941,-4.210523648756425,-4.210743108892863,45.40790119392994,45.40160381405419,45.41419857380568,72.06466483846165,216.19399451538496,6000000.0,10.0,0.01916000359692956,3.1933339328215933,0.3131523420466119,0.0027143360527015813,0.1961287786585564,0.2890265241304211,0.7311385209456458,-0.3131523420466119,1.0
spectral_peak,B_transition_5mm_7p8,0.005,7.8,+body_y,2,11.500000000006374,72.25663103260528,0.13463903244347636,0.9449219257443793,46.783135832209105,-4.210777473076941,-4.210523648756425,-4.210743108892863,45.40790119392994,45.40160381405419,45.41419857380568,72.06466483846165,216.19399451538496,6000000.0,50.0,0.008568614098374996,1.428102349729166,0.7002299241294898,0.013571680263507907,0.9806438932927821,0.2890265241304211,0.49647113997272907,-0.7002299241294898,1.0
spectral_peak,B_transition_5mm_7p8,0.005,7.8,+body_y,2,11.500000000006374,72.25663103260528,0.13463903244347636,0.9449219257443793,46.783135832209105,-4.210777473076941,-4.210523648756425,-4.210743108892863,45.40790119392994,45.40160381405419,45.41419857380568,72.06466483846165,216.19399451538496,6000000.0,100.0,0.006058925134331614,1.0098208557219357,0.9902746554834079,0.027143360527015815,1.9612877865855642,0.2890265241304211,0.37147464946012865,-0.9902746554834079,1.0
spectral_peak,B_transition_5mm_7p8,0.005,7.8,+body_y,2,11.500000000006374,72.25663103260528,0.13463903244347636,0.9449219257443793,46.783135832209105,-4.210777473076941,-4.210523648756425,-4.210743108892863,45.40790119392994,45.40160381405419,45.41419857380568,72.06466483846165,216.19399451538496,6000000.0,500.0,0.002709633694189507,0.45160561569825114,2.214321446056085,0.13571680263507907,9.80643893292782,0.2890265241304211,0.1092276059308083,-2.214321446056085,0.8350778466825217
spectral_peak,B_transition_5mm_7p8,0.005,7.8,+body_y,2,11.500000000006374,72.25663103260528,0.13463903244347636,0.9449219257443793,46.783135832209105,-4.210777473076941,-4.210523648756425,-4.210743108892863,45.40790119392994,45.40160381405419,45.41419857380568,72.06466483846165,216.19399451538496,10000000.0,10.0,0.01484127496883648,2.473545828139413,0.40427793519079214,0.004523893421169303,0.3268812977642607,0.2890265241304211,0.6674585852573905,-0.40427793519079214,1.0
spectral_peak,B_transition_5mm_7p8,0.005,7.8,+body_y,2,11.500000000006374,72.25663103260528,0.13463903244347636,0.9449219257443793,46.783135832209105,-4.210777473076941,-4.210523648756425,-4.210743108892863,45.40790119392994,45.40160381405419,45.41419857380568,72.06466483846165,216.19399451538496,10000000.0,50.0,0.006637219940616888,1.106203323436148,0.9039929448898657,0.022619467105846513,1.6344064888213037,0.2890265241304211,0.4049494862796513,-0.9039929448898657,1.0
spectral_peak,B_transition_5mm_7p8,0.005,7.8,+body_y,2,11.500000000006374,72.25663103260528,0.13463903244347636,0.9449219257443793,46.783135832209105,-4.210777473076941,-4.210523648756425,-4.210743108892863,45.40790119392994,45.40160381405419,45.41419857380568,72.06466483846165,216.19399451538496,10000000.0,100.0,0.004693223228236776,0.7822038713727959,1.278439082952842,0.045238934211693026,3.2688129776426074,0.2890265241304211,0.2784716325051832,-1.278439082952842,0.9896688071752829
spectral_peak,B_transition_5mm_7p8,0.005,7.8,+body_y,2,11.500000000006374,72.25663103260528,0.13463903244347636,0.9449219257443793,46.783135832209105,-4.210777473076941,-4.210523648756425,-4.210743108892863,45.40790119392994,45.40160381405419,45.41419857380568,72.06466483846165,216.19399451538496,10000000.0,500.0,0.002098873234383688,0.34981220573061467,2.8586766945750473,0.2261946710584651,16.344064888213033,0.2890265241304211,0.057344594491461946,-2.8586766945750473,0.7251369019868903
spectral_peak,B_transition_5mm_7p8,0.005,7.8,+body_y,3,3.0000000000016627,18.849555921549207,0.018972532444091424,0.9638944581884707,46.783135832209105,-4.210777473076941,-4.210523648756425,-4.210743108892863,45.40790119392994,45.40160381405419,45.41419857380568,72.06466483846165,216.19399451538496,1000000.0,10.0,0.09188814923693987,15.314691539489978,0.06529677711244994,0.0004523893421169302,0.008527338202545932,0.07539822368619684,0.9367894044642531,-0.06529677711244994,1.0
spectral_peak,B_transition_5mm_7p8,0.005,7.8,+body_y,3,3.0000000000016627,18.849555921549207,0.018972532444091424,0.9638944581884707,46.783135832209105,-4.210777473076941,-4.210523648756425,-4.210743108892863,45.40790119392994,45.40160381405419,45.41419857380568,72.06466483846165,216.19399451538496,1000000.0,50.0,0.0410936296040886,6.8489382673481,0.1460080323350905,0.0022619467105846514,0.04263669101272967,0.07539822368619684,0.8641507620082767,-0.1460080323350905,1.0
spectral_peak,B_transition_5mm_7p8,0.005,7.8,+body_y,3,3.0000000000016627,18.849555921549207,0.018972532444091424,0.9638944581884707,46.783135832209105,-4.210777473076941,-4.210523648756425,-4.210743108892863,45.40790119392994,45.40160381405419,45.41419857380568,72.06466483846165,216.19399451538496,1000000.0,100.0,0.02905758415661931,4.842930692769885,0.20648653954369436,0.004523893421169303,0.08527338202545934,0.07539822368619684,0.8134372106193014,-0.20648653954369436,1.0
spectral_peak,B_transition_5mm_7p8,0.005,7.8,+body_y,3,3.0000000000016627,18.849555921549207,0.018972532444091424,0.9638944581884707,46.783135832209105,-4.210777473076941,-4.210523648756425,-4.210743108892863,45.40790119392994,45.40160381405419,45.41419857380568,72.06466483846165,216.19399451538496,1000000.0,500.0,0.012994946687224333,2.165824447870722,0.46171793885839907,0.022619467105846513,0.42636691012729666,0.07539822368619684,0.6302000698265191,-0.46171793885839907,1.0
spectral_peak,B_transition_5mm_7p8,0.005,7.8,+body_y,3,3.0000000000016627,18.849555921549207,0.018972532444091424,0.9638944581884707,46.783135832209105,-4.210777473076941,-4.210523648756425,-4.210743108892863,45.40790119392994,45.40160381405419,45.41419857380568,72.06466483846165,216.19399451538496,3000000.0,10.0,0.053051647697283745,8.841941282880624,0.1130973355292639,0.0013571680263507906,0.025582014607637798,0.07539822368619684,0.8930637290546098,-0.1130973355292639,1.0
spectral_peak,B_transition_5mm_7p8,0.005,7.8,+body_y,3,3.0000000000016627,18.849555921549207,0.018972532444091424,0.9638944581884707,46.783135832209105,-4.210777473076941,-4.210523648756425,-4.210743108892863,45.40790119392994,45.40160381405419,45.41419857380568,72.06466483846165,216.19399451538496,3000000.0,50.0,0.023725418113899326,3.954236352316554,0.25289333031753625,0.006785840131753954,0.127910073038189,0.07539822368619684,0.7765507118237817,-0.25289333031753625,1.0
spectral_peak,B_transition_5mm_7p8,0.005,7.8,+body_y,3,3.0000000000016627,18.849555921549207,0.018972532444091424,0.9638944581884707,46.783135832209105,-4.210777473076941,-4.210523648756425,-4.210743108892863,45.40790119392994,45.40160381405419,45.41419857380568,72.06466483846165,216.19399451538496,3000000.0,100.0,0.016776404034824364,2.796067339137394,0.35764517756875874,0.013571680263507907,0.255820146076378,0.07539822368619684,0.6993211658261058,-0.35764517756875874,1.0
spectral_peak,B_transition_5mm_7p8,0.005,7.8,+body_y,3,3.0000000000016627,18.849555921549207,0.018972532444091424,0.9638944581884707,46.783135832209105,-4.210777473076941,-4.210523648756425,-4.210743108892863,45.40790119392994,45.40160381405419,45.41419857380568,72.06466483846165,216.19399451538496,3000000.0,500.0,0.007502635967973805,1.250439327995634,0.7997189288687275,0.06785840131753954,1.2791007303818898,0.07539822368619684,0.44945527526785695,-0.7997189288687275,1.0
spectral_peak,B_transition_5mm_7p8,0.005,7.8,+body_y,3,3.0000000000016627,18.849555921549207,0.018972532444091424,0.9638944581884707,46.783135832209105,-4.210777473076941,-4.210523648756425,-4.210743108892863,45.40790119392994,45.40160381405419,45.41419857380568,72.06466483846165,216.19399451538496,6000000.0,10.0,0.03751317983986902,6.2521966399781705,0.15994378577374552,0.0027143360527015813,0.051164029215275596,0.07539822368619684,0.8521916929163947,-0.15994378577374552,1.0
spectral_peak,B_transition_5mm_7p8,0.005,7.8,+body_y,3,3.0000000000016627,18.849555921549207,0.018972532444091424,0.9638944581884707,46.783135832209105,-4.210777473076941,-4.210523648756425,-4.210743108892863,45.40790119392994,45.40160381405419,45.41419857380568,72.06466483846165,216.19399451538496,6000000.0,50.0,0.016776404034824364,2.796067339137394,0.35764517756875874,0.013571680263507907,0.255820146076378,0.07539822368619684,0.6993211658261058,-0.35764517756875874,1.0
spectral_peak,B_transition_5mm_7p8,0.005,7.8,+body_y,3,3.0000000000016627,18.849555921549207,0.018972532444091424,0.9638944581884707,46.783135832209105,-4.210777473076941,-4.210523648756425,-4.210743108892863,45.40790119392994,45.40160381405419,45.41419857380568,72.06466483846165,216.19399451538496,6000000.0,100.0,0.011862709056949663,1.977118176158277,0.5057866606350725,0.027143360527015815,0.511640292152756,0.07539822368619684,0.603031008034022,-0.5057866606350725,1.0
spectral_peak,B_transition_5mm_7p8,0.005,7.8,+body_y,3,3.0000000000016627,18.849555921549207,0.018972532444091424,0.9638944581884707,46.783135832209105,-4.210777473076941,-4.210523648756425,-4.210743108892863,45.40790119392994,45.40160381405419,45.41419857380568,72.06466483846165,216.19399451538496,6000000.0,500.0,0.005305164769728374,0.8841941282880623,1.130973355292639,0.13571680263507907,2.5582014607637795,0.07539822368619684,0.3227189832669478,-1.130973355292639,0.9984469274633927
spectral_peak,B_transition_5mm_7p8,0.005,7.8,+body_y,3,3.0000000000016627,18.849555921549207,0.018972532444091424,0.9638944581884707,46.783135832209105,-4.210777473076941,-4.210523648756425,-4.210743108892863,45.40790119392994,45.40160381405419,45.41419857380568,72.06466483846165,216.19399451538496,10000000.0,10.0,0.02905758415661931,4.842930692769885,0.20648653954369436,0.004523893421169303,0.08527338202545934,0.07539822368619684,0.8134372106193014,-0.20648653954369436,1.0
spectral_peak,B_transition_5mm_7p8,0.005,7.8,+body_y,3,3.0000000000016627,18.849555921549207,0.018972532444091424,0.9638944581884707,46.783135832209105,-4.210777473076941,-4.210523648756425,-4.210743108892863,45.40790119392994,45.40160381405419,45.41419857380568,72.06466483846165,216.19399451538496,10000000.0,50.0,0.012994946687224333,2.165824447870722,0.46171793885839907,0.022619467105846513,0.42636691012729666,0.07539822368619684,0.6302000698265191,-0.46171793885839907,1.0
spectral_peak,B_transition_5mm_7p8,0.005,7.8,+body_y,3,3.0000000000016627,18.849555921549207,0.018972532444091424,0.9638944581884707,46.783135832209105,-4.210777473076941,-4.210523648756425,-4.210743108892863,45.40790119392994,45.40160381405419,45.41419857380568,72.06466483846165,216.19399451538496,10000000.0,100.0,0.009188814923693988,1.531469153948998,0.6529677711244994,0.045238934211693026,0.8527338202545933,0.07539822368619684,0.520498761108735,-0.6529677711244994,1.0
spectral_peak,B_transition_5mm_7p8,0.005,7.8,+body_y,3,3.0000000000016627,18.849555921549207,0.018972532444091424,0.9638944581884707,46.783135832209105,-4.210777473076941,-4.210523648756425,-4.210743108892863,45.40790119392994,45.40160381405419,45.41419857380568,72.06466483846165,216.19399451538496,10000000.0,500.0,0.00410936296040886,0.68489382673481,1.4600803233509048,0.2261946710584651,4.263669101272966,0.07539822368619684,0.23221762148312655,-1.4600803233509048,0.9687125092193274
spectral_peak,B_transition_5mm_7p8,0.005,7.8,-body_y,1,4.2500000000023554,26.70353755552804,0.7383825151658898,0.7383825151658898,51.9956605764118,-4.210777473076941,-4.210523648756425,-4.210743108892863,45.40790119392994,45.40160381405419,45.41419857380568,72.06466483846165,216.19399451538496,1000000.0,10.0,0.0772014872008083,12.86691453346805,0.07771871006051267,0.0004523893421169302,0.01208039578694007,0.10681415022211216,0.9252246463279975,-0.07771871006051267,1.0
spectral_peak,B_transition_5mm_7p8,0.005,7.8,-body_y,1,4.2500000000023554,26.70353755552804,0.7383825151658898,0.7383825151658898,51.9956605764118,-4.210777473076941,-4.210523648756425,-4.210743108892863,45.40790119392994,45.40160381405419,45.41419857380568,72.06466483846165,216.19399451538496,1000000.0,50.0,0.03452555466901746,5.754259111502909,0.17378431881890313,0.0022619467105846514,0.060401978934700354,0.10681415022211216,0.8404781534318174,-0.17378431881890313,1.0
spectral_peak,B_transition_5mm_7p8,0.005,7.8,-body_y,1,4.2500000000023554,26.70353755552804,0.7383825151658898,0.7383825151658898,51.9956605764118,-4.210777473076941,-4.210523648756425,-4.210743108892863,45.40790119392994,45.40160381405419,45.41419857380568,72.06466483846165,216.19399451538496,1000000.0,100.0,0.024413253830689114,4.068875638448185,0.2457681406014627,0.004523893421169303,0.12080395786940071,0.10681415022211216,0.7821035419614686,-0.2457681406014627,1.0
spectral_peak,B_transition_5mm_7p8,0.005,7.8,-body_y,1,4.2500000000023554,26.70353755552804,0.7383825151658898,0.7383825151658898,51.9956605764118,-4.210777473076941,-4.210523648756425,-4.210743108892863,45.40790119392994,45.40160381405419,45.41419857380568,72.06466483846165,216.19399451538496,1000000.0,500.0,0.0109179390234756,1.8196565039125998,0.5495542690885967,0.022619467105846513,0.6040197893470035,0.10681415022211216,0.5772070320668713,-0.5495542690885967,1.0
spectral_peak,B_transition_5mm_7p8,0.005,7.8,-body_y,1,4.2500000000023554,26.70353755552804,0.7383825151658898,0.7383825151658898,51.9956605764118,-4.210777473076941,-4.210523648756425,-4.210743108892863,45.40790119392994,45.40160381405419,45.41419857380568,72.06466483846165,216.19399451538496,3000000.0,10.0,0.04457229941722612,7.428716569537686,0.1346127545235224,0.0013571680263507906,0.03624118736082021,0.10681415022211216,0.8740543197418272,-0.1346127545235224,1.0
spectral_peak,B_transition_5mm_7p8,0.005,7.8,-body_y,1,4.2500000000023554,26.70353755552804,0.7383825151658898,0.7383825151658898,51.9956605764118,-4.210777473076941,-4.210523648756425,-4.210743108892863,45.40790119392994,45.40160381405419,45.41419857380568,72.06466483846165,216.19399451538496,3000000.0,50.0,0.01993333828207837,3.3222230470130616,0.30100326975308844,0.006785840131753954,0.18120593680410105,0.10681415022211216,0.7400753528790807,-0.30100326975308844,1.0
spectral_peak,B_transition_5mm_7p8,0.005,7.8,-body_y,1,4.2500000000023554,26.70353755552804,0.7383825151658898,0.7383825151658898,51.9956605764118,-4.210777473076941,-4.210523648756425,-4.210743108892863,45.40790119392994,45.40160381405419,45.41419857380568,72.06466483846165,216.19399451538496,3000000.0,100.0,0.01409499867094302,2.34916644515717,0.4256829064034649,0.013571680263507907,0.3624118736082021,0.10681415022211216,0.6533234739689103,-0.4256829064034649,1.0
spectral_peak,B_transition_5mm_7p8,0.005,7.8,-body_y,1,4.2500000000023554,26.70353755552804,0.7383825151658898,0.7383825151658898,51.9956605764118,-4.210777473076941,-4.210523648756425,-4.210743108892863,45.40790119392994,45.40160381405419,45.41419857380568,72.06466483846165,216.19399451538496,3000000.0,500.0,0.0063034750341995575,1.050579172366593,0.951855915577828,0.06785840131753954,1.8120593680410104,0.10681415022211216,0.38602393040240085,-0.951855915577828,1.0
spectral_peak,B_transition_5mm_7p8,0.005,7.8,-body_y,1,4.2500000000023554,26.70353755552804,0.7383825151658898,0.7383825151658898,51.9956605764118,-4.210777473076941,-4.210523648756425,-4.210743108892863,45.40790119392994,45.40160381405419,45.41419857380568,72.06466483846165,216.19399451538496,6000000.0,10.0,0.03151737517099779,5.2528958618329655,0.19037118311556556,0.0027143360527015813,0.07248237472164042,0.10681415022211216,0.8266522376364671,-0.19037118311556556,1.0
spectral_peak,B_transition_5mm_7p8,0.005,7.8,-body_y,1,4.2500000000023554,26.70353755552804,0.7383825151658898,0.7383825151658898,51.9956605764118,-4.210777473076941,-4.210523648756425,-4.210743108892863,45.40790119392994,45.40160381405419,45.41419857380568,72.06466483846165,216.19399451538496,6000000.0,50.0,0.01409499867094302,2.34916644515717,0.4256829064034649,0.013571680263507907,0.3624118736082021,0.10681415022211216,0.6533234739689103,-0.4256829064034649,1.0
spectral_peak,B_transition_5mm_7p8,0.005,7.8,-body_y,1,4.2500000000023554,26.70353755552804,0.7383825151658898,0.7383825151658898,51.9956605764118,-4.210777473076941,-4.210523648756425,-4.210743108892863,45.40790119392994,45.40160381405419,45.41419857380568,72.06466483846165,216.19399451538496,6000000.0,100.0,0.009966669141039185,1.6611115235065308,0.6020065395061769,0.027143360527015815,0.7248237472164042,0.10681415022211216,0.5477115279390958,-0.6020065395061769,1.0
spectral_peak,B_transition_5mm_7p8,0.005,7.8,-body_y,1,4.2500000000023554,26.70353755552804,0.7383825151658898,0.7383825151658898,51.9956605764118,-4.210777473076941,-4.210523648756425,-4.210743108892863,45.40790119392994,45.40160381405419,45.41419857380568,72.06466483846165,216.19399451538496,6000000.0,500.0,0.004457229941722611,0.7428716569537686,1.3461275452352242,0.13571680263507907,3.624118736082021,0.10681415022211216,0.26024610311121554,-1.3461275452352242,0.9829999635084405
spectral_peak,B_transition_5mm_7p8,0.005,7.8,-body_y,1,4.2500000000023554,26.70353755552804,0.7383825151658898,0.7383825151658898,51.9956605764118,-4.210777473076941,-4.210523648756425,-4.210743108892863,45.40790119392994,45.40160381405419,45.41419857380568,72.06466483846165,216.19399451538496,10000000.0,10.0,0.024413253830689114,4.068875638448185,0.2457681406014627,0.004523893421169303,0.12080395786940071,0.10681415022211216,0.7821035419614686,-0.2457681406014627,1.0
spectral_peak,B_transition_5mm_7p8,0.005,7.8,-body_y,1,4.2500000000023554,26.70353755552804,0.7383825151658898,0.7383825151658898,51.9956605764118,-4.210777473076941,-4.210523648756425,-4.210743108892863,45.40790119392994,45.40160381405419,45.41419857380568,72.06466483846165,216.19399451538496,10000000.0,50.0,0.0109179390234756,1.8196565039125998,0.5495542690885967,0.022619467105846513,0.6040197893470035,0.10681415022211216,0.5772070320668713,-0.5495542690885967,1.0
spectral_peak,B_transition_5mm_7p8,0.005,7.8,-body_y,1,4.2500000000023554,26.70353755552804,0.7383825151658898,0.7383825151658898,51.9956605764118,-4.210777473076941,-4.210523648756425,-4.210743108892863,45.40790119392994,45.40160381405419,45.41419857380568,72.06466483846165,216.19399451538496,10000000.0,100.0,0.007720148720080829,1.2866914533468048,0.7771871006051269,0.045238934211693026,1.208039578694007,0.10681415022211216,0.45969727654521886,-0.7771871006051269,1.0
spectral_peak,B_transition_5mm_7p8,0.005,7.8,-body_y,1,4.2500000000023554,26.70353755552804,0.7383825151658898,0.7383825151658898,51.9956605764118,-4.210777473076941,-4.210523648756425,-4.210743108892863,45.40790119392994,45.40160381405419,45.41419857380568,72.06466483846165,216.19399451538496,10000000.0,500.0,0.003452555466901746,0.575425911150291,1.7378431881890315,0.2261946710584651,6.040197893470035,0.10681415022211216,0.17589937362993865,-1.7378431881890315,0.9234649343964317
spectral_peak,B_transition_5mm_7p8,0.005,7.8,-body_y,2,11.500000000006374,72.25663103260528,0.206840580983785,0.9452230961496748,51.9956605764118,-4.210777473076941,-4.210523648756425,-4.210743108892863,45.40790119392994,45.40160381405419,45.41419857380568,72.06466483846165,216.19399451538496,1000000.0,10.0,0.04693223228236776,7.8220387137279594,0.1278439082952842,0.0004523893421169302,0.032688129776426066,0.2890265241304211,0.8799907276776989,-0.1278439082952842,1.0
spectral_peak,B_transition_5mm_7p8,0.005,7.8,-body_y,2,11.500000000006374,72.25663103260528,0.206840580983785,0.9452230961496748,51.9956605764118,-4.210777473076941,-4.210523648756425,-4.210743108892863,45.40790119392994,45.40160381405419,45.41419857380568,72.06466483846165,216.19399451538496,1000000.0,50.0,0.020988732343836882,3.498122057306147,0.28586766945750475,0.0022619467105846514,0.16344064888213036,0.2890265241304211,0.7513620375145206,-0.28586766945750475,1.0
spectral_peak,B_transition_5mm_7p8,0.005,7.8,-body_y,2,11.500000000006374,72.25663103260528,0.206840580983785,0.9452230961496748,51.9956605764118,-4.210777473076941,-4.210523648756425,-4.210743108892863,45.40790119392994,45.40160381405419,45.41419857380568,72.06466483846165,216.19399451538496,1000000.0,100.0,0.01484127496883648,2.473545828139413,0.40427793519079214,0.004523893421169303,0.3268812977642607,0.2890265241304211,0.6674585852573905,-0.40427793519079214,1.0
spectral_peak,B_transition_5mm_7p8,0.005,7.8,-body_y,2,11.500000000006374,72.25663103260528,0.206840580983785,0.9452230961496748,51.9956605764118,-4.210777473076941,-4.210523648756425,-4.210743108892863,45.40790119392994,45.40160381405419,45.41419857380568,72.06466483846165,216.19399451538496,1000000.0,500.0,0.006637219940616888,1.106203323436148,0.9039929448898657,0.022619467105846513,1.6344064888213037,0.2890265241304211,0.4049494862796513,-0.9039929448898657,1.0
spectral_peak,B_transition_5mm_7p8,0.005,7.8,-body_y,2,11.500000000006374,72.25663103260528,0.206840580983785,0.9452230961496748,51.9956605764118,-4.210777473076941,-4.210523648756425,-4.210743108892863,45.40790119392994,45.40160381405419,45.41419857380568,72.06466483846165,216.19399451538496,3000000.0,10.0,0.02709633694189507,4.516056156982512,0.22143214460560848,0.0013571680263507906,0.0980643893292782,0.2890265241304211,0.8013702976006775,-0.22143214460560848,1.0
spectral_peak,B_transition_5mm_7p8,0.005,7.8,-body_y,2,11.500000000006374,72.25663103260528,0.206840580983785,0.9452230961496748,51.9956605764118,-4.210777473076941,-4.210523648756425,-4.210743108892863,45.40790119392994,45.40160381405419,45.41419857380568,72.06466483846165,216.19399451538496,3000000.0,50.0,0.012117850268663228,2.0196417114438714,0.49513732774170394,0.006785840131753954,0.49032194664639106,0.2890265241304211,0.6094872020478598,-0.49513732774170394,1.0
spectral_peak,B_transition_5mm_7p8,0.005,7.8,-body_y,2,11.500000000006374,72.25663103260528,0.206840580983785,0.9452230961496748,51.9956605764118,-4.210777473076941,-4.210523648756425,-4.210743108892863,45.40790119392994,45.40160381405419,45.41419857380568,72.06466483846165,216.19399451538496,3000000.0,100.0,0.008568614098374996,1.428102349729166,0.7002299241294898,0.013571680263507907,0.9806438932927821,0.2890265241304211,0.49647113997272907,-0.7002299241294898,1.0
spectral_peak,B_transition_5mm_7p8,0.005,7.8,-body_y,2,11.500000000006374,72.25663103260528,0.206840580983785,0.9452230961496748,51.9956605764118,-4.210777473076941,-4.210523648756425,-4.210743108892863,45.40790119392994,45.40160381405419,45.41419857380568,72.06466483846165,216.19399451538496,3000000.0,500.0,0.0038320007193859123,0.6386667865643187,1.5657617102330594,0.06785840131753954,4.90321946646391,0.2890265241304211,0.20892880933533256,-1.5657617102330594,0.9528237245917659
spectral_peak,B_transition_5mm_7p8,0.005,7.8,-body_y,2,11.500000000006374,72.25663103260528,0.206840580983785,0.9452230961496748,51.9956605764118,-4.210777473076941,-4.210523648756425,-4.210743108892863,45.40790119392994,45.40160381405419,45.41419857380568,72.06466483846165,216.19399451538496,6000000.0,10.0,0.01916000359692956,3.1933339328215933,0.3131523420466119,0.0027143360527015813,0.1961287786585564,0.2890265241304211,0.7311385209456458,-0.3131523420466119,1.0
spectral_peak,B_transition_5mm_7p8,0.005,7.8,-body_y,2,11.500000000006374,72.25663103260528,0.206840580983785,0.9452230961496748,51.9956605764118,-4.210777473076941,-4.210523648756425,-4.210743108892863,45.40790119392994,45.40160381405419,45.41419857380568,72.06466483846165,216.19399451538496,6000000.0,50.0,0.008568614098374996,1.428102349729166,0.7002299241294898,0.013571680263507907,0.9806438932927821,0.2890265241304211,0.49647113997272907,-0.7002299241294898,1.0
spectral_peak,B_transition_5mm_7p8,0.005,7.8,-body_y,2,11.500000000006374,72.25663103260528,0.206840580983785,0.9452230961496748,51.9956605764118,-4.210777473076941,-4.210523648756425,-4.210743108892863,45.40790119392994,45.40160381405419,45.41419857380568,72.06466483846165,216.19399451538496,6000000.0,100.0,0.006058925134331614,1.0098208557219357,0.9902746554834079,0.027143360527015815,1.9612877865855642,0.2890265241304211,0.37147464946012865,-0.9902746554834079,1.0
spectral_peak,B_transition_5mm_7p8,0.005,7.8,-body_y,2,11.500000000006374,72.25663103260528,0.206840580983785,0.9452230961496748,51.9956605764118,-4.210777473076941,-4.210523648756425,-4.210743108892863,45.40790119392994,45.40160381405419,45.41419857380568,72.06466483846165,216.19399451538496,6000000.0,500.0,0.002709633694189507,0.45160561569825114,2.214321446056085,0.13571680263507907,9.80643893292782,0.2890265241304211,0.1092276059308083,-2.214321446056085,0.8350778466825217
spectral_peak,B_transition_5mm_7p8,0.005,7.8,-body_y,2,11.500000000006374,72.25663103260528,0.206840580983785,0.9452230961496748,51.9956605764118,-4.210777473076941,-4.210523648756425,-4.210743108892863,45.40790119392994,45.40160381405419,45.41419857380568,72.06466483846165,216.19399451538496,10000000.0,10.0,0.01484127496883648,2.473545828139413,0.40427793519079214,0.004523893421169303,0.3268812977642607,0.2890265241304211,0.6674585852573905,-0.40427793519079214,1.0
spectral_peak,B_transition_5mm_7p8,0.005,7.8,-body_y,2,11.500000000006374,72.25663103260528,0.206840580983785,0.9452230961496748,51.9956605764118,-4.210777473076941,-4.210523648756425,-4.210743108892863,45.40790119392994,45.40160381405419,45.41419857380568,72.06466483846165,216.19399451538496,10000000.0,50.0,0.006637219940616888,1.106203323436148,0.9039929448898657,0.022619467105846513,1.6344064888213037,0.2890265241304211,0.4049494862796513,-0.9039929448898657,1.0
spectral_peak,B_transition_5mm_7p8,0.005,7.8,-body_y,2,11.500000000006374,72.25663103260528,0.206840580983785,0.9452230961496748,51.9956605764118,-4.210777473076941,-4.210523648756425,-4.210743108892863,45.40790119392994,45.40160381405419,45.41419857380568,72.06466483846165,216.19399451538496,10000000.0,100.0,0.004693223228236776,0.7822038713727959,1.278439082952842,0.045238934211693026,3.2688129776426074,0.2890265241304211,0.2784716325051832,-1.278439082952842,0.9896688071752829
spectral_peak,B_transition_5mm_7p8,0.005,7.8,-body_y,2,11.500000000006374,72.25663103260528,0.206840580983785,0.9452230961496748,51.9956605764118,-4.210777473076941,-4.210523648756425,-4.210743108892863,45.40790119392994,45.40160381405419,45.41419857380568,72.06466483846165,216.19399451538496,10000000.0,500.0,0.002098873234383688,0.34981220573061467,2.8586766945750473,0.2261946710584651,16.344064888213033,0.2890265241304211,0.057344594491461946,-2.8586766945750473,0.7251369019868903
spectral_peak,B_transition_5mm_7p8,0.005,7.8,-body_y,3,27.250000000015103,171.2167996207386,0.0238621275372471,0.969085223686922,51.9956605764118,-4.210777473076941,-4.210523648756425,-4.210743108892863,45.40790119392994,45.40160381405419,45.41419857380568,72.06466483846165,216.19399451538496,1000000.0,10.0,0.030488557583250326,5.081426263875054,0.19679514137776905,0.0004523893421169302,0.07745665533979221,0.6848671984829544,0.8213588785270404,-0.19679514137776905,1.0
spectral_peak,B_transition_5mm_7p8,0.005,7.8,-body_y,3,27.250000000015103,171.2167996207386,0.0238621275372471,0.969085223686922,51.9956605764118,-4.210777473076941,-4.210523648756425,-4.210743108892863,45.40790119392994,45.40160381405419,45.41419857380568,72.06466483846165,216.19399451538496,1000000.0,50.0,0.013634897458412887,2.2724829097354813,0.44004731376237316,0.0022619467105846514,0.38728327669896107,0.6848671984829544,0.6440059500178106,-0.44004731376237316,1.0
spectral_peak,B_transition_5mm_7p8,0.005,7.8,-body_y,3,27.250000000015103,171.2167996207386,0.0238621275372471,0.969085223686922,51.9956605764118,-4.210777473076941,-4.210523648756425,-4.210743108892863,45.40790119392994,45.40160381405419,45.41419857380568,72.06466483846165,216.19399451538496,1000000.0,100.0,0.009641328453626974,1.6068880756044956,0.6223208792085969,0.004523893421169303,0.7745665533979221,0.6848671984829544,0.5366973812274483,-0.6223208792085969,1.0
spectral_peak,B_transition_5mm_7p8,0.005,7.8,-body_y,3,27.250000000015103,171.2167996207386,0.0238621275372471,0.969085223686922,51.9956605764118,-4.210777473076941,-4.210523648756425,-4.210743108892863,45.40790119392994,45.40160381405419,45.41419857380568,72.06466483846165,216.19399451538496,1000000.0,500.0,0.004311733163142568,0.7186221938570947,1.3915517897278584,0.022619467105846513,3.8728327669896108,0.6848671984829544,0.24868909187047702,-1.3915517897278584,0.977722342765826
spectral_peak,B_transition_5mm_7p8,0.005,7.8,-body_y,3,27.250000000015103,171.2167996207386,0.0238621275372471,0.969085223686922,51.9956605764118,-4.210777473076941,-4.210523648756425,-4.210743108892863,45.40790119392994,45.40160381405419,45.41419857380568,72.06466483846165,216.19399451538496,3000000.0,10.0,0.01760257692789298,2.9337628213154967,0.3408591835489963,0.0013571680263507906,0.23236996601937662,0.6848671984829544,0.7111590440485395,-0.3408591835489963,1.0
spectral_peak,B_transition_5mm_7p8,0.005,7.8,-body_y,3,27.250000000015103,171.2167996207386,0.0238621275372471,0.969085223686922,51.9956605764118,-4.210777473076941,-4.210523648756425,-4.210743108892863,45.40790119392994,45.40160381405419,45.41419857380568,72.06466483846165,216.19399451538496,3000000.0,50.0,0.007872111717987624,1.312018619664604,0.7621843051706336,0.006785840131753954,1.1618498300968831,0.6848671984829544,0.46664601566586184,-0.7621843051706336,1.0
spectral_peak,B_transition_5mm_7p8,0.005,7.8,-body_y,3,27.250000000015103,171.2167996207386,0.0238621275372471,0.969085223686922,51.9956605764118,-4.210777473076941,-4.210523648756425,-4.210743108892863,45.40790119392994,45.40160381405419,45.41419857380568,72.06466483846165,216.19399451538496,3000000.0,100.0,0.005566423578047132,0.9277372630078553,1.077891381400224,0.013571680263507907,2.3236996601937663,0.6848671984829544,0.34031235858474684,-1.077891381400224,0.9996226509855242
spectral_peak,B_transition_5mm_7p8,0.005,7.8,-body_y,3,27.250000000015103,171.2167996207386,0.0238621275372471,0.969085223686922,51.9956605764118,-4.210777473076941,-4.210523648756425,-4.210743108892863,45.40790119392994,45.40160381405419,45.41419857380568,72.06466483846165,216.19399451538496,3000000.0,500.0,0.0024893803024141985,0.4148967170690331,2.410238401172053,0.06785840131753954,11.618498300968831,0.6848671984829544,0.089793885052882,-2.410238401172053,0.7996923182745242
spectral_peak,B_transition_5mm_7p8,0.005,7.8,-body_y,3,27.250000000015103,171.2167996207386,0.0238621275372471,0.969085223686922,51.9956605764118,-4.210777473076941,-4.210523648756425,-4.210743108892863,45.40790119392994,45.40160381405419,45.41419857380568,72.06466483846165,216.19399451538496,6000000.0,10.0,0.012446901512070991,2.074483585345165,0.4820476802344107,0.0027143360527015813,0.46473993203875325,0.6848671984829544,0.6175176176779715,-0.4820476802344107,1.0
spectral_peak,B_transition_5mm_7p8,0.005,7.8,-body_y,3,27.250000000015103,171.2167996207386,0.0238621275372471,0.969085223686922,51.9956605764118,-4.210777473076941,-4.210523648756425,-4.210743108892863,45.40790119392994,45.40160381405419,45.41419857380568,72.06466483846165,216.19399451538496,6000000.0,50.0,0.005566423578047132,0.9277372630078553,1.077891381400224,0.013571680263507907,2.3236996601937663,0.6848671984829544,0.34031235858474684,-1.077891381400224,0.9996226509855242
spectral_peak,B_transition_5mm_7p8,0.005,7.8,-body_y,3,27.250000000015103,171.2167996207386,0.0238621275372471,0.969085223686922,51.9956605764118,-4.210777473076941,-4.210523648756425,-4.210743108892863,45.40790119392994,45.40160381405419,45.41419857380568,72.06466483846165,216.19399451538496,6000000.0,100.0,0.003936055858993812,0.656009309832302,1.5243686103412672,0.027143360527015815,4.647399320387533,0.6848671984829544,0.21775850393682375,-1.5243686103412672,0.9592957209755002
spectral_peak,B_transition_5mm_7p8,0.005,7.8,-body_y,3,27.250000000015103,171.2167996207386,0.0238621275372471,0.969085223686922,51.9956605764118,-4.210777473076941,-4.210523648756425,-4.210743108892863,45.40790119392994,45.40160381405419,45.41419857380568,72.06466483846165,216.19399451538496,6000000.0,500.0,0.001760257692789298,0.29337628213154965,3.4085918354899625,0.13571680263507907,23.236996601937662,0.6848671984829544,0.03308776059615639,-3.4085918354899625,0.6471707094861336
spectral_peak,B_transition_5mm_7p8,0.005,7.8,-body_y,3,27.250000000015103,171.2167996207386,0.0238621275372471,0.969085223686922,51.9956605764118,-4.210777473076941,-4.210523648756425,-4.210743108892863,45.40790119392994,45.40160381405419,45.41419857380568,72.06466483846165,216.19399451538496,10000000.0,10.0,0.009641328453626972,1.6068880756044954,0.622320879208597,0.004523893421169303,0.7745665533979221,0.6848671984829544,0.5366973812274483,-0.622320879208597,1.0
spectral_peak,B_transition_5mm_7p8,0.005,7.8,-body_y,3,27.250000000015103,171.2167996207386,0.0238621275372471,0.969085223686922,51.9956605764118,-4.210777473076941,-4.210523648756425,-4.210743108892863,45.40790119392994,45.40160381405419,45.41419857380568,72.06466483846165,216.19399451538496,10000000.0,50.0,0.004311733163142569,0.7186221938570948,1.391551789727858,0.022619467105846513,3.8728327669896108,0.6848671984829544,0.24868909187047714,-1.391551789727858,0.977722342765826
spectral_peak,B_transition_5mm_7p8,0.005,7.8,-body_y,3,27.250000000015103,171.2167996207386,0.0238621275372471,0.969085223686922,51.9956605764118,-4.210777473076941,-4.210523648756425,-4.210743108892863,45.40790119392994,45.40160381405419,45.41419857380568,72.06466483846165,216.19399451538496,10000000.0,100.0,0.0030488557583250326,0.5081426263875054,1.9679514137776903,0.045238934211693026,7.7456655339792215,0.6848671984829544,0.13974283843890625,-1.9679514137776903,0.8810080561192819
spectral_peak,B_transition_5mm_7p8,0.005,7.8,-body_y,3,27.250000000015103,171.2167996207386,0.0238621275372471,0.969085223686922,51.9956605764118,-4.210777473076941,-4.210523648756425,-4.210743108892863,45.40790119392994,45.40160381405419,45.41419857380568,72.06466483846165,216.19399451538496,10000000.0,500.0,0.0013634897458412885,0.2272482909735481,4.400473137623732,0.2261946710584651,38.7283276698961,0.6848671984829544,0.012271532405622065,-4.400473137623732,0.5385550232240492
spectral_peak,B_transition_5mm_7p8,0.005,7.8,+body_z,1,4.2500000000023554,26.70353755552804,0.4874596223530301,0.4874596223530301,58.22351665311873,-4.210777473076941,-4.210523648756425,-4.210743108892863,45.40790119392994,45.40160381405419,45.41419857380568,72.06466483846165,216.19399451538496,1000000.0,10.0,0.0772014872008083,12.86691453346805,0.07771871006051267,0.0004523893421169302,0.01208039578694007,0.10681415022211216,0.9252246463279975,-0.07771871006051267,1.0
spectral_peak,B_transition_5mm_7p8,0.005,7.8,+body_z,1,4.2500000000023554,26.70353755552804,0.4874596223530301,0.4874596223530301,58.22351665311873,-4.210777473076941,-4.210523648756425,-4.210743108892863,45.40790119392994,45.40160381405419,45.41419857380568,72.06466483846165,216.19399451538496,1000000.0,50.0,0.03452555466901746,5.754259111502909,0.17378431881890313,0.0022619467105846514,0.060401978934700354,0.10681415022211216,0.8404781534318174,-0.17378431881890313,1.0
spectral_peak,B_transition_5mm_7p8,0.005,7.8,+body_z,1,4.2500000000023554,26.70353755552804,0.4874596223530301,0.4874596223530301,58.22351665311873,-4.210777473076941,-4.210523648756425,-4.210743108892863,45.40790119392994,45.40160381405419,45.41419857380568,72.06466483846165,216.19399451538496,1000000.0,100.0,0.024413253830689114,4.068875638448185,0.2457681406014627,0.004523893421169303,0.12080395786940071,0.10681415022211216,0.7821035419614686,-0.2457681406014627,1.0
spectral_peak,B_transition_5mm_7p8,0.005,7.8,+body_z,1,4.2500000000023554,26.70353755552804,0.4874596223530301,0.4874596223530301,58.22351665311873,-4.210777473076941,-4.210523648756425,-4.210743108892863,45.40790119392994,45.40160381405419,45.41419857380568,72.06466483846165,216.19399451538496,1000000.0,500.0,0.0109179390234756,1.8196565039125998,0.5495542690885967,0.022619467105846513,0.6040197893470035,0.10681415022211216,0.5772070320668713,-0.5495542690885967,1.0
spectral_peak,B_transition_5mm_7p8,0.005,7.8,+body_z,1,4.2500000000023554,26.70353755552804,0.4874596223530301,0.4874596223530301,58.22351665311873,-4.210777473076941,-4.210523648756425,-4.210743108892863,45.40790119392994,45.40160381405419,45.41419857380568,72.06466483846165,216.19399451538496,3000000.0,10.0,0.04457229941722612,7.428716569537686,0.1346127545235224,0.0013571680263507906,0.03624118736082021,0.10681415022211216,0.8740543197418272,-0.1346127545235224,1.0
spectral_peak,B_transition_5mm_7p8,0.005,7.8,+body_z,1,4.2500000000023554,26.70353755552804,0.4874596223530301,0.4874596223530301,58.22351665311873,-4.210777473076941,-4.210523648756425,-4.210743108892863,45.40790119392994,45.40160381405419,45.41419857380568,72.06466483846165,216.19399451538496,3000000.0,50.0,0.01993333828207837,3.3222230470130616,0.30100326975308844,0.006785840131753954,0.18120593680410105,0.10681415022211216,0.7400753528790807,-0.30100326975308844,1.0
spectral_peak,B_transition_5mm_7p8,0.005,7.8,+body_z,1,4.2500000000023554,26.70353755552804,0.4874596223530301,0.4874596223530301,58.22351665311873,-4.210777473076941,-4.210523648756425,-4.210743108892863,45.40790119392994,45.40160381405419,45.41419857380568,72.06466483846165,216.19399451538496,3000000.0,100.0,0.01409499867094302,2.34916644515717,0.4256829064034649,0.013571680263507907,0.3624118736082021,0.10681415022211216,0.6533234739689103,-0.4256829064034649,1.0
spectral_peak,B_transition_5mm_7p8,0.005,7.8,+body_z,1,4.2500000000023554,26.70353755552804,0.4874596223530301,0.4874596223530301,58.22351665311873,-4.210777473076941,-4.210523648756425,-4.210743108892863,45.40790119392994,45.40160381405419,45.41419857380568,72.06466483846165,216.19399451538496,3000000.0,500.0,0.0063034750341995575,1.050579172366593,0.951855915577828,0.06785840131753954,1.8120593680410104,0.10681415022211216,0.38602393040240085,-0.951855915577828,1.0
spectral_peak,B_transition_5mm_7p8,0.005,7.8,+body_z,1,4.2500000000023554,26.70353755552804,0.4874596223530301,0.4874596223530301,58.22351665311873,-4.210777473076941,-4.210523648756425,-4.210743108892863,45.40790119392994,45.40160381405419,45.41419857380568,72.06466483846165,216.19399451538496,6000000.0,10.0,0.03151737517099779,5.2528958618329655,0.19037118311556556,0.0027143360527015813,0.07248237472164042,0.10681415022211216,0.8266522376364671,-0.19037118311556556,1.0
spectral_peak,B_transition_5mm_7p8,0.005,7.8,+body_z,1,4.2500000000023554,26.70353755552804,0.4874596223530301,0.4874596223530301,58.22351665311873,-4.210777473076941,-4.210523648756425,-4.210743108892863,45.40790119392994,45.40160381405419,45.41419857380568,72.06466483846165,216.19399451538496,6000000.0,50.0,0.01409499867094302,2.34916644515717,0.4256829064034649,0.013571680263507907,0.3624118736082021,0.10681415022211216,0.6533234739689103,-0.4256829064034649,1.0
spectral_peak,B_transition_5mm_7p8,0.005,7.8,+body_z,1,4.2500000000023554,26.70353755552804,0.4874596223530301,0.4874596223530301,58.22351665311873,-4.210777473076941,-4.210523648756425,-4.210743108892863,45.40790119392994,45.40160381405419,45.41419857380568,72.06466483846165,216.19399451538496,6000000.0,100.0,0.009966669141039185,1.6611115235065308,0.6020065395061769,0.027143360527015815,0.7248237472164042,0.10681415022211216,0.5477115279390958,-0.6020065395061769,1.0
spectral_peak,B_transition_5mm_7p8,0.005,7.8,+body_z,1,4.2500000000023554,26.70353755552804,0.4874596223530301,0.4874596223530301,58.22351665311873,-4.210777473076941,-4.210523648756425,-4.210743108892863,45.40790119392994,45.40160381405419,45.41419857380568,72.06466483846165,216.19399451538496,6000000.0,500.0,0.004457229941722611,0.7428716569537686,1.3461275452352242,0.13571680263507907,3.624118736082021,0.10681415022211216,0.26024610311121554,-1.3461275452352242,0.9829999635084405
spectral_peak,B_transition_5mm_7p8,0.005,7.8,+body_z,1,4.2500000000023554,26.70353755552804,0.4874596223530301,0.4874596223530301,58.22351665311873,-4.210777473076941,-4.210523648756425,-4.210743108892863,45.40790119392994,45.40160381405419,45.41419857380568,72.06466483846165,216.19399451538496,10000000.0,10.0,0.024413253830689114,4.068875638448185,0.2457681406014627,0.004523893421169303,0.12080395786940071,0.10681415022211216,0.7821035419614686,-0.2457681406014627,1.0
spectral_peak,B_transition_5mm_7p8,0.005,7.8,+body_z,1,4.2500000000023554,26.70353755552804,0.4874596223530301,0.4874596223530301,58.22351665311873,-4.210777473076941,-4.210523648756425,-4.210743108892863,45.40790119392994,45.40160381405419,45.41419857380568,72.06466483846165,216.19399451538496,10000000.0,50.0,0.0109179390234756,1.8196565039125998,0.5495542690885967,0.022619467105846513,0.6040197893470035,0.10681415022211216,0.5772070320668713,-0.5495542690885967,1.0
spectral_peak,B_transition_5mm_7p8,0.005,7.8,+body_z,1,4.2500000000023554,26.70353755552804,0.4874596223530301,0.4874596223530301,58.22351665311873,-4.210777473076941,-4.210523648756425,-4.210743108892863,45.40790119392994,45.40160381405419,45.41419857380568,72.06466483846165,216.19399451538496,10000000.0,100.0,0.007720148720080829,1.2866914533468048,0.7771871006051269,0.045238934211693026,1.208039578694007,0.10681415022211216,0.45969727654521886,-0.7771871006051269,1.0
spectral_peak,B_transition_5mm_7p8,0.005,7.8,+body_z,1,4.2500000000023554,26.70353755552804,0.4874596223530301,0.4874596223530301,58.22351665311873,-4.210777473076941,-4.210523648756425,-4.210743108892863,45.40790119392994,45.40160381405419,45.41419857380568,72.06466483846165,216.19399451538496,10000000.0,500.0,0.003452555466901746,0.575425911150291,1.7378431881890315,0.2261946710584651,6.040197893470035,0.10681415022211216,0.17589937362993865,-1.7378431881890315,0.9234649343964317
spectral_peak,B_transition_5mm_7p8,0.005,7.8,+body_z,2,3.0000000000016627,18.849555921549207,0.2502919386557425,0.7377515610087726,58.22351665311873,-4.210777473076941,-4.210523648756425,-4.210743108892863,45.40790119392994,45.40160381405419,45.41419857380568,72.06466483846165,216.19399451538496,1000000.0,10.0,0.09188814923693987,15.314691539489978,0.06529677711244994,0.0004523893421169302,0.008527338202545932,0.07539822368619684,0.9367894044642531,-0.06529677711244994,1.0
spectral_peak,B_transition_5mm_7p8,0.005,7.8,+body_z,2,3.0000000000016627,18.849555921549207,0.2502919386557425,0.7377515610087726,58.22351665311873,-4.210777473076941,-4.210523648756425,-4.210743108892863,45.40790119392994,45.40160381405419,45.41419857380568,72.06466483846165,216.19399451538496,1000000.0,50.0,0.0410936296040886,6.8489382673481,0.1460080323350905,0.0022619467105846514,0.04263669101272967,0.07539822368619684,0.8641507620082767,-0.1460080323350905,1.0
spectral_peak,B_transition_5mm_7p8,0.005,7.8,+body_z,2,3.0000000000016627,18.849555921549207,0.2502919386557425,0.7377515610087726,58.22351665311873,-4.210777473076941,-4.210523648756425,-4.210743108892863,45.40790119392994,45.40160381405419,45.41419857380568,72.06466483846165,216.19399451538496,1000000.0,100.0,0.02905758415661931,4.842930692769885,0.20648653954369436,0.004523893421169303,0.08527338202545934,0.07539822368619684,0.8134372106193014,-0.20648653954369436,1.0
spectral_peak,B_transition_5mm_7p8,0.005,7.8,+body_z,2,3.0000000000016627,18.849555921549207,0.2502919386557425,0.7377515610087726,58.22351665311873,-4.210777473076941,-4.210523648756425,-4.210743108892863,45.40790119392994,45.40160381405419,45.41419857380568,72.06466483846165,216.19399451538496,1000000.0,500.0,0.012994946687224333,2.165824447870722,0.46171793885839907,0.022619467105846513,0.42636691012729666,0.07539822368619684,0.6302000698265191,-0.46171793885839907,1.0
spectral_peak,B_transition_5mm_7p8,0.005,7.8,+body_z,2,3.0000000000016627,18.849555921549207,0.2502919386557425,0.7377515610087726,58.22351665311873,-4.210777473076941,-4.210523648756425,-4.210743108892863,45.40790119392994,45.40160381405419,45.41419857380568,72.06466483846165,216.19399451538496,3000000.0,10.0,0.053051647697283745,8.841941282880624,0.1130973355292639,0.0013571680263507906,0.025582014607637798,0.07539822368619684,0.8930637290546098,-0.1130973355292639,1.0
spectral_peak,B_transition_5mm_7p8,0.005,7.8,+body_z,2,3.0000000000016627,18.849555921549207,0.2502919386557425,0.7377515610087726,58.22351665311873,-4.210777473076941,-4.210523648756425,-4.210743108892863,45.40790119392994,45.40160381405419,45.41419857380568,72.06466483846165,216.19399451538496,3000000.0,50.0,0.023725418113899326,3.954236352316554,0.25289333031753625,0.006785840131753954,0.127910073038189,0.07539822368619684,0.7765507118237817,-0.25289333031753625,1.0
spectral_peak,B_transition_5mm_7p8,0.005,7.8,+body_z,2,3.0000000000016627,18.849555921549207,0.2502919386557425,0.7377515610087726,58.22351665311873,-4.210777473076941,-4.210523648756425,-4.210743108892863,45.40790119392994,45.40160381405419,45.41419857380568,72.06466483846165,216.19399451538496,3000000.0,100.0,0.016776404034824364,2.796067339137394,0.35764517756875874,0.013571680263507907,0.255820146076378,0.07539822368619684,0.6993211658261058,-0.35764517756875874,1.0
spectral_peak,B_transition_5mm_7p8,0.005,7.8,+body_z,2,3.0000000000016627,18.849555921549207,0.2502919386557425,0.7377515610087726,58.22351665311873,-4.210777473076941,-4.210523648756425,-4.210743108892863,45.40790119392994,45.40160381405419,45.41419857380568,72.06466483846165,216.19399451538496,3000000.0,500.0,0.007502635967973805,1.250439327995634,0.7997189288687275,0.06785840131753954,1.2791007303818898,0.07539822368619684,0.44945527526785695,-0.7997189288687275,1.0
spectral_peak,B_transition_5mm_7p8,0.005,7.8,+body_z,2,3.0000000000016627,18.849555921549207,0.2502919386557425,0.7377515610087726,58.22351665311873,-4.210777473076941,-4.210523648756425,-4.210743108892863,45.40790119392994,45.40160381405419,45.41419857380568,72.06466483846165,216.19399451538496,6000000.0,10.0,0.03751317983986902,6.2521966399781705,0.15994378577374552,0.0027143360527015813,0.051164029215275596,0.07539822368619684,0.8521916929163947,-0.15994378577374552,1.0
spectral_peak,B_transition_5mm_7p8,0.005,7.8,+body_z,2,3.0000000000016627,18.849555921549207,0.2502919386557425,0.7377515610087726,58.22351665311873,-4.210777473076941,-4.210523648756425,-4.210743108892863,45.40790119392994,45.40160381405419,45.41419857380568,72.06466483846165,216.19399451538496,6000000.0,50.0,0.016776404034824364,2.796067339137394,0.35764517756875874,0.013571680263507907,0.255820146076378,0.07539822368619684,0.6993211658261058,-0.35764517756875874,1.0
spectral_peak,B_transition_5mm_7p8,0.005,7.8,+body_z,2,3.0000000000016627,18.849555921549207,0.2502919386557425,0.7377515610087726,58.22351665311873,-4.210777473076941,-4.210523648756425,-4.210743108892863,45.40790119392994,45.40160381405419,45.41419857380568,72.06466483846165,216.19399451538496,6000000.0,100.0,0.011862709056949663,1.977118176158277,0.5057866606350725,0.027143360527015815,0.511640292152756,0.07539822368619684,0.603031008034022,-0.5057866606350725,1.0
spectral_peak,B_transition_5mm_7p8,0.005,7.8,+body_z,2,3.0000000000016627,18.849555921549207,0.2502919386557425,0.7377515610087726,58.22351665311873,-4.210777473076941,-4.210523648756425,-4.210743108892863,45.40790119392994,45.40160381405419,45.41419857380568,72.06466483846165,216.19399451538496,6000000.0,500.0,0.005305164769728374,0.8841941282880623,1.130973355292639,0.13571680263507907,2.5582014607637795,0.07539822368619684,0.3227189832669478,-1.130973355292639,0.9984469274633927
spectral_peak,B_transition_5mm_7p8,0.005,7.8,+body_z,2,3.0000000000016627,18.849555921549207,0.2502919386557425,0.7377515610087726,58.22351665311873,-4.210777473076941,-4.210523648756425,-4.210743108892863,45.40790119392994,45.40160381405419,45.41419857380568,72.06466483846165,216.19399451538496,10000000.0,10.0,0.02905758415661931,4.842930692769885,0.20648653954369436,0.004523893421169303,0.08527338202545934,0.07539822368619684,0.8134372106193014,-0.20648653954369436,1.0
spectral_peak,B_transition_5mm_7p8,0.005,7.8,+body_z,2,3.0000000000016627,18.849555921549207,0.2502919386557425,0.7377515610087726,58.22351665311873,-4.210777473076941,-4.210523648756425,-4.210743108892863,45.40790119392994,45.40160381405419,45.41419857380568,72.06466483846165,216.19399451538496,10000000.0,50.0,0.012994946687224333,2.165824447870722,0.46171793885839907,0.022619467105846513,0.42636691012729666,0.07539822368619684,0.6302000698265191,-0.46171793885839907,1.0
spectral_peak,B_transition_5mm_7p8,0.005,7.8,+body_z,2,3.0000000000016627,18.849555921549207,0.2502919386557425,0.7377515610087726,58.22351665311873,-4.210777473076941,-4.210523648756425,-4.210743108892863,45.40790119392994,45.40160381405419,45.41419857380568,72.06466483846165,216.19399451538496,10000000.0,100.0,0.009188814923693988,1.531469153948998,0.6529677711244994,0.045238934211693026,0.8527338202545933,0.07539822368619684,0.520498761108735,-0.6529677711244994,1.0
spectral_peak,B_transition_5mm_7p8,0.005,7.8,+body_z,2,3.0000000000016627,18.849555921549207,0.2502919386557425,0.7377515610087726,58.22351665311873,-4.210777473076941,-4.210523648756425,-4.210743108892863,45.40790119392994,45.40160381405419,45.41419857380568,72.06466483846165,216.19399451538496,10000000.0,500.0,0.00410936296040886,0.68489382673481,1.4600803233509048,0.2261946710584651,4.263669101272966,0.07539822368619684,0.23221762148312655,-1.4600803233509048,0.9687125092193274
spectral_peak,B_transition_5mm_7p8,0.005,7.8,+body_z,3,20.000000000011084,125.66370614366137,0.05337262272857885,0.7911241837373515,58.22351665311873,-4.210777473076941,-4.210523648756425,-4.210743108892863,45.40790119392994,45.40160381405419,45.41419857380568,72.06466483846165,216.19399451538496,1000000.0,10.0,0.03558812717084899,5.931354528474832,0.16859555354502415,0.0004523893421169302,0.056848921350306204,0.5026548245746455,0.8448505310986061,-0.16859555354502415,1.0
spectral_peak,B_transition_5mm_7p8,0.005,7.8,+body_z,3,20.000000000011084,125.66370614366137,0.05337262272857885,0.7911241837373515,58.22351665311873,-4.210777473076941,-4.210523648756425,-4.210743108892863,45.40790119392994,45.40160381405419,45.41419857380568,72.06466483846165,216.19399451538496,1000000.0,50.0,0.015915494309185124,2.6525823848641874,0.3769911184308796,0.0022619467105846514,0.28424460675153107,0.5026548245746455,0.6859221659340946,-0.3769911184308796,1.0
spectral_peak,B_transition_5mm_7p8,0.005,7.8,+body_z,3,20.000000000011084,125.66370614366137,0.05337262272857885,0.7911241837373515,58.22351665311873,-4.210777473076941,-4.210523648756425,-4.210743108892863,45.40790119392994,45.40160381405419,45.41419857380568,72.06466483846165,216.19399451538496,1000000.0,100.0,0.011253953951960707,1.8756589919934512,0.5331459525791518,0.004523893421169303,0.5684892135030621,0.5026548245746455,0.5867561560207528,-0.5331459525791518,1.0
spectral_peak,B_transition_5mm_7p8,0.005,7.8,+body_z,3,20.000000000011084,125.66370614366137,0.05337262272857885,0.7911241837373515,58.22351665311873,-4.210777473076941,-4.210523648756425,-4.210743108892863,45.40790119392994,45.40160381405419,45.41419857380568,72.06466483846165,216.19399451538496,1000000.0,500.0,0.005032921210447309,0.8388202017412182,1.1921505918958626,0.022619467105846513,2.842446067515311,0.5026548245746455,0.3035677112961916,-1.1921505918958626,0.995812721728049
spectral_peak,B_transition_5mm_7p8,0.005,7.8,+body_z,3,20.000000000011084,125.66370614366137,0.05337262272857885,0.7911241837373515,58.22351665311873,-4.210777473076941,-4.210523648756425,-4.210743108892863,45.40790119392994,45.40160381405419,45.41419857380568,72.06466483846165,216.19399451538496,3000000.0,10.0,0.0205468148020443,3.42446913367405,0.292016064670181,0.0013571680263507906,0.17054676405091862,0.5026548245746455,0.7467565394794853,-0.292016064670181,1.0
spectral_peak,B_transition_5mm_7p8,0.005,7.8,+body_z,3,20.000000000011084,125.66370614366137,0.05337262272857885,0.7911241837373515,58.22351665311873,-4.210777473076941,-4.210523648756425,-4.210743108892863,45.40790119392994,45.40160381405419,45.41419857380568,72.06466483846165,216.19399451538496,3000000.0,50.0,0.009188814923693988,1.531469153948998,0.6529677711244994,0.006785840131753954,0.8527338202545932,0.5026548245746455,0.520498761108735,-0.6529677711244994,1.0
spectral_peak,B_transition_5mm_7p8,0.005,7.8,+body_z,3,20.000000000011084,125.66370614366137,0.05337262272857885,0.7911241837373515,58.22351665311873,-4.210777473076941,-4.210523648756425,-4.210743108892863,45.40790119392994,45.40160381405419,45.41419857380568,72.06466483846165,216.19399451538496,3000000.0,100.0,0.006497473343612167,1.082912223935361,0.9234358777167981,0.013571680263507907,1.7054676405091864,0.5026548245746455,0.3971521280093496,-0.9234358777167981,1.0
spectral_peak,B_transition_5mm_7p8,0.005,7.8,+body_z,3,20.000000000011084,125.66370614366137,0.05337262272857885,0.7911241837373515,58.22351665311873,-4.210777473076941,-4.210523648756425,-4.210743108892863,45.40790119392994,45.40160381405419,45.41419857380568,72.06466483846165,216.19399451538496,3000000.0,500.0,0.0029057584156619307,0.48429306927698845,2.064865395436944,0.06785840131753954,8.527338202545932,0.5026548245746455,0.1268353620375076,-2.064865395436944,0.8628458654283107
spectral_peak,B_transition_5mm_7p8,0.005,7.8,+body_z,3,20.000000000011084,125.66370614366137,0.05337262272857885,0.7911241837373515,58.22351665311873,-4.210777473076941,-4.210523648756425,-4.210743108892863,45.40790119392994,45.40160381405419,45.41419857380568,72.06466483846165,216.19399451538496,6000000.0,10.0,0.014528792078309654,2.4214653463849425,0.41297307908738873,0.0027143360527015813,0.34109352810183724,0.5026548245746455,0.6616800956201098,-0.41297307908738873,1.0
spectral_peak,B_transition_5mm_7p8,0.005,7.8,+body_z,3,20.000000000011084,125.66370614366137,0.05337262272857885,0.7911241837373515,58.22351665311873,-4.210777473076941,-4.210523648756425,-4.210743108892863,45.40790119392994,45.40160381405419,45.41419857380568,72.06466483846165,216.19399451538496,6000000.0,50.0,0.006497473343612167,1.082912223935361,0.9234358777167981,0.013571680263507907,1.7054676405091864,0.5026548245746455,0.3971521280093496,-0.9234358777167981,1.0
spectral_peak,B_transition_5mm_7p8,0.005,7.8,+body_z,3,20.000000000011084,125.66370614366137,0.05337262272857885,0.7911241837373515,58.22351665311873,-4.210777473076941,-4.210523648756425,-4.210743108892863,45.40790119392994,45.40160381405419,45.41419857380568,72.06466483846165,216.19399451538496,6000000.0,100.0,0.004594407461846994,0.765734576974499,1.3059355422489989,0.027143360527015815,3.410935281018373,0.5026548245746455,0.270918960315728,-1.3059355422489989,0.9871434460162816
spectral_peak,B_transition_5mm_7p8,0.005,7.8,+body_z,3,20.000000000011084,125.66370614366137,0.05337262272857885,0.7911241837373515,58.22351665311873,-4.210777473076941,-4.210523648756425,-4.210743108892863,45.40790119392994,45.40160381405419,45.41419857380568,72.06466483846165,216.19399451538496,6000000.0,500.0,0.00205468148020443,0.342446913367405,2.9201606467018095,0.13571680263507907,17.054676405091865,0.5026548245746455,0.05392502372728064,-2.9201606467018095,0.7156897860167828
spectral_peak,B_transition_5mm_7p8,0.005,7.8,+body_z,3,20.000000000011084,125.66370614366137,0.05337262272857885,0.7911241837373515,58.22351665311873,-4.210777473076941,-4.210523648756425,-4.210743108892863,45.40790119392994,45.40160381405419,45.41419857380568,72.06466483846165,216.19399451538496,10000000.0,10.0,0.011253953951960707,1.8756589919934512,0.5331459525791518,0.004523893421169303,0.5684892135030621,0.5026548245746455,0.5867561560207528,-0.5331459525791518,1.0
spectral_peak,B_transition_5mm_7p8,0.005,7.8,+body_z,3,20.000000000011084,125.66370614366137,0.05337262272857885,0.7911241837373515,58.22351665311873,-4.210777473076941,-4.210523648756425,-4.210743108892863,45.40790119392994,45.40160381405419,45.41419857380568,72.06466483846165,216.19399451538496,10000000.0,50.0,0.005032921210447309,0.8388202017412182,1.1921505918958626,0.022619467105846513,2.842446067515311,0.5026548245746455,0.3035677112961916,-1.1921505918958626,0.995812721728049
spectral_peak,B_transition_5mm_7p8,0.005,7.8,+body_z,3,20.000000000011084,125.66370614366137,0.05337262272857885,0.7911241837373515,58.22351665311873,-4.210777473076941,-4.210523648756425,-4.210743108892863,45.40790119392994,45.40160381405419,45.41419857380568,72.06466483846165,216.19399451538496,10000000.0,100.0,0.0035588127170848994,0.5931354528474833,1.6859555354502413,0.045238934211693026,5.684892135030622,0.5026548245746455,0.1852673178600619,-1.6859555354502413,0.9326481474864179
spectral_peak,B_transition_5mm_7p8,0.005,7.8,+body_z,3,20.000000000011084,125.66370614366137,0.05337262272857885,0.7911241837373515,58.22351665311873,-4.210777473076941,-4.210523648756425,-4.210743108892863,45.40790119392994,45.40160381405419,45.41419857380568,72.06466483846165,216.19399451538496,10000000.0,500.0,0.0015915494309185125,0.2652582384864187,3.7699111843087962,0.2261946710584651,28.424460675153107,0.5026548245746455,0.023054110763082745,-3.7699111843087962,0.6033529986311074
spectral_peak,B_transition_5mm_7p8,0.005,7.8,-body_z,1,4.2500000000023554,26.70353755552804,0.4859777328269404,0.4859777328269404,57.92107398424256,-4.210777473076941,-4.210523648756425,-4.210743108892863,45.40790119392994,45.40160381405419,45.41419857380568,72.06466483846165,216.19399451538496,1000000.0,10.0,0.0772014872008083,12.86691453346805,0.07771871006051267,0.0004523893421169302,0.01208039578694007,0.10681415022211216,0.9252246463279975,-0.07771871006051267,1.0
spectral_peak,B_transition_5mm_7p8,0.005,7.8,-body_z,1,4.2500000000023554,26.70353755552804,0.4859777328269404,0.4859777328269404,57.92107398424256,-4.210777473076941,-4.210523648756425,-4.210743108892863,45.40790119392994,45.40160381405419,45.41419857380568,72.06466483846165,216.19399451538496,1000000.0,50.0,0.03452555466901746,5.754259111502909,0.17378431881890313,0.0022619467105846514,0.060401978934700354,0.10681415022211216,0.8404781534318174,-0.17378431881890313,1.0
spectral_peak,B_transition_5mm_7p8,0.005,7.8,-body_z,1,4.2500000000023554,26.70353755552804,0.4859777328269404,0.4859777328269404,57.92107398424256,-4.210777473076941,-4.210523648756425,-4.210743108892863,45.40790119392994,45.40160381405419,45.41419857380568,72.06466483846165,216.19399451538496,1000000.0,100.0,0.024413253830689114,4.068875638448185,0.2457681406014627,0.004523893421169303,0.12080395786940071,0.10681415022211216,0.7821035419614686,-0.2457681406014627,1.0
spectral_peak,B_transition_5mm_7p8,0.005,7.8,-body_z,1,4.2500000000023554,26.70353755552804,0.4859777328269404,0.4859777328269404,57.92107398424256,-4.210777473076941,-4.210523648756425,-4.210743108892863,45.40790119392994,45.40160381405419,45.41419857380568,72.06466483846165,216.19399451538496,1000000.0,500.0,0.0109179390234756,1.8196565039125998,0.5495542690885967,0.022619467105846513,0.6040197893470035,0.10681415022211216,0.5772070320668713,-0.5495542690885967,1.0
spectral_peak,B_transition_5mm_7p8,0.005,7.8,-body_z,1,4.2500000000023554,26.70353755552804,0.4859777328269404,0.4859777328269404,57.92107398424256,-4.210777473076941,-4.210523648756425,-4.210743108892863,45.40790119392994,45.40160381405419,45.41419857380568,72.06466483846165,216.19399451538496,3000000.0,10.0,0.04457229941722612,7.428716569537686,0.1346127545235224,0.0013571680263507906,0.03624118736082021,0.10681415022211216,0.8740543197418272,-0.1346127545235224,1.0
spectral_peak,B_transition_5mm_7p8,0.005,7.8,-body_z,1,4.2500000000023554,26.70353755552804,0.4859777328269404,0.4859777328269404,57.92107398424256,-4.210777473076941,-4.210523648756425,-4.210743108892863,45.40790119392994,45.40160381405419,45.41419857380568,72.06466483846165,216.19399451538496,3000000.0,50.0,0.01993333828207837,3.3222230470130616,0.30100326975308844,0.006785840131753954,0.18120593680410105,0.10681415022211216,0.7400753528790807,-0.30100326975308844,1.0
spectral_peak,B_transition_5mm_7p8,0.005,7.8,-body_z,1,4.2500000000023554,26.70353755552804,0.4859777328269404,0.4859777328269404,57.92107398424256,-4.210777473076941,-4.210523648756425,-4.210743108892863,45.40790119392994,45.40160381405419,45.41419857380568,72.06466483846165,216.19399451538496,3000000.0,100.0,0.01409499867094302,2.34916644515717,0.4256829064034649,0.013571680263507907,0.3624118736082021,0.10681415022211216,0.6533234739689103,-0.4256829064034649,1.0
spectral_peak,B_transition_5mm_7p8,0.005,7.8,-body_z,1,4.2500000000023554,26.70353755552804,0.4859777328269404,0.4859777328269404,57.92107398424256,-4.210777473076941,-4.210523648756425,-4.210743108892863,45.40790119392994,45.40160381405419,45.41419857380568,72.06466483846165,216.19399451538496,3000000.0,500.0,0.0063034750341995575,1.050579172366593,0.951855915577828,0.06785840131753954,1.8120593680410104,0.10681415022211216,0.38602393040240085,-0.951855915577828,1.0
spectral_peak,B_transition_5mm_7p8,0.005,7.8,-body_z,1,4.2500000000023554,26.70353755552804,0.4859777328269404,0.4859777328269404,57.92107398424256,-4.210777473076941,-4.210523648756425,-4.210743108892863,45.40790119392994,45.40160381405419,45.41419857380568,72.06466483846165,216.19399451538496,6000000.0,10.0,0.03151737517099779,5.2528958618329655,0.19037118311556556,0.0027143360527015813,0.07248237472164042,0.10681415022211216,0.8266522376364671,-0.19037118311556556,1.0
spectral_peak,B_transition_5mm_7p8,0.005,7.8,-body_z,1,4.2500000000023554,26.70353755552804,0.4859777328269404,0.4859777328269404,57.92107398424256,-4.210777473076941,-4.210523648756425,-4.210743108892863,45.40790119392994,45.40160381405419,45.41419857380568,72.06466483846165,216.19399451538496,6000000.0,50.0,0.01409499867094302,2.34916644515717,0.4256829064034649,0.013571680263507907,0.3624118736082021,0.10681415022211216,0.6533234739689103,-0.4256829064034649,1.0
spectral_peak,B_transition_5mm_7p8,0.005,7.8,-body_z,1,4.2500000000023554,26.70353755552804,0.4859777328269404,0.4859777328269404,57.92107398424256,-4.210777473076941,-4.210523648756425,-4.210743108892863,45.40790119392994,45.40160381405419,45.41419857380568,72.06466483846165,216.19399451538496,6000000.0,100.0,0.009966669141039185,1.6611115235065308,0.6020065395061769,0.027143360527015815,0.7248237472164042,0.10681415022211216,0.5477115279390958,-0.6020065395061769,1.0
spectral_peak,B_transition_5mm_7p8,0.005,7.8,-body_z,1,4.2500000000023554,26.70353755552804,0.4859777328269404,0.4859777328269404,57.92107398424256,-4.210777473076941,-4.210523648756425,-4.210743108892863,45.40790119392994,45.40160381405419,45.41419857380568,72.06466483846165,216.19399451538496,6000000.0,500.0,0.004457229941722611,0.7428716569537686,1.3461275452352242,0.13571680263507907,3.624118736082021,0.10681415022211216,0.26024610311121554,-1.3461275452352242,0.9829999635084405
spectral_peak,B_transition_5mm_7p8,0.005,7.8,-body_z,1,4.2500000000023554,26.70353755552804,0.4859777328269404,0.4859777328269404,57.92107398424256,-4.210777473076941,-4.210523648756425,-4.210743108892863,45.40790119392994,45.40160381405419,45.41419857380568,72.06466483846165,216.19399451538496,10000000.0,10.0,0.024413253830689114,4.068875638448185,0.2457681406014627,0.004523893421169303,0.12080395786940071,0.10681415022211216,0.7821035419614686,-0.2457681406014627,1.0
spectral_peak,B_transition_5mm_7p8,0.005,7.8,-body_z,1,4.2500000000023554,26.70353755552804,0.4859777328269404,0.4859777328269404,57.92107398424256,-4.210777473076941,-4.210523648756425,-4.210743108892863,45.40790119392994,45.40160381405419,45.41419857380568,72.06466483846165,216.19399451538496,10000000.0,50.0,0.0109179390234756,1.8196565039125998,0.5495542690885967,0.022619467105846513,0.6040197893470035,0.10681415022211216,0.5772070320668713,-0.5495542690885967,1.0
spectral_peak,B_transition_5mm_7p8,0.005,7.8,-body_z,1,4.2500000000023554,26.70353755552804,0.4859777328269404,0.4859777328269404,57.92107398424256,-4.210777473076941,-4.210523648756425,-4.210743108892863,45.40790119392994,45.40160381405419,45.41419857380568,72.06466483846165,216.19399451538496,10000000.0,100.0,0.007720148720080829,1.2866914533468048,0.7771871006051269,0.045238934211693026,1.208039578694007,0.10681415022211216,0.45969727654521886,-0.7771871006051269,1.0
spectral_peak,B_transition_5mm_7p8,0.005,7.8,-body_z,1,4.2500000000023554,26.70353755552804,0.4859777328269404,0.4859777328269404,57.92107398424256,-4.210777473076941,-4.210523648756425,-4.210743108892863,45.40790119392994,45.40160381405419,45.41419857380568,72.06466483846165,216.19399451538496,10000000.0,500.0,0.003452555466901746,0.575425911150291,1.7378431881890315,0.2261946710584651,6.040197893470035,0.10681415022211216,0.17589937362993865,-1.7378431881890315,0.9234649343964317
spectral_peak,B_transition_5mm_7p8,0.005,7.8,-body_z,2,3.0000000000016627,18.849555921549207,0.25407573548929624,0.7400534683162366,57.92107398424256,-4.210777473076941,-4.210523648756425,-4.210743108892863,45.40790119392994,45.40160381405419,45.41419857380568,72.06466483846165,216.19399451538496,1000000.0,10.0,0.09188814923693987,15.314691539489978,0.06529677711244994,0.0004523893421169302,0.008527338202545932,0.07539822368619684,0.9367894044642531,-0.06529677711244994,1.0
spectral_peak,B_transition_5mm_7p8,0.005,7.8,-body_z,2,3.0000000000016627,18.849555921549207,0.25407573548929624,0.7400534683162366,57.92107398424256,-4.210777473076941,-4.210523648756425,-4.210743108892863,45.40790119392994,45.40160381405419,45.41419857380568,72.06466483846165,216.19399451538496,1000000.0,50.0,0.0410936296040886,6.8489382673481,0.1460080323350905,0.0022619467105846514,0.04263669101272967,0.07539822368619684,0.8641507620082767,-0.1460080323350905,1.0
spectral_peak,B_transition_5mm_7p8,0.005,7.8,-body_z,2,3.0000000000016627,18.849555921549207,0.25407573548929624,0.7400534683162366,57.92107398424256,-4.210777473076941,-4.210523648756425,-4.210743108892863,45.40790119392994,45.40160381405419,45.41419857380568,72.06466483846165,216.19399451538496,1000000.0,100.0,0.02905758415661931,4.842930692769885,0.20648653954369436,0.004523893421169303,0.08527338202545934,0.07539822368619684,0.8134372106193014,-0.20648653954369436,1.0
spectral_peak,B_transition_5mm_7p8,0.005,7.8,-body_z,2,3.0000000000016627,18.849555921549207,0.25407573548929624,0.7400534683162366,57.92107398424256,-4.210777473076941,-4.210523648756425,-4.210743108892863,45.40790119392994,45.40160381405419,45.41419857380568,72.06466483846165,216.19399451538496,1000000.0,500.0,0.012994946687224333,2.165824447870722,0.46171793885839907,0.022619467105846513,0.42636691012729666,0.07539822368619684,0.6302000698265191,-0.46171793885839907,1.0
spectral_peak,B_transition_5mm_7p8,0.005,7.8,-body_z,2,3.0000000000016627,18.849555921549207,0.25407573548929624,0.7400534683162366,57.92107398424256,-4.210777473076941,-4.210523648756425,-4.210743108892863,45.40790119392994,45.40160381405419,45.41419857380568,72.06466483846165,216.19399451538496,3000000.0,10.0,0.053051647697283745,8.841941282880624,0.1130973355292639,0.0013571680263507906,0.025582014607637798,0.07539822368619684,0.8930637290546098,-0.1130973355292639,1.0
spectral_peak,B_transition_5mm_7p8,0.005,7.8,-body_z,2,3.0000000000016627,18.849555921549207,0.25407573548929624,0.7400534683162366,57.92107398424256,-4.210777473076941,-4.210523648756425,-4.210743108892863,45.40790119392994,45.40160381405419,45.41419857380568,72.06466483846165,216.19399451538496,3000000.0,50.0,0.023725418113899326,3.954236352316554,0.25289333031753625,0.006785840131753954,0.127910073038189,0.07539822368619684,0.7765507118237817,-0.25289333031753625,1.0
spectral_peak,B_transition_5mm_7p8,0.005,7.8,-body_z,2,3.0000000000016627,18.849555921549207,0.25407573548929624,0.7400534683162366,57.92107398424256,-4.210777473076941,-4.210523648756425,-4.210743108892863,45.40790119392994,45.40160381405419,45.41419857380568,72.06466483846165,216.19399451538496,3000000.0,100.0,0.016776404034824364,2.796067339137394,0.35764517756875874,0.013571680263507907,0.255820146076378,0.07539822368619684,0.6993211658261058,-0.35764517756875874,1.0
spectral_peak,B_transition_5mm_7p8,0.005,7.8,-body_z,2,3.0000000000016627,18.849555921549207,0.25407573548929624,0.7400534683162366,57.92107398424256,-4.210777473076941,-4.210523648756425,-4.210743108892863,45.40790119392994,45.40160381405419,45.41419857380568,72.06466483846165,216.19399451538496,3000000.0,500.0,0.007502635967973805,1.250439327995634,0.7997189288687275,0.06785840131753954,1.2791007303818898,0.07539822368619684,0.44945527526785695,-0.7997189288687275,1.0
spectral_peak,B_transition_5mm_7p8,0.005,7.8,-body_z,2,3.0000000000016627,18.849555921549207,0.25407573548929624,0.7400534683162366,57.92107398424256,-4.210777473076941,-4.210523648756425,-4.210743108892863,45.40790119392994,45.40160381405419,45.41419857380568,72.06466483846165,216.19399451538496,6000000.0,10.0,0.03751317983986902,6.2521966399781705,0.15994378577374552,0.0027143360527015813,0.051164029215275596,0.07539822368619684,0.8521916929163947,-0.15994378577374552,1.0
spectral_peak,B_transition_5mm_7p8,0.005,7.8,-body_z,2,3.0000000000016627,18.849555921549207,0.25407573548929624,0.7400534683162366,57.92107398424256,-4.210777473076941,-4.210523648756425,-4.210743108892863,45.40790119392994,45.40160381405419,45.41419857380568,72.06466483846165,216.19399451538496,6000000.0,50.0,0.016776404034824364,2.796067339137394,0.35764517756875874,0.013571680263507907,0.255820146076378,0.07539822368619684,0.6993211658261058,-0.35764517756875874,1.0
spectral_peak,B_transition_5mm_7p8,0.005,7.8,-body_z,2,3.0000000000016627,18.849555921549207,0.25407573548929624,0.7400534683162366,57.92107398424256,-4.210777473076941,-4.210523648756425,-4.210743108892863,45.40790119392994,45.40160381405419,45.41419857380568,72.06466483846165,216.19399451538496,6000000.0,100.0,0.011862709056949663,1.977118176158277,0.5057866606350725,0.027143360527015815,0.511640292152756,0.07539822368619684,0.603031008034022,-0.5057866606350725,1.0
spectral_peak,B_transition_5mm_7p8,0.005,7.8,-body_z,2,3.0000000000016627,18.849555921549207,0.25407573548929624,0.7400534683162366,57.92107398424256,-4.210777473076941,-4.210523648756425,-4.210743108892863,45.40790119392994,45.40160381405419,45.41419857380568,72.06466483846165,216.19399451538496,6000000.0,500.0,0.005305164769728374,0.8841941282880623,1.130973355292639,0.13571680263507907,2.5582014607637795,0.07539822368619684,0.3227189832669478,-1.130973355292639,0.9984469274633927
spectral_peak,B_transition_5mm_7p8,0.005,7.8,-body_z,2,3.0000000000016627,18.849555921549207,0.25407573548929624,0.7400534683162366,57.92107398424256,-4.210777473076941,-4.210523648756425,-4.210743108892863,45.40790119392994,45.40160381405419,45.41419857380568,72.06466483846165,216.19399451538496,10000000.0,10.0,0.02905758415661931,4.842930692769885,0.20648653954369436,0.004523893421169303,0.08527338202545934,0.07539822368619684,0.8134372106193014,-0.20648653954369436,1.0
spectral_peak,B_transition_5mm_7p8,0.005,7.8,-body_z,2,3.0000000000016627,18.849555921549207,0.25407573548929624,0.7400534683162366,57.92107398424256,-4.210777473076941,-4.210523648756425,-4.210743108892863,45.40790119392994,45.40160381405419,45.41419857380568,72.06466483846165,216.19399451538496,10000000.0,50.0,0.012994946687224333,2.165824447870722,0.46171793885839907,0.022619467105846513,0.42636691012729666,0.07539822368619684,0.6302000698265191,-0.46171793885839907,1.0
spectral_peak,B_transition_5mm_7p8,0.005,7.8,-body_z,2,3.0000000000016627,18.849555921549207,0.25407573548929624,0.7400534683162366,57.92107398424256,-4.210777473076941,-4.210523648756425,-4.210743108892863,45.40790119392994,45.40160381405419,45.41419857380568,72.06466483846165,216.19399451538496,10000000.0,100.0,0.009188814923693988,1.531469153948998,0.6529677711244994,0.045238934211693026,0.8527338202545933,0.07539822368619684,0.520498761108735,-0.6529677711244994,1.0
spectral_peak,B_transition_5mm_7p8,0.005,7.8,-body_z,2,3.0000000000016627,18.849555921549207,0.25407573548929624,0.7400534683162366,57.92107398424256,-4.210777473076941,-4.210523648756425,-4.210743108892863,45.40790119392994,45.40160381405419,45.41419857380568,72.06466483846165,216.19399451538496,10000000.0,500.0,0.00410936296040886,0.68489382673481,1.4600803233509048,0.2261946710584651,4.263669101272966,0.07539822368619684,0.23221762148312655,-1.4600803233509048,0.9687125092193274
spectral_peak,B_transition_5mm_7p8,0.005,7.8,-body_z,3,20.000000000011084,125.66370614366137,0.05329195080152227,0.7933454191177589,57.92107398424256,-4.210777473076941,-4.210523648756425,-4.210743108892863,45.40790119392994,45.40160381405419,45.41419857380568,72.06466483846165,216.19399451538496,1000000.0,10.0,0.03558812717084899,5.931354528474832,0.16859555354502415,0.0004523893421169302,0.056848921350306204,0.5026548245746455,0.8448505310986061,-0.16859555354502415,1.0
spectral_peak,B_transition_5mm_7p8,0.005,7.8,-body_z,3,20.000000000011084,125.66370614366137,0.05329195080152227,0.7933454191177589,57.92107398424256,-4.210777473076941,-4.210523648756425,-4.210743108892863,45.40790119392994,45.40160381405419,45.41419857380568,72.06466483846165,216.19399451538496,1000000.0,50.0,0.015915494309185124,2.6525823848641874,0.3769911184308796,0.0022619467105846514,0.28424460675153107,0.5026548245746455,0.6859221659340946,-0.3769911184308796,1.0
spectral_peak,B_transition_5mm_7p8,0.005,7.8,-body_z,3,20.000000000011084,125.66370614366137,0.05329195080152227,0.7933454191177589,57.92107398424256,-4.210777473076941,-4.210523648756425,-4.210743108892863,45.40790119392994,45.40160381405419,45.41419857380568,72.06466483846165,216.19399451538496,1000000.0,100.0,0.011253953951960707,1.8756589919934512,0.5331459525791518,0.004523893421169303,0.5684892135030621,0.5026548245746455,0.5867561560207528,-0.5331459525791518,1.0
spectral_peak,B_transition_5mm_7p8,0.005,7.8,-body_z,3,20.000000000011084,125.66370614366137,0.05329195080152227,0.7933454191177589,57.92107398424256,-4.210777473076941,-4.210523648756425,-4.210743108892863,45.40790119392994,45.40160381405419,45.41419857380568,72.06466483846165,216.19399451538496,1000000.0,500.0,0.005032921210447309,0.8388202017412182,1.1921505918958626,0.022619467105846513,2.842446067515311,0.5026548245746455,0.3035677112961916,-1.1921505918958626,0.995812721728049
spectral_peak,B_transition_5mm_7p8,0.005,7.8,-body_z,3,20.000000000011084,125.66370614366137,0.05329195080152227,0.7933454191177589,57.92107398424256,-4.210777473076941,-4.210523648756425,-4.210743108892863,45.40790119392994,45.40160381405419,45.41419857380568,72.06466483846165,216.19399451538496,3000000.0,10.0,0.0205468148020443,3.42446913367405,0.292016064670181,0.0013571680263507906,0.17054676405091862,0.5026548245746455,0.7467565394794853,-0.292016064670181,1.0
spectral_peak,B_transition_5mm_7p8,0.005,7.8,-body_z,3,20.000000000011084,125.66370614366137,0.05329195080152227,0.7933454191177589,57.92107398424256,-4.210777473076941,-4.210523648756425,-4.210743108892863,45.40790119392994,45.40160381405419,45.41419857380568,72.06466483846165,216.19399451538496,3000000.0,50.0,0.009188814923693988,1.531469153948998,0.6529677711244994,0.006785840131753954,0.8527338202545932,0.5026548245746455,0.520498761108735,-0.6529677711244994,1.0
spectral_peak,B_transition_5mm_7p8,0.005,7.8,-body_z,3,20.000000000011084,125.66370614366137,0.05329195080152227,0.7933454191177589,57.92107398424256,-4.210777473076941,-4.210523648756425,-4.210743108892863,45.40790119392994,45.40160381405419,45.41419857380568,72.06466483846165,216.19399451538496,3000000.0,100.0,0.006497473343612167,1.082912223935361,0.9234358777167981,0.013571680263507907,1.7054676405091864,0.5026548245746455,0.3971521280093496,-0.9234358777167981,1.0
spectral_peak,B_transition_5mm_7p8,0.005,7.8,-body_z,3,20.000000000011084,125.66370614366137,0.05329195080152227,0.7933454191177589,57.92107398424256,-4.210777473076941,-4.210523648756425,-4.210743108892863,45.40790119392994,45.40160381405419,45.41419857380568,72.06466483846165,216.19399451538496,3000000.0,500.0,0.0029057584156619307,0.48429306927698845,2.064865395436944,0.06785840131753954,8.527338202545932,0.5026548245746455,0.1268353620375076,-2.064865395436944,0.8628458654283107
spectral_peak,B_transition_5mm_7p8,0.005,7.8,-body_z,3,20.000000000011084,125.66370614366137,0.05329195080152227,0.7933454191177589,57.92107398424256,-4.210777473076941,-4.210523648756425,-4.210743108892863,45.40790119392994,45.40160381405419,45.41419857380568,72.06466483846165,216.19399451538496,6000000.0,10.0,0.014528792078309654,2.4214653463849425,0.41297307908738873,0.0027143360527015813,0.34109352810183724,0.5026548245746455,0.6616800956201098,-0.41297307908738873,1.0
spectral_peak,B_transition_5mm_7p8,0.005,7.8,-body_z,3,20.000000000011084,125.66370614366137,0.05329195080152227,0.7933454191177589,57.92107398424256,-4.210777473076941,-4.210523648756425,-4.210743108892863,45.40790119392994,45.40160381405419,45.41419857380568,72.06466483846165,216.19399451538496,6000000.0,50.0,0.006497473343612167,1.082912223935361,0.9234358777167981,0.013571680263507907,1.7054676405091864,0.5026548245746455,0.3971521280093496,-0.9234358777167981,1.0
spectral_peak,B_transition_5mm_7p8,0.005,7.8,-body_z,3,20.000000000011084,125.66370614366137,0.05329195080152227,0.7933454191177589,57.92107398424256,-4.210777473076941,-4.210523648756425,-4.210743108892863,45.40790119392994,45.40160381405419,45.41419857380568,72.06466483846165,216.19399451538496,6000000.0,100.0,0.004594407461846994,0.765734576974499,1.3059355422489989,0.027143360527015815,3.410935281018373,0.5026548245746455,0.270918960315728,-1.3059355422489989,0.9871434460162816
spectral_peak,B_transition_5mm_7p8,0.005,7.8,-body_z,3,20.000000000011084,125.66370614366137,0.05329195080152227,0.7933454191177589,57.92107398424256,-4.210777473076941,-4.210523648756425,-4.210743108892863,45.40790119392994,45.40160381405419,45.41419857380568,72.06466483846165,216.19399451538496,6000000.0,500.0,0.00205468148020443,0.342446913367405,2.9201606467018095,0.13571680263507907,17.054676405091865,0.5026548245746455,0.05392502372728064,-2.9201606467018095,0.7156897860167828
spectral_peak,B_transition_5mm_7p8,0.005,7.8,-body_z,3,20.000000000011084,125.66370614366137,0.05329195080152227,0.7933454191177589,57.92107398424256,-4.210777473076941,-4.210523648756425,-4.210743108892863,45.40790119392994,45.40160381405419,45.41419857380568,72.06466483846165,216.19399451538496,10000000.0,10.0,0.011253953951960707,1.8756589919934512,0.5331459525791518,0.004523893421169303,0.5684892135030621,0.5026548245746455,0.5867561560207528,-0.5331459525791518,1.0
spectral_peak,B_transition_5mm_7p8,0.005,7.8,-body_z,3,20.000000000011084,125.66370614366137,0.05329195080152227,0.7933454191177589,57.92107398424256,-4.210777473076941,-4.210523648756425,-4.210743108892863,45.40790119392994,45.40160381405419,45.41419857380568,72.06466483846165,216.19399451538496,10000000.0,50.0,0.005032921210447309,0.8388202017412182,1.1921505918958626,0.022619467105846513,2.842446067515311,0.5026548245746455,0.3035677112961916,-1.1921505918958626,0.995812721728049
spectral_peak,B_transition_5mm_7p8,0.005,7.8,-body_z,3,20.000000000011084,125.66370614366137,0.05329195080152227,0.7933454191177589,57.92107398424256,-4.210777473076941,-4.210523648756425,-4.210743108892863,45.40790119392994,45.40160381405419,45.41419857380568,72.06466483846165,216.19399451538496,10000000.0,100.0,0.0035588127170848994,0.5931354528474833,1.6859555354502413,0.045238934211693026,5.684892135030622,0.5026548245746455,0.1852673178600619,-1.6859555354502413,0.9326481474864179
spectral_peak,B_transition_5mm_7p8,0.005,7.8,-body_z,3,20.000000000011084,125.66370614366137,0.05329195080152227,0.7933454191177589,57.92107398424256,-4.210777473076941,-4.210523648756425,-4.210743108892863,45.40790119392994,45.40160381405419,45.41419857380568,72.06466483846165,216.19399451538496,10000000.0,500.0,0.0015915494309185125,0.2652582384864187,3.7699111843087962,0.2261946710584651,28.424460675153107,0.5026548245746455,0.023054110763082745,-3.7699111843087962,0.6033529986311074
spectral_peak,B_transition_5mm_7p8,0.005,7.8,inner_xyz,1,4.2500000000023554,26.70353755552804,0.8554753107040823,0.8554753107040823,47.3333870676981,-4.210777473076941,-4.210523648756425,-4.210743108892863,45.40790119392994,45.40160381405419,45.41419857380568,72.06466483846165,216.19399451538496,1000000.0,10.0,0.0772014872008083,12.86691453346805,0.07771871006051267,0.0004523893421169302,0.01208039578694007,0.10681415022211216,0.9252246463279975,-0.07771871006051267,1.0
spectral_peak,B_transition_5mm_7p8,0.005,7.8,inner_xyz,1,4.2500000000023554,26.70353755552804,0.8554753107040823,0.8554753107040823,47.3333870676981,-4.210777473076941,-4.210523648756425,-4.210743108892863,45.40790119392994,45.40160381405419,45.41419857380568,72.06466483846165,216.19399451538496,1000000.0,50.0,0.03452555466901746,5.754259111502909,0.17378431881890313,0.0022619467105846514,0.060401978934700354,0.10681415022211216,0.8404781534318174,-0.17378431881890313,1.0
spectral_peak,B_transition_5mm_7p8,0.005,7.8,inner_xyz,1,4.2500000000023554,26.70353755552804,0.8554753107040823,0.8554753107040823,47.3333870676981,-4.210777473076941,-4.210523648756425,-4.210743108892863,45.40790119392994,45.40160381405419,45.41419857380568,72.06466483846165,216.19399451538496,1000000.0,100.0,0.024413253830689114,4.068875638448185,0.2457681406014627,0.004523893421169303,0.12080395786940071,0.10681415022211216,0.7821035419614686,-0.2457681406014627,1.0
spectral_peak,B_transition_5mm_7p8,0.005,7.8,inner_xyz,1,4.2500000000023554,26.70353755552804,0.8554753107040823,0.8554753107040823,47.3333870676981,-4.210777473076941,-4.210523648756425,-4.210743108892863,45.40790119392994,45.40160381405419,45.41419857380568,72.06466483846165,216.19399451538496,1000000.0,500.0,0.0109179390234756,1.8196565039125998,0.5495542690885967,0.022619467105846513,0.6040197893470035,0.10681415022211216,0.5772070320668713,-0.5495542690885967,1.0
spectral_peak,B_transition_5mm_7p8,0.005,7.8,inner_xyz,1,4.2500000000023554,26.70353755552804,0.8554753107040823,0.8554753107040823,47.3333870676981,-4.210777473076941,-4.210523648756425,-4.210743108892863,45.40790119392994,45.40160381405419,45.41419857380568,72.06466483846165,216.19399451538496,3000000.0,10.0,0.04457229941722612,7.428716569537686,0.1346127545235224,0.0013571680263507906,0.03624118736082021,0.10681415022211216,0.8740543197418272,-0.1346127545235224,1.0
spectral_peak,B_transition_5mm_7p8,0.005,7.8,inner_xyz,1,4.2500000000023554,26.70353755552804,0.8554753107040823,0.8554753107040823,47.3333870676981,-4.210777473076941,-4.210523648756425,-4.210743108892863,45.40790119392994,45.40160381405419,45.41419857380568,72.06466483846165,216.19399451538496,3000000.0,50.0,0.01993333828207837,3.3222230470130616,0.30100326975308844,0.006785840131753954,0.18120593680410105,0.10681415022211216,0.7400753528790807,-0.30100326975308844,1.0
spectral_peak,B_transition_5mm_7p8,0.005,7.8,inner_xyz,1,4.2500000000023554,26.70353755552804,0.8554753107040823,0.8554753107040823,47.3333870676981,-4.210777473076941,-4.210523648756425,-4.210743108892863,45.40790119392994,45.40160381405419,45.41419857380568,72.06466483846165,216.19399451538496,3000000.0,100.0,0.01409499867094302,2.34916644515717,0.4256829064034649,0.013571680263507907,0.3624118736082021,0.10681415022211216,0.6533234739689103,-0.4256829064034649,1.0
spectral_peak,B_transition_5mm_7p8,0.005,7.8,inner_xyz,1,4.2500000000023554,26.70353755552804,0.8554753107040823,0.8554753107040823,47.3333870676981,-4.210777473076941,-4.210523648756425,-4.210743108892863,45.40790119392994,45.40160381405419,45.41419857380568,72.06466483846165,216.19399451538496,3000000.0,500.0,0.0063034750341995575,1.050579172366593,0.951855915577828,0.06785840131753954,1.8120593680410104,0.10681415022211216,0.38602393040240085,-0.951855915577828,1.0
spectral_peak,B_transition_5mm_7p8,0.005,7.8,inner_xyz,1,4.2500000000023554,26.70353755552804,0.8554753107040823,0.8554753107040823,47.3333870676981,-4.210777473076941,-4.210523648756425,-4.210743108892863,45.40790119392994,45.40160381405419,45.41419857380568,72.06466483846165,216.19399451538496,6000000.0,10.0,0.03151737517099779,5.2528958618329655,0.19037118311556556,0.0027143360527015813,0.07248237472164042,0.10681415022211216,0.8266522376364671,-0.19037118311556556,1.0
spectral_peak,B_transition_5mm_7p8,0.005,7.8,inner_xyz,1,4.2500000000023554,26.70353755552804,0.8554753107040823,0.8554753107040823,47.3333870676981,-4.210777473076941,-4.210523648756425,-4.210743108892863,45.40790119392994,45.40160381405419,45.41419857380568,72.06466483846165,216.19399451538496,6000000.0,50.0,0.01409499867094302,2.34916644515717,0.4256829064034649,0.013571680263507907,0.3624118736082021,0.10681415022211216,0.6533234739689103,-0.4256829064034649,1.0
spectral_peak,B_transition_5mm_7p8,0.005,7.8,inner_xyz,1,4.2500000000023554,26.70353755552804,0.8554753107040823,0.8554753107040823,47.3333870676981,-4.210777473076941,-4.210523648756425,-4.210743108892863,45.40790119392994,45.40160381405419,45.41419857380568,72.06466483846165,216.19399451538496,6000000.0,100.0,0.009966669141039185,1.6611115235065308,0.6020065395061769,0.027143360527015815,0.7248237472164042,0.10681415022211216,0.5477115279390958,-0.6020065395061769,1.0
spectral_peak,B_transition_5mm_7p8,0.005,7.8,inner_xyz,1,4.2500000000023554,26.70353755552804,0.8554753107040823,0.8554753107040823,47.3333870676981,-4.210777473076941,-4.210523648756425,-4.210743108892863,45.40790119392994,45.40160381405419,45.41419857380568,72.06466483846165,216.19399451538496,6000000.0,500.0,0.004457229941722611,0.7428716569537686,1.3461275452352242,0.13571680263507907,3.624118736082021,0.10681415022211216,0.26024610311121554,-1.3461275452352242,0.9829999635084405
spectral_peak,B_transition_5mm_7p8,0.005,7.8,inner_xyz,1,4.2500000000023554,26.70353755552804,0.8554753107040823,0.8554753107040823,47.3333870676981,-4.210777473076941,-4.210523648756425,-4.210743108892863,45.40790119392994,45.40160381405419,45.41419857380568,72.06466483846165,216.19399451538496,10000000.0,10.0,0.024413253830689114,4.068875638448185,0.2457681406014627,0.004523893421169303,0.12080395786940071,0.10681415022211216,0.7821035419614686,-0.2457681406014627,1.0
spectral_peak,B_transition_5mm_7p8,0.005,7.8,inner_xyz,1,4.2500000000023554,26.70353755552804,0.8554753107040823,0.8554753107040823,47.3333870676981,-4.210777473076941,-4.210523648756425,-4.210743108892863,45.40790119392994,45.40160381405419,45.41419857380568,72.06466483846165,216.19399451538496,10000000.0,50.0,0.0109179390234756,1.8196565039125998,0.5495542690885967,0.022619467105846513,0.6040197893470035,0.10681415022211216,0.5772070320668713,-0.5495542690885967,1.0
spectral_peak,B_transition_5mm_7p8,0.005,7.8,inner_xyz,1,4.2500000000023554,26.70353755552804,0.8554753107040823,0.8554753107040823,47.3333870676981,-4.210777473076941,-4.210523648756425,-4.210743108892863,45.40790119392994,45.40160381405419,45.41419857380568,72.06466483846165,216.19399451538496,10000000.0,100.0,0.007720148720080829,1.2866914533468048,0.7771871006051269,0.045238934211693026,1.208039578694007,0.10681415022211216,0.45969727654521886,-0.7771871006051269,1.0
spectral_peak,B_transition_5mm_7p8,0.005,7.8,inner_xyz,1,4.2500000000023554,26.70353755552804,0.8554753107040823,0.8554753107040823,47.3333870676981,-4.210777473076941,-4.210523648756425,-4.210743108892863,45.40790119392994,45.40160381405419,45.41419857380568,72.06466483846165,216.19399451538496,10000000.0,500.0,0.003452555466901746,0.575425911150291,1.7378431881890315,0.2261946710584651,6.040197893470035,0.10681415022211216,0.17589937362993865,-1.7378431881890315,0.9234649343964317
spectral_peak,B_transition_5mm_7p8,0.005,7.8,inner_xyz,2,3.0000000000016627,18.849555921549207,0.0587708777033553,0.9142461884074377,47.3333870676981,-4.210777473076941,-4.210523648756425,-4.210743108892863,45.40790119392994,45.40160381405419,45.41419857380568,72.06466483846165,216.19399451538496,1000000.0,10.0,0.09188814923693987,15.314691539489978,0.06529677711244994,0.0004523893421169302,0.008527338202545932,0.07539822368619684,0.9367894044642531,-0.06529677711244994,1.0
spectral_peak,B_transition_5mm_7p8,0.005,7.8,inner_xyz,2,3.0000000000016627,18.849555921549207,0.0587708777033553,0.9142461884074377,47.3333870676981,-4.210777473076941,-4.210523648756425,-4.210743108892863,45.40790119392994,45.40160381405419,45.41419857380568,72.06466483846165,216.19399451538496,1000000.0,50.0,0.0410936296040886,6.8489382673481,0.1460080323350905,0.0022619467105846514,0.04263669101272967,0.07539822368619684,0.8641507620082767,-0.1460080323350905,1.0
spectral_peak,B_transition_5mm_7p8,0.005,7.8,inner_xyz,2,3.0000000000016627,18.849555921549207,0.0587708777033553,0.9142461884074377,47.3333870676981,-4.210777473076941,-4.210523648756425,-4.210743108892863,45.40790119392994,45.40160381405419,45.41419857380568,72.06466483846165,216.19399451538496,1000000.0,100.0,0.02905758415661931,4.842930692769885,0.20648653954369436,0.004523893421169303,0.08527338202545934,0.07539822368619684,0.8134372106193014,-0.20648653954369436,1.0
spectral_peak,B_transition_5mm_7p8,0.005,7.8,inner_xyz,2,3.0000000000016627,18.849555921549207,0.0587708777033553,0.9142461884074377,47.3333870676981,-4.210777473076941,-4.210523648756425,-4.210743108892863,45.40790119392994,45.40160381405419,45.41419857380568,72.06466483846165,216.19399451538496,1000000.0,500.0,0.012994946687224333,2.165824447870722,0.46171793885839907,0.022619467105846513,0.42636691012729666,0.07539822368619684,0.6302000698265191,-0.46171793885839907,1.0
spectral_peak,B_transition_5mm_7p8,0.005,7.8,inner_xyz,2,3.0000000000016627,18.849555921549207,0.0587708777033553,0.9142461884074377,47.3333870676981,-4.210777473076941,-4.210523648756425,-4.210743108892863,45.40790119392994,45.40160381405419,45.41419857380568,72.06466483846165,216.19399451538496,3000000.0,10.0,0.053051647697283745,8.841941282880624,0.1130973355292639,0.0013571680263507906,0.025582014607637798,0.07539822368619684,0.8930637290546098,-0.1130973355292639,1.0
spectral_peak,B_transition_5mm_7p8,0.005,7.8,inner_xyz,2,3.0000000000016627,18.849555921549207,0.0587708777033553,0.9142461884074377,47.3333870676981,-4.210777473076941,-4.210523648756425,-4.210743108892863,45.40790119392994,45.40160381405419,45.41419857380568,72.06466483846165,216.19399451538496,3000000.0,50.0,0.023725418113899326,3.954236352316554,0.25289333031753625,0.006785840131753954,0.127910073038189,0.07539822368619684,0.7765507118237817,-0.25289333031753625,1.0
spectral_peak,B_transition_5mm_7p8,0.005,7.8,inner_xyz,2,3.0000000000016627,18.849555921549207,0.0587708777033553,0.9142461884074377,47.3333870676981,-4.210777473076941,-4.210523648756425,-4.210743108892863,45.40790119392994,45.40160381405419,45.41419857380568,72.06466483846165,216.19399451538496,3000000.0,100.0,0.016776404034824364,2.796067339137394,0.35764517756875874,0.013571680263507907,0.255820146076378,0.07539822368619684,0.6993211658261058,-0.35764517756875874,1.0
spectral_peak,B_transition_5mm_7p8,0.005,7.8,inner_xyz,2,3.0000000000016627,18.849555921549207,0.0587708777033553,0.9142461884074377,47.3333870676981,-4.210777473076941,-4.210523648756425,-4.210743108892863,45.40790119392994,45.40160381405419,45.41419857380568,72.06466483846165,216.19399451538496,3000000.0,500.0,0.007502635967973805,1.250439327995634,0.7997189288687275,0.06785840131753954,1.2791007303818898,0.07539822368619684,0.44945527526785695,-0.7997189288687275,1.0
spectral_peak,B_transition_5mm_7p8,0.005,7.8,inner_xyz,2,3.0000000000016627,18.849555921549207,0.0587708777033553,0.9142461884074377,47.3333870676981,-4.210777473076941,-4.210523648756425,-4.210743108892863,45.40790119392994,45.40160381405419,45.41419857380568,72.06466483846165,216.19399451538496,6000000.0,10.0,0.03751317983986902,6.2521966399781705,0.15994378577374552,0.0027143360527015813,0.051164029215275596,0.07539822368619684,0.8521916929163947,-0.15994378577374552,1.0
spectral_peak,B_transition_5mm_7p8,0.005,7.8,inner_xyz,2,3.0000000000016627,18.849555921549207,0.0587708777033553,0.9142461884074377,47.3333870676981,-4.210777473076941,-4.210523648756425,-4.210743108892863,45.40790119392994,45.40160381405419,45.41419857380568,72.06466483846165,216.19399451538496,6000000.0,50.0,0.016776404034824364,2.796067339137394,0.35764517756875874,0.013571680263507907,0.255820146076378,0.07539822368619684,0.6993211658261058,-0.35764517756875874,1.0
spectral_peak,B_transition_5mm_7p8,0.005,7.8,inner_xyz,2,3.0000000000016627,18.849555921549207,0.0587708777033553,0.9142461884074377,47.3333870676981,-4.210777473076941,-4.210523648756425,-4.210743108892863,45.40790119392994,45.40160381405419,45.41419857380568,72.06466483846165,216.19399451538496,6000000.0,100.0,0.011862709056949663,1.977118176158277,0.5057866606350725,0.027143360527015815,0.511640292152756,0.07539822368619684,0.603031008034022,-0.5057866606350725,1.0
spectral_peak,B_transition_5mm_7p8,0.005,7.8,inner_xyz,2,3.0000000000016627,18.849555921549207,0.0587708777033553,0.9142461884074377,47.3333870676981,-4.210777473076941,-4.210523648756425,-4.210743108892863,45.40790119392994,45.40160381405419,45.41419857380568,72.06466483846165,216.19399451538496,6000000.0,500.0,0.005305164769728374,0.8841941282880623,1.130973355292639,0.13571680263507907,2.5582014607637795,0.07539822368619684,0.3227189832669478,-1.130973355292639,0.9984469274633927
spectral_peak,B_transition_5mm_7p8,0.005,7.8,inner_xyz,2,3.0000000000016627,18.849555921549207,0.0587708777033553,0.9142461884074377,47.3333870676981,-4.210777473076941,-4.210523648756425,-4.210743108892863,45.40790119392994,45.40160381405419,45.41419857380568,72.06466483846165,216.19399451538496,10000000.0,10.0,0.02905758415661931,4.842930692769885,0.20648653954369436,0.004523893421169303,0.08527338202545934,0.07539822368619684,0.8134372106193014,-0.20648653954369436,1.0
spectral_peak,B_transition_5mm_7p8,0.005,7.8,inner_xyz,2,3.0000000000016627,18.849555921549207,0.0587708777033553,0.9142461884074377,47.3333870676981,-4.210777473076941,-4.210523648756425,-4.210743108892863,45.40790119392994,45.40160381405419,45.41419857380568,72.06466483846165,216.19399451538496,10000000.0,50.0,0.012994946687224333,2.165824447870722,0.46171793885839907,0.022619467105846513,0.42636691012729666,0.07539822368619684,0.6302000698265191,-0.46171793885839907,1.0
spectral_peak,B_transition_5mm_7p8,0.005,7.8,inner_xyz,2,3.0000000000016627,18.849555921549207,0.0587708777033553,0.9142461884074377,47.3333870676981,-4.210777473076941,-4.210523648756425,-4.210743108892863,45.40790119392994,45.40160381405419,45.41419857380568,72.06466483846165,216.19399451538496,10000000.0,100.0,0.009188814923693988,1.531469153948998,0.6529677711244994,0.045238934211693026,0.8527338202545933,0.07539822368619684,0.520498761108735,-0.6529677711244994,1.0
spectral_peak,B_transition_5mm_7p8,0.005,7.8,inner_xyz,2,3.0000000000016627,18.849555921549207,0.0587708777033553,0.9142461884074377,47.3333870676981,-4.210777473076941,-4.210523648756425,-4.210743108892863,45.40790119392994,45.40160381405419,45.41419857380568,72.06466483846165,216.19399451538496,10000000.0,500.0,0.00410936296040886,0.68489382673481,1.4600803233509048,0.2261946710584651,4.263669101272966,0.07539822368619684,0.23221762148312655,-1.4600803233509048,0.9687125092193274
spectral_peak,B_transition_5mm_7p8,0.005,7.8,inner_xyz,3,18.75000000001039,117.80972450968254,0.028498651779027512,0.9427448401864652,47.3333870676981,-4.210777473076941,-4.210523648756425,-4.210743108892863,45.40790119392994,45.40160381405419,45.41419857380568,72.06466483846165,216.19399451538496,1000000.0,10.0,0.03675525969477595,6.125876615795992,0.16324194278112486,0.0004523893421169302,0.05329586376591207,0.47123889803873015,0.8493856608236071,-0.16324194278112486,1.0
spectral_peak,B_transition_5mm_7p8,0.005,7.8,inner_xyz,3,18.75000000001039,117.80972450968254,0.028498651779027512,0.9427448401864652,47.3333870676981,-4.210777473076941,-4.210523648756425,-4.210743108892863,45.40790119392994,45.40160381405419,45.41419857380568,72.06466483846165,216.19399451538496,1000000.0,50.0,0.01643745184163544,2.73957530693924,0.3650200808377262,0.0022619467105846514,0.2664793188295604,0.47123889803873015,0.6941827109676455,-0.3650200808377262,1.0
spectral_peak,B_transition_5mm_7p8,0.005,7.8,inner_xyz,3,18.75000000001039,117.80972450968254,0.028498651779027512,0.9427448401864652,47.3333870676981,-4.210777473076941,-4.210523648756425,-4.210743108892863,45.40790119392994,45.40160381405419,45.41419857380568,72.06466483846165,216.19399451538496,1000000.0,100.0,0.011623033662647723,1.9371722771079538,0.516216348859236,0.004523893421169303,0.5329586376591208,0.47123889803873015,0.596774267274849,-0.516216348859236,1.0
spectral_peak,B_transition_5mm_7p8,0.005,7.8,inner_xyz,3,18.75000000001039,117.80972450968254,0.028498651779027512,0.9427448401864652,47.3333870676981,-4.210777473076941,-4.210523648756425,-4.210743108892863,45.40790119392994,45.40160381405419,45.41419857380568,72.06466483846165,216.19399451538496,1000000.0,500.0,0.005197978674889734,0.866329779148289,1.1542948471459975,0.022619467105846513,2.664793188295604,0.47123889803873015,0.31527977897284154,-1.1542948471459975,0.9976116168598017
spectral_peak,B_transition_5mm_7p8,0.005,7.8,inner_xyz,3,18.75000000001039,117.80972450968254,0.028498651779027512,0.9427448401864652,47.3333870676981,-4.210777473076941,-4.210523648756425,-4.210743108892863,45.40790119392994,45.40160381405419,45.41419857380568,72.06466483846165,216.19399451538496,3000000.0,10.0,0.021220659078913497,3.5367765131522493,0.2827433388231598,0.0013571680263507906,0.15988759129773622,0.47123889803873015,0.7537132119564081,-0.2827433388231598,1.0
spectral_peak,B_transition_5mm_7p8,0.005,7.8,inner_xyz,3,18.75000000001039,117.80972450968254,0.028498651779027512,0.9427448401864652,47.3333870676981,-4.210777473076941,-4.210523648756425,-4.210743108892863,45.40790119392994,45.40160381405419,45.41419857380568,72.06466483846165,216.19399451538496,3000000.0,50.0,0.009490167245559731,1.5816945409266219,0.6322333257938406,0.006785840131753954,0.7994379564886811,0.47123889803873015,0.5314036772276997,-0.6322333257938406,1.0
spectral_peak,B_transition_5mm_7p8,0.005,7.8,inner_xyz,3,18.75000000001039,117.80972450968254,0.028498651779027512,0.9427448401864652,47.3333870676981,-4.210777473076941,-4.210523648756425,-4.210743108892863,45.40790119392994,45.40160381405419,45.41419857380568,72.06466483846165,216.19399451538496,3000000.0,100.0,0.006710561613929746,1.1184269356549577,0.8941129439218968,0.013571680263507907,1.5988759129773622,0.47123889803873015,0.4089702173025482,-0.8941129439218968,1.0
spectral_peak,B_transition_5mm_7p8,0.005,7.8,inner_xyz,3,18.75000000001039,117.80972450968254,0.028498651779027512,0.9427448401864652,47.3333870676981,-4.210777473076941,-4.210523648756425,-4.210743108892863,45.40790119392994,45.40160381405419,45.41419857380568,72.06466483846165,216.19399451538496,3000000.0,500.0,0.003001054387189522,0.5001757311982536,1.9992973221718187,0.06785840131753954,7.9943795648868115,0.47123889803873015,0.13543041375865375,-1.9992973221718187,0.875131752081936
spectral_peak,B_transition_5mm_7p8,0.005,7.8,inner_xyz,3,18.75000000001039,117.80972450968254,0.028498651779027512,0.9427448401864652,47.3333870676981,-4.210777473076941,-4.210523648756425,-4.210743108892863,45.40790119392994,45.40160381405419,45.41419857380568,72.06466483846165,216.19399451538496,6000000.0,10.0,0.01500527193594761,2.500878655991268,0.39985946443436376,0.0027143360527015813,0.31977518259547244,0.47123889803873015,0.6704142564622689,-0.39985946443436376,1.0
spectral_peak,B_transition_5mm_7p8,0.005,7.8,inner_xyz,3,18.75000000001039,117.80972450968254,0.028498651779027512,0.9427448401864652,47.3333870676981,-4.210777473076941,-4.210523648756425,-4.210743108892863,45.40790119392994,45.40160381405419,45.41419857380568,72.06466483846165,216.19399451538496,6000000.0,50.0,0.006710561613929746,1.1184269356549577,0.8941129439218968,0.013571680263507907,1.5988759129773622,0.47123889803873015,0.4089702173025482,-0.8941129439218968,1.0
spectral_peak,B_transition_5mm_7p8,0.005,7.8,inner_xyz,3,18.75000000001039,117.80972450968254,0.028498651779027512,0.9427448401864652,47.3333870676981,-4.210777473076941,-4.210523648756425,-4.210743108892863,45.40790119392994,45.40160381405419,45.41419857380568,72.06466483846165,216.19399451538496,6000000.0,100.0,0.004745083622779866,0.7908472704633109,1.2644666515876812,0.027143360527015815,3.1977518259547244,0.47123889803873015,0.28238986817112127,-1.2644666515876812,0.9908506422341639
spectral_peak,B_transition_5mm_7p8,0.005,7.8,inner_xyz,3,18.75000000001039,117.80972450968254,0.028498651779027512,0.9427448401864652,47.3333870676981,-4.210777473076941,-4.210523648756425,-4.210743108892863,45.40790119392994,45.40160381405419,45.41419857380568,72.06466483846165,216.19399451538496,6000000.0,500.0,0.00212206590789135,0.353677651315225,2.827433388231597,0.13571680263507907,15.988759129773623,0.47123889803873015,0.05916451129403124,-2.827433388231597,0.7300100988002871
spectral_peak,B_transition_5mm_7p8,0.005,7.8,inner_xyz,3,18.75000000001039,117.80972450968254,0.028498651779027512,0.9427448401864652,47.3333870676981,-4.210777473076941,-4.210523648756425,-4.210743108892863,45.40790119392994,45.40160381405419,45.41419857380568,72.06466483846165,216.19399451538496,10000000.0,10.0,0.011623033662647723,1.9371722771079538,0.516216348859236,0.004523893421169303,0.5329586376591208,0.47123889803873015,0.596774267274849,-0.516216348859236,1.0
spectral_peak,B_transition_5mm_7p8,0.005,7.8,inner_xyz,3,18.75000000001039,117.80972450968254,0.028498651779027512,0.9427448401864652,47.3333870676981,-4.210777473076941,-4.210523648756425,-4.210743108892863,45.40790119392994,45.40160381405419,45.41419857380568,72.06466483846165,216.19399451538496,10000000.0,50.0,0.005197978674889734,0.866329779148289,1.1542948471459975,0.022619467105846513,2.664793188295604,0.47123889803873015,0.31527977897284154,-1.1542948471459975,0.9976116168598017
spectral_peak,B_transition_5mm_7p8,0.005,7.8,inner_xyz,3,18.75000000001039,117.80972450968254,0.028498651779027512,0.9427448401864652,47.3333870676981,-4.210777473076941,-4.210523648756425,-4.210743108892863,45.40790119392994,45.40160381405419,45.41419857380568,72.06466483846165,216.19399451538496,10000000.0,100.0,0.0036755259694775952,0.6125876615795992,1.6324194278112485,0.045238934211693026,5.329586376591208,0.47123889803873015,0.1954561096537348,-1.6324194278112485,0.9418539329945664
spectral_peak,B_transition_5mm_7p8,0.005,7.8,inner_xyz,3,18.75000000001039,117.80972450968254,0.028498651779027512,0.9427448401864652,47.3333870676981,-4.210777473076941,-4.210523648756425,-4.210743108892863,45.40790119392994,45.40160381405419,45.41419857380568,72.06466483846165,216.19399451538496,10000000.0,500.0,0.001643745184163544,0.273957530693924,3.650200808377262,0.2261946710584651,26.647931882956037,0.47123889803873015,0.025985910066360196,-3.650200808377262,0.6172756664156831
case_aggregate,B_transition_5mm_7p8,0.005,7.8,aggregate,1,4.2500000000023554,26.70353755552804,0.6628488070396727,0.6628488070396727,53.303534342724724,-4.210777473076941,-4.210523648756425,-4.210743108892863,45.40790119392994,45.40160381405419,45.41419857380568,72.06466483846165,216.19399451538496,6000000.0,100.0,0.009966669141039185,1.6611115235065308,0.6020065395061769,0.027143360527015815,0.7248237472164042,0.10681415022211216,0.5477115279390958,-0.6020065395061769,1.0
case_aggregate,B_transition_5mm_7p8,0.005,7.8,aggregate,2,3.0000000000016627,18.849555921549207,0.1358612438165471,0.7987100508562198,53.303534342724724,-4.210777473076941,-4.210523648756425,-4.210743108892863,45.40790119392994,45.40160381405419,45.41419857380568,72.06466483846165,216.19399451538496,6000000.0,100.0,0.011862709056949663,1.977118176158277,0.5057866606350725,0.027143360527015815,0.511640292152756,0.07539822368619684,0.603031008034022,-0.5057866606350725,1.0
case_aggregate,B_transition_5mm_7p8,0.005,7.8,aggregate,3,11.500000000006374,72.25663103260528,0.06232586012251899,0.8610359109787388,53.303534342724724,-4.210777473076941,-4.210523648756425,-4.210743108892863,45.40790119392994,45.40160381405419,45.41419857380568,72.06466483846165,216.19399451538496,6000000.0,100.0,0.006058925134331614,1.0098208557219357,0.9902746554834079,0.027143360527015815,1.9612877865855642,0.2890265241304211,0.37147464946012865,-0.9902746554834079,1.0
spectral_peak,C_retrograde_8mm_16,0.008,16.0,center,1,5.500000000003048,34.55751918950688,0.34239888170801325,0.34239888170801325,81.63478237937161,-1.918190505290038,-1.902785162399553,-2.4123140094013653,66.18727544279032,75.7378731587404,56.63667772684025,107.50914303174022,322.52742909522067,1000000.0,10.0,0.06786389575743819,11.310649292906364,0.08841225416008294,0.0004523893421169302,0.01563345337133421,0.1382300767580275,0.9153834282999423,-0.08841225416008294,1.0
spectral_peak,C_retrograde_8mm_16,0.008,16.0,center,1,5.500000000003048,34.55751918950688,0.34239888170801325,0.34239888170801325,81.63478237937161,-1.918190505290038,-1.902785162399553,-2.4123140094013653,66.18727544279032,75.7378731587404,56.63667772684025,107.50914303174022,322.52742909522067,1000000.0,50.0,0.030349656826318277,5.058276137719712,0.19769581034593403,0.0022619467105846514,0.07816726685667105,0.1382300767580275,0.8206194391184751,-0.19769581034593403,1.0
spectral_peak,C_retrograde_8mm_16,0.008,16.0,center,1,5.500000000003048,34.55751918950688,0.34239888170801325,0.34239888170801325,81.63478237937161,-1.918190505290038,-1.902785162399553,-2.4123140094013653,66.18727544279032,75.7378731587404,56.63667772684025,107.50914303174022,322.52742909522067,1000000.0,100.0,0.021460448148574247,3.576741358095708,0.27958409621555913,0.004523893421169303,0.1563345337133421,0.1382300767580275,0.7560981401492871,-0.27958409621555913,1.0
spectral_peak,C_retrograde_8mm_16,0.008,16.0,center,1,5.500000000003048,34.55751918950688,0.34239888170801325,0.34239888170801325,81.63478237937161,-1.918190505290038,-1.902785162399553,-2.4123140094013653,66.18727544279032,75.7378731587404,56.63667772684025,107.50914303174022,322.52742909522067,1000000.0,500.0,0.009597404177564304,1.5995673629273839,0.625169044565832,0.022619467105846513,0.7816726685667105,0.1382300767580275,0.5351709531306015,-0.625169044565832,1.0
spectral_peak,C_retrograde_8mm_16,0.008,16.0,center,1,5.500000000003048,34.55751918950688,0.34239888170801325,0.34239888170801325,81.63478237937161,-1.918190505290038,-1.902785162399553,-2.4123140094013653,66.18727544279032,75.7378731587404,56.63667772684025,107.50914303174022,322.52742909522067,3000000.0,10.0,0.03918123848381364,6.530206413968941,0.1531345162169565,0.0013571680263507906,0.04690036011400262,0.1382300767580275,0.8580142972109721,-0.1531345162169565,1.0
spectral_peak,C_retrograde_8mm_16,0.008,16.0,center,1,5.500000000003048,34.55751918950688,0.34239888170801325,0.34239888170801325,81.63478237937161,-1.918190505290038,-1.902785162399553,-2.4123140094013653,66.18727544279032,75.7378731587404,56.63667772684025,107.50914303174022,322.52742909522067,3000000.0,50.0,0.01752238253848762,2.9203970897479365,0.3424191879626587,0.006785840131753954,0.23450180057001313,0.1382300767580275,0.7100504976944249,-0.3424191879626587,1.0
spectral_peak,C_retrograde_8mm_16,0.008,16.0,center,1,5.500000000003048,34.55751918950688,0.34239888170801325,0.34239888170801325,81.63478237937161,-1.918190505290038,-1.902785162399553,-2.4123140094013653,66.18727544279032,75.7378731587404,56.63667772684025,107.50914303174022,322.52742909522067,3000000.0,100.0,0.012390195515509347,2.0650325859182246,0.4842538596335739,0.013571680263507907,0.46900360114002626,0.1382300767580275,0.616156764726069,-0.4842538596335739,1.0
spectral_peak,C_retrograde_8mm_16,0.008,16.0,center,1,5.500000000003048,34.55751918950688,0.34239888170801325,0.34239888170801325,81.63478237937161,-1.918190505290038,-1.902785162399553,-2.4123140094013653,66.18727544279032,75.7378731587404,56.63667772684025,107.50914303174022,322.52742909522067,3000000.0,500.0,0.005541063885438389,0.9235106475730648,1.082824548507313,0.06785840131753954,2.345018005700131,0.1382300767580275,0.3386376749945179,-1.082824548507313,0.9995524897857611
spectral_peak,C_retrograde_8mm_16,0.008,16.0,center,1,5.500000000003048,34.55751918950688,0.34239888170801325,0.34239888170801325,81.63478237937161,-1.918190505290038,-1.902785162399553,-2.4123140094013653,66.18727544279032,75.7378731587404,56.63667772684025,107.50914303174022,322.52742909522067,6000000.0,10.0,0.027705319427191948,4.617553237865325,0.21656490970146255,0.0027143360527015813,0.09380072022800524,0.1382300767580275,0.8052802627247564,-0.21656490970146255,1.0
spectral_peak,C_retrograde_8mm_16,0.008,16.0,center,1,5.500000000003048,34.55751918950688,0.34239888170801325,0.34239888170801325,81.63478237937161,-1.918190505290038,-1.902785162399553,-2.4123140094013653,66.18727544279032,75.7378731587404,56.63667772684025,107.50914303174022,322.52742909522067,6000000.0,50.0,0.012390195515509347,2.0650325859182246,0.4842538596335739,0.013571680263507907,0.46900360114002626,0.1382300767580275,0.616156764726069,-0.4842538596335739,1.0
spectral_peak,C_retrograde_8mm_16,0.008,16.0,center,1,5.500000000003048,34.55751918950688,0.34239888170801325,0.34239888170801325,81.63478237937161,-1.918190505290038,-1.902785162399553,-2.4123140094013653,66.18727544279032,75.7378731587404,56.63667772684025,107.50914303174022,322.52742909522067,6000000.0,100.0,0.00876119126924381,1.4601985448739683,0.6848383759253174,0.027143360527015815,0.9380072022800525,0.1382300767580275,0.5041717092761004,-0.6848383759253174,1.0
spectral_peak,C_retrograde_8mm_16,0.008,16.0,center,1,5.500000000003048,34.55751918950688,0.34239888170801325,0.34239888170801325,81.63478237937161,-1.918190505290038,-1.902785162399553,-2.4123140094013653,66.18727544279032,75.7378731587404,56.63667772684025,107.50914303174022,322.52742909522067,6000000.0,500.0,0.003918123848381364,0.653020641396894,1.531345162169565,0.13571680263507907,4.690036011400262,0.1382300767580275,0.21624458754661055,-1.531345162169565,0.9582255327863486
spectral_peak,C_retrograde_8mm_16,0.008,16.0,center,1,5.500000000003048,34.55751918950688,0.34239888170801325,0.34239888170801325,81.63478237937161,-1.918190505290038,-1.902785162399553,-2.4123140094013653,66.18727544279032,75.7378731587404,56.63667772684025,107.50914303174022,322.52742909522067,10000000.0,10.0,0.021460448148574247,3.576741358095708,0.27958409621555913,0.004523893421169303,0.1563345337133421,0.1382300767580275,0.7560981401492871,-0.27958409621555913,1.0
spectral_peak,C_retrograde_8mm_16,0.008,16.0,center,1,5.500000000003048,34.55751918950688,0.34239888170801325,0.34239888170801325,81.63478237937161,-1.918190505290038,-1.902785162399553,-2.4123140094013653,66.18727544279032,75.7378731587404,56.63667772684025,107.50914303174022,322.52742909522067,10000000.0,50.0,0.009597404177564304,1.5995673629273839,0.625169044565832,0.022619467105846513,0.7816726685667105,0.1382300767580275,0.5351709531306015,-0.625169044565832,1.0
spectral_peak,C_retrograde_8mm_16,0.008,16.0,center,1,5.500000000003048,34.55751918950688,0.34239888170801325,0.34239888170801325,81.63478237937161,-1.918190505290038,-1.902785162399553,-2.4123140094013653,66.18727544279032,75.7378731587404,56.63667772684025,107.50914303174022,322.52742909522067,10000000.0,100.0,0.006786389575743819,1.1310649292906365,0.8841225416008295,0.045238934211693026,1.563345337133421,0.1382300767580275,0.4130764717245116,-0.8841225416008295,1.0
spectral_peak,C_retrograde_8mm_16,0.008,16.0,center,1,5.500000000003048,34.55751918950688,0.34239888170801325,0.34239888170801325,81.63478237937161,-1.918190505290038,-1.902785162399553,-2.4123140094013653,66.18727544279032,75.7378731587404,56.63667772684025,107.50914303174022,322.52742909522067,10000000.0,500.0,0.0030349656826318275,0.5058276137719713,1.9769581034593404,0.2261946710584651,7.816726685667104,0.1382300767580275,0.1384898690810568,-1.9769581034593404,0.8793199666176363
spectral_peak,C_retrograde_8mm_16,0.008,16.0,center,2,16.500000000009145,103.67255756852063,0.08238283678818688,0.4247817184962001,81.63478237937161,-1.918190505290038,-1.902785162399553,-2.4123140094013653,66.18727544279032,75.7378731587404,56.63667772684025,107.50914303174022,322.52742909522067,1000000.0,10.0,0.03918123848381364,6.530206413968941,0.1531345162169565,0.0004523893421169302,0.04690036011400262,0.4146902302740825,0.8580142972109721,-0.1531345162169565,1.0
spectral_peak,C_retrograde_8mm_16,0.008,16.0,center,2,16.500000000009145,103.67255756852063,0.08238283678818688,0.4247817184962001,81.63478237937161,-1.918190505290038,-1.902785162399553,-2.4123140094013653,66.18727544279032,75.7378731587404,56.63667772684025,107.50914303174022,322.52742909522067,1000000.0,50.0,0.01752238253848762,2.9203970897479365,0.3424191879626587,0.0022619467105846514,0.23450180057001313,0.4146902302740825,0.7100504976944249,-0.3424191879626587,1.0
spectral_peak,C_retrograde_8mm_16,0.008,16.0,center,2,16.500000000009145,103.67255756852063,0.08238283678818688,0.4247817184962001,81.63478237937161,-1.918190505290038,-1.902785162399553,-2.4123140094013653,66.18727544279032,75.7378731587404,56.63667772684025,107.50914303174022,322.52742909522067,1000000.0,100.0,0.012390195515509347,2.0650325859182246,0.4842538596335739,0.004523893421169303,0.46900360114002626,0.4146902302740825,0.616156764726069,-0.4842538596335739,1.0
spectral_peak,C_retrograde_8mm_16,0.008,16.0,center,2,16.500000000009145,103.67255756852063,0.08238283678818688,0.4247817184962001,81.63478237937161,-1.918190505290038,-1.902785162399553,-2.4123140094013653,66.18727544279032,75.7378731587404,56.63667772684025,107.50914303174022,322.52742909522067,1000000.0,500.0,0.00554106388543839,0.923510647573065,1.0828245485073127,0.022619467105846513,2.3450180057001315,0.4146902302740825,0.33863767499451797,-1.0828245485073127,0.9995524897857611
spectral_peak,C_retrograde_8mm_16,0.008,16.0,center,2,16.500000000009145,103.67255756852063,0.08238283678818688,0.4247817184962001,81.63478237937161,-1.918190505290038,-1.902785162399553,-2.4123140094013653,66.18727544279032,75.7378731587404,56.63667772684025,107.50914303174022,322.52742909522067,3000000.0,10.0,0.022621298585812733,3.7702164309687887,0.2652367624802488,0.0013571680263507906,0.14070108034200787,0.4146902302740825,0.7670243258940103,-0.2652367624802488,1.0
spectral_peak,C_retrograde_8mm_16,0.008,16.0,center,2,16.500000000009145,103.67255756852063,0.08238283678818688,0.4247817184962001,81.63478237937161,-1.918190505290038,-1.902785162399553,-2.4123140094013653,66.18727544279032,75.7378731587404,56.63667772684025,107.50914303174022,322.52742909522067,3000000.0,50.0,0.010116552275439426,1.686092045906571,0.593087431037802,0.006785840131753954,0.7035054017100394,0.4146902302740825,0.5526184767413308,-0.593087431037802,1.0
spectral_peak,C_retrograde_8mm_16,0.008,16.0,center,2,16.500000000009145,103.67255756852063,0.08238283678818688,0.4247817184962001,81.63478237937161,-1.918190505290038,-1.902785162399553,-2.4123140094013653,66.18727544279032,75.7378731587404,56.63667772684025,107.50914303174022,322.52742909522067,3000000.0,100.0,0.007153482716191415,1.1922471193652358,0.8387522886466774,0.013571680263507907,1.4070108034200788,0.4146902302740825,0.4322495097302509,-0.8387522886466774,1.0
spectral_peak,C_retrograde_8mm_16,0.008,16.0,center,2,16.500000000009145,103.67255756852063,0.08238283678818688,0.4247817184962001,81.63478237937161,-1.918190505290038,-1.902785162399553,-2.4123140094013653,66.18727544279032,75.7378731587404,56.63667772684025,107.50914303174022,322.52742909522067,3000000.0,500.0,0.003199134725854768,0.5331891209757946,1.8755071336974958,0.06785840131753954,7.035054017100394,0.4146902302740825,0.1532772150904968,-1.8755071336974958,0.8982761225110268
spectral_peak,C_retrograde_8mm_16,0.008,16.0,center,2,16.500000000009145,103.67255756852063,0.08238283678818688,0.4247817184962001,81.63478237937161,-1.918190505290038,-1.902785162399553,-2.4123140094013653,66.18727544279032,75.7378731587404,56.63667772684025,107.50914303174022,322.52742909522067,6000000.0,10.0,0.01599567362927384,2.6659456048789734,0.3751014267394992,0.0027143360527015813,0.28140216068401575,0.4146902302740825,0.6872195728154163,-0.3751014267394992,1.0
spectral_peak,C_retrograde_8mm_16,0.008,16.0,center,2,16.500000000009145,103.67255756852063,0.08238283678818688,0.4247817184962001,81.63478237937161,-1.918190505290038,-1.902785162399553,-2.4123140094013653,66.18727544279032,75.7378731587404,56.63667772684025,107.50914303174022,322.52742909522067,6000000.0,50.0,0.007153482716191415,1.1922471193652358,0.8387522886466774,0.013571680263507907,1.4070108034200788,0.4146902302740825,0.4322495097302509,-0.8387522886466774,1.0
spectral_peak,C_retrograde_8mm_16,0.008,16.0,center,2,16.500000000009145,103.67255756852063,0.08238283678818688,0.4247817184962001,81.63478237937161,-1.918190505290038,-1.902785162399553,-2.4123140094013653,66.18727544279032,75.7378731587404,56.63667772684025,107.50914303174022,322.52742909522067,6000000.0,100.0,0.005058276137719713,0.8430460229532855,1.186174862075604,0.027143360527015815,2.8140216068401576,0.4146902302740825,0.3053871808359088,-1.186174862075604,0.9961335092617932
spectral_peak,C_retrograde_8mm_16,0.008,16.0,center,2,16.500000000009145,103.67255756852063,0.08238283678818688,0.4247817184962001,81.63478237937161,-1.918190505290038,-1.902785162399553,-2.4123140094013653,66.18727544279032,75.7378731587404,56.63667772684025,107.50914303174022,322.52742909522067,6000000.0,500.0,0.0022621298585812732,0.37702164309687886,2.6523676248024883,0.13571680263507907,14.070108034200787,0.4146902302740825,0.0704841353627605,-2.6523676248024883,0.7582208330651719
spectral_peak,C_retrograde_8mm_16,0.008,16.0,center,2,16.500000000009145,103.67255756852063,0.08238283678818688,0.4247817184962001,81.63478237937161,-1.918190505290038,-1.902785162399553,-2.4123140094013653,66.18727544279032,75.7378731587404,56.63667772684025,107.50914303174022,322.52742909522067,10000000.0,10.0,0.012390195515509347,2.0650325859182246,0.4842538596335739,0.004523893421169303,0.46900360114002626,0.4146902302740825,0.616156764726069,-0.4842538596335739,1.0
spectral_peak,C_retrograde_8mm_16,0.008,16.0,center,2,16.500000000009145,103.67255756852063,0.08238283678818688,0.4247817184962001,81.63478237937161,-1.918190505290038,-1.902785162399553,-2.4123140094013653,66.18727544279032,75.7378731587404,56.63667772684025,107.50914303174022,322.52742909522067,10000000.0,50.0,0.005541063885438389,0.9235106475730648,1.082824548507313,0.022619467105846513,2.3450180057001315,0.4146902302740825,0.3386376749945179,-1.082824548507313,0.9995524897857611
spectral_peak,C_retrograde_8mm_16,0.008,16.0,center,2,16.500000000009145,103.67255756852063,0.08238283678818688,0.4247817184962001,81.63478237937161,-1.918190505290038,-1.902785162399553,-2.4123140094013653,66.18727544279032,75.7378731587404,56.63667772684025,107.50914303174022,322.52742909522067,10000000.0,100.0,0.003918123848381364,0.653020641396894,1.531345162169565,0.045238934211693026,4.690036011400263,0.4146902302740825,0.21624458754661055,-1.531345162169565,0.9582255327863486
spectral_peak,C_retrograde_8mm_16,0.008,16.0,center,2,16.500000000009145,103.67255756852063,0.08238283678818688,0.4247817184962001,81.63478237937161,-1.918190505290038,-1.902785162399553,-2.4123140094013653,66.18727544279032,75.7378731587404,56.63667772684025,107.50914303174022,322.52742909522067,10000000.0,500.0,0.001752238253848762,0.29203970897479364,3.424191879626586,0.2261946710584651,23.45018005700131,0.4146902302740825,0.032575595357367176,-3.424191879626586,0.6451647986895567
spectral_peak,C_retrograde_8mm_16,0.008,16.0,center,3,11.000000000006096,69.11503837901375,0.0732551512082033,0.4980368697044034,81.63478237937161,-1.918190505290038,-1.902785162399553,-2.4123140094013653,66.18727544279032,75.7378731587404,56.63667772684025,107.50914303174022,322.52742909522067,1000000.0,10.0,0.04798702088782152,7.99783681463692,0.12503380891316637,0.0004523893421169302,0.03126690674266842,0.276460153516055,0.8824670668278064,-0.12503380891316637,1.0
spectral_peak,C_retrograde_8mm_16,0.008,16.0,center,3,11.000000000006096,69.11503837901375,0.0732551512082033,0.4980368697044034,81.63478237937161,-1.918190505290038,-1.902785162399553,-2.4123140094013653,66.18727544279032,75.7378731587404,56.63667772684025,107.50914303174022,322.52742909522067,1000000.0,50.0,0.021460448148574247,3.576741358095708,0.27958409621555913,0.0022619467105846514,0.1563345337133421,0.276460153516055,0.7560981401492871,-0.27958409621555913,1.0
spectral_peak,C_retrograde_8mm_16,0.008,16.0,center,3,11.000000000006096,69.11503837901375,0.0732551512082033,0.4980368697044034,81.63478237937161,-1.918190505290038,-1.902785162399553,-2.4123140094013653,66.18727544279032,75.7378731587404,56.63667772684025,107.50914303174022,322.52742909522067,1000000.0,100.0,0.015174828413159138,2.529138068859856,0.39539162069186806,0.004523893421169303,0.3126690674266842,0.276460153516055,0.6734162638591208,-0.39539162069186806,1.0
spectral_peak,C_retrograde_8mm_16,0.008,16.0,center,3,11.000000000006096,69.11503837901375,0.0732551512082033,0.4980368697044034,81.63478237937161,-1.918190505290038,-1.902785162399553,-2.4123140094013653,66.18727544279032,75.7378731587404,56.63667772684025,107.50914303174022,322.52742909522067,1000000.0,500.0,0.006786389575743819,1.1310649292906365,0.8841225416008295,0.022619467105846513,1.563345337133421,0.276460153516055,0.4130764717245116,-0.8841225416008295,1.0
spectral_peak,C_retrograde_8mm_16,0.008,16.0,center,3,11.000000000006096,69.11503837901375,0.0732551512082033,0.4980368697044034,81.63478237937161,-1.918190505290038,-1.902785162399553,-2.4123140094013653,66.18727544279032,75.7378731587404,56.63667772684025,107.50914303174022,322.52742909522067,3000000.0,10.0,0.027705319427191948,4.617553237865325,0.21656490970146255,0.0013571680263507906,0.09380072022800524,0.276460153516055,0.8052802627247564,-0.21656490970146255,1.0
spectral_peak,C_retrograde_8mm_16,0.008,16.0,center,3,11.000000000006096,69.11503837901375,0.0732551512082033,0.4980368697044034,81.63478237937161,-1.918190505290038,-1.902785162399553,-2.4123140094013653,66.18727544279032,75.7378731587404,56.63667772684025,107.50914303174022,322.52742909522067,3000000.0,50.0,0.012390195515509347,2.0650325859182246,0.4842538596335739,0.006785840131753954,0.46900360114002626,0.276460153516055,0.616156764726069,-0.4842538596335739,1.0
spectral_peak,C_retrograde_8mm_16,0.008,16.0,center,3,11.000000000006096,69.11503837901375,0.0732551512082033,0.4980368697044034,81.63478237937161,-1.918190505290038,-1.902785162399553,-2.4123140094013653,66.18727544279032,75.7378731587404,56.63667772684025,107.50914303174022,322.52742909522067,3000000.0,100.0,0.00876119126924381,1.4601985448739683,0.6848383759253174,0.013571680263507907,0.9380072022800525,0.276460153516055,0.5041717092761004,-0.6848383759253174,1.0
spectral_peak,C_retrograde_8mm_16,0.008,16.0,center,3,11.000000000006096,69.11503837901375,0.0732551512082033,0.4980368697044034,81.63478237937161,-1.918190505290038,-1.902785162399553,-2.4123140094013653,66.18727544279032,75.7378731587404,56.63667772684025,107.50914303174022,322.52742909522067,3000000.0,500.0,0.003918123848381364,0.653020641396894,1.531345162169565,0.06785840131753954,4.690036011400262,0.276460153516055,0.21624458754661055,-1.531345162169565,0.9582255327863486
spectral_peak,C_retrograde_8mm_16,0.008,16.0,center,3,11.000000000006096,69.11503837901375,0.0732551512082033,0.4980368697044034,81.63478237937161,-1.918190505290038,-1.902785162399553,-2.4123140094013653,66.18727544279032,75.7378731587404,56.63667772684025,107.50914303174022,322.52742909522067,6000000.0,10.0,0.01959061924190682,3.2651032069844703,0.306269032433913,0.0027143360527015813,0.1876014404560105,0.276460153516055,0.7361885342184384,-0.306269032433913,1.0
spectral_peak,C_retrograde_8mm_16,0.008,16.0,center,3,11.000000000006096,69.11503837901375,0.0732551512082033,0.4980368697044034,81.63478237937161,-1.918190505290038,-1.902785162399553,-2.4123140094013653,66.18727544279032,75.7378731587404,56.63667772684025,107.50914303174022,322.52742909522067,6000000.0,50.0,0.00876119126924381,1.4601985448739683,0.6848383759253174,0.013571680263507907,0.9380072022800525,0.276460153516055,0.5041717092761004,-0.6848383759253174,1.0
spectral_peak,C_retrograde_8mm_16,0.008,16.0,center,3,11.000000000006096,69.11503837901375,0.0732551512082033,0.4980368697044034,81.63478237937161,-1.918190505290038,-1.902785162399553,-2.4123140094013653,66.18727544279032,75.7378731587404,56.63667772684025,107.50914303174022,322.52742909522067,6000000.0,100.0,0.006195097757754673,1.0325162929591123,0.9685077192671478,0.027143360527015815,1.876014404560105,0.276460153516055,0.3796491587176963,-0.9685077192671478,1.0
spectral_peak,C_retrograde_8mm_16,0.008,16.0,center,3,11.000000000006096,69.11503837901375,0.0732551512082033,0.4980368697044034,81.63478237937161,-1.918190505290038,-1.902785162399553,-2.4123140094013653,66.18727544279032,75.7378731587404,56.63667772684025,107.50914303174022,322.52742909522067,6000000.0,500.0,0.0027705319427191945,0.4617553237865324,2.165649097014626,0.13571680263507907,9.380072022800524,0.276460153516055,0.11467547492569274,-2.165649097014626,0.84406657117511
spectral_peak,C_retrograde_8mm_16,0.008,16.0,center,3,11.000000000006096,69.11503837901375,0.0732551512082033,0.4980368697044034,81.63478237937161,-1.918190505290038,-1.902785162399553,-2.4123140094013653,66.18727544279032,75.7378731587404,56.63667772684025,107.50914303174022,322.52742909522067,10000000.0,10.0,0.015174828413159138,2.529138068859856,0.39539162069186806,0.004523893421169303,0.3126690674266842,0.276460153516055,0.6734162638591208,-0.39539162069186806,1.0
spectral_peak,C_retrograde_8mm_16,0.008,16.0,center,3,11.000000000006096,69.11503837901375,0.0732551512082033,0.4980368697044034,81.63478237937161,-1.918190505290038,-1.902785162399553,-2.4123140094013653,66.18727544279032,75.7378731587404,56.63667772684025,107.50914303174022,322.52742909522067,10000000.0,50.0,0.006786389575743819,1.1310649292906365,0.8841225416008295,0.022619467105846513,1.563345337133421,0.276460153516055,0.4130764717245116,-0.8841225416008295,1.0
spectral_peak,C_retrograde_8mm_16,0.008,16.0,center,3,11.000000000006096,69.11503837901375,0.0732551512082033,0.4980368697044034,81.63478237937161,-1.918190505290038,-1.902785162399553,-2.4123140094013653,66.18727544279032,75.7378731587404,56.63667772684025,107.50914303174022,322.52742909522067,10000000.0,100.0,0.004798702088782152,0.7997836814636919,1.250338089131664,0.045238934211693026,3.126690674266842,0.276460153516055,0.28640794907471645,-1.250338089131664,0.9919740136892952
spectral_peak,C_retrograde_8mm_16,0.008,16.0,center,3,11.000000000006096,69.11503837901375,0.0732551512082033,0.4980368697044034,81.63478237937161,-1.918190505290038,-1.902785162399553,-2.4123140094013653,66.18727544279032,75.7378731587404,56.63667772684025,107.50914303174022,322.52742909522067,10000000.0,500.0,0.0021460448148574248,0.3576741358095708,2.7958409621555913,0.2261946710584651,15.633453371334207,0.276460153516055,0.06106350064082391,-2.7958409621555913,0.7349875789837768
spectral_peak,C_retrograde_8mm_16,0.008,16.0,+body_x,1,5.500000000003048,34.55751918950688,0.18362612140160703,0.18362612140160703,97.50467079611397,-1.918190505290038,-1.902785162399553,-2.4123140094013653,66.18727544279032,75.7378731587404,56.63667772684025,107.50914303174022,322.52742909522067,1000000.0,10.0,0.06786389575743819,11.310649292906364,0.08841225416008294,0.0004523893421169302,0.01563345337133421,0.1382300767580275,0.9153834282999423,-0.08841225416008294,1.0
spectral_peak,C_retrograde_8mm_16,0.008,16.0,+body_x,1,5.500000000003048,34.55751918950688,0.18362612140160703,0.18362612140160703,97.50467079611397,-1.918190505290038,-1.902785162399553,-2.4123140094013653,66.18727544279032,75.7378731587404,56.63667772684025,107.50914303174022,322.52742909522067,1000000.0,50.0,0.030349656826318277,5.058276137719712,0.19769581034593403,0.0022619467105846514,0.07816726685667105,0.1382300767580275,0.8206194391184751,-0.19769581034593403,1.0
spectral_peak,C_retrograde_8mm_16,0.008,16.0,+body_x,1,5.500000000003048,34.55751918950688,0.18362612140160703,0.18362612140160703,97.50467079611397,-1.918190505290038,-1.902785162399553,-2.4123140094013653,66.18727544279032,75.7378731587404,56.63667772684025,107.50914303174022,322.52742909522067,1000000.0,100.0,0.021460448148574247,3.576741358095708,0.27958409621555913,0.004523893421169303,0.1563345337133421,0.1382300767580275,0.7560981401492871,-0.27958409621555913,1.0
spectral_peak,C_retrograde_8mm_16,0.008,16.0,+body_x,1,5.500000000003048,34.55751918950688,0.18362612140160703,0.18362612140160703,97.50467079611397,-1.918190505290038,-1.902785162399553,-2.4123140094013653,66.18727544279032,75.7378731587404,56.63667772684025,107.50914303174022,322.52742909522067,1000000.0,500.0,0.009597404177564304,1.5995673629273839,0.625169044565832,0.022619467105846513,0.7816726685667105,0.1382300767580275,0.5351709531306015,-0.625169044565832,1.0
spectral_peak,C_retrograde_8mm_16,0.008,16.0,+body_x,1,5.500000000003048,34.55751918950688,0.18362612140160703,0.18362612140160703,97.50467079611397,-1.918190505290038,-1.902785162399553,-2.4123140094013653,66.18727544279032,75.7378731587404,56.63667772684025,107.50914303174022,322.52742909522067,3000000.0,10.0,0.03918123848381364,6.530206413968941,0.1531345162169565,0.0013571680263507906,0.04690036011400262,0.1382300767580275,0.8580142972109721,-0.1531345162169565,1.0
spectral_peak,C_retrograde_8mm_16,0.008,16.0,+body_x,1,5.500000000003048,34.55751918950688,0.18362612140160703,0.18362612140160703,97.50467079611397,-1.918190505290038,-1.902785162399553,-2.4123140094013653,66.18727544279032,75.7378731587404,56.63667772684025,107.50914303174022,322.52742909522067,3000000.0,50.0,0.01752238253848762,2.9203970897479365,0.3424191879626587,0.006785840131753954,0.23450180057001313,0.1382300767580275,0.7100504976944249,-0.3424191879626587,1.0
spectral_peak,C_retrograde_8mm_16,0.008,16.0,+body_x,1,5.500000000003048,34.55751918950688,0.18362612140160703,0.18362612140160703,97.50467079611397,-1.918190505290038,-1.902785162399553,-2.4123140094013653,66.18727544279032,75.7378731587404,56.63667772684025,107.50914303174022,322.52742909522067,3000000.0,100.0,0.012390195515509347,2.0650325859182246,0.4842538596335739,0.013571680263507907,0.46900360114002626,0.1382300767580275,0.616156764726069,-0.4842538596335739,1.0
spectral_peak,C_retrograde_8mm_16,0.008,16.0,+body_x,1,5.500000000003048,34.55751918950688,0.18362612140160703,0.18362612140160703,97.50467079611397,-1.918190505290038,-1.902785162399553,-2.4123140094013653,66.18727544279032,75.7378731587404,56.63667772684025,107.50914303174022,322.52742909522067,3000000.0,500.0,0.005541063885438389,0.9235106475730648,1.082824548507313,0.06785840131753954,2.345018005700131,0.1382300767580275,0.3386376749945179,-1.082824548507313,0.9995524897857611
spectral_peak,C_retrograde_8mm_16,0.008,16.0,+body_x,1,5.500000000003048,34.55751918950688,0.18362612140160703,0.18362612140160703,97.50467079611397,-1.918190505290038,-1.902785162399553,-2.4123140094013653,66.18727544279032,75.7378731587404,56.63667772684025,107.50914303174022,322.52742909522067,6000000.0,10.0,0.027705319427191948,4.617553237865325,0.21656490970146255,0.0027143360527015813,0.09380072022800524,0.1382300767580275,0.8052802627247564,-0.21656490970146255,1.0
spectral_peak,C_retrograde_8mm_16,0.008,16.0,+body_x,1,5.500000000003048,34.55751918950688,0.18362612140160703,0.18362612140160703,97.50467079611397,-1.918190505290038,-1.902785162399553,-2.4123140094013653,66.18727544279032,75.7378731587404,56.63667772684025,107.50914303174022,322.52742909522067,6000000.0,50.0,0.012390195515509347,2.0650325859182246,0.4842538596335739,0.013571680263507907,0.46900360114002626,0.1382300767580275,0.616156764726069,-0.4842538596335739,1.0
spectral_peak,C_retrograde_8mm_16,0.008,16.0,+body_x,1,5.500000000003048,34.55751918950688,0.18362612140160703,0.18362612140160703,97.50467079611397,-1.918190505290038,-1.902785162399553,-2.4123140094013653,66.18727544279032,75.7378731587404,56.63667772684025,107.50914303174022,322.52742909522067,6000000.0,100.0,0.00876119126924381,1.4601985448739683,0.6848383759253174,0.027143360527015815,0.9380072022800525,0.1382300767580275,0.5041717092761004,-0.6848383759253174,1.0
spectral_peak,C_retrograde_8mm_16,0.008,16.0,+body_x,1,5.500000000003048,34.55751918950688,0.18362612140160703,0.18362612140160703,97.50467079611397,-1.918190505290038,-1.902785162399553,-2.4123140094013653,66.18727544279032,75.7378731587404,56.63667772684025,107.50914303174022,322.52742909522067,6000000.0,500.0,0.003918123848381364,0.653020641396894,1.531345162169565,0.13571680263507907,4.690036011400262,0.1382300767580275,0.21624458754661055,-1.531345162169565,0.9582255327863486
spectral_peak,C_retrograde_8mm_16,0.008,16.0,+body_x,1,5.500000000003048,34.55751918950688,0.18362612140160703,0.18362612140160703,97.50467079611397,-1.918190505290038,-1.902785162399553,-2.4123140094013653,66.18727544279032,75.7378731587404,56.63667772684025,107.50914303174022,322.52742909522067,10000000.0,10.0,0.021460448148574247,3.576741358095708,0.27958409621555913,0.004523893421169303,0.1563345337133421,0.1382300767580275,0.7560981401492871,-0.27958409621555913,1.0
spectral_peak,C_retrograde_8mm_16,0.008,16.0,+body_x,1,5.500000000003048,34.55751918950688,0.18362612140160703,0.18362612140160703,97.50467079611397,-1.918190505290038,-1.902785162399553,-2.4123140094013653,66.18727544279032,75.7378731587404,56.63667772684025,107.50914303174022,322.52742909522067,10000000.0,50.0,0.009597404177564304,1.5995673629273839,0.625169044565832,0.022619467105846513,0.7816726685667105,0.1382300767580275,0.5351709531306015,-0.625169044565832,1.0
spectral_peak,C_retrograde_8mm_16,0.008,16.0,+body_x,1,5.500000000003048,34.55751918950688,0.18362612140160703,0.18362612140160703,97.50467079611397,-1.918190505290038,-1.902785162399553,-2.4123140094013653,66.18727544279032,75.7378731587404,56.63667772684025,107.50914303174022,322.52742909522067,10000000.0,100.0,0.006786389575743819,1.1310649292906365,0.8841225416008295,0.045238934211693026,1.563345337133421,0.1382300767580275,0.4130764717245116,-0.8841225416008295,1.0
spectral_peak,C_retrograde_8mm_16,0.008,16.0,+body_x,1,5.500000000003048,34.55751918950688,0.18362612140160703,0.18362612140160703,97.50467079611397,-1.918190505290038,-1.902785162399553,-2.4123140094013653,66.18727544279032,75.7378731587404,56.63667772684025,107.50914303174022,322.52742909522067,10000000.0,500.0,0.0030349656826318275,0.5058276137719713,1.9769581034593404,0.2261946710584651,7.816726685667104,0.1382300767580275,0.1384898690810568,-1.9769581034593404,0.8793199666176363
spectral_peak,C_retrograde_8mm_16,0.008,16.0,+body_x,2,16.250000000009006,102.10176124172486,0.06386816843044768,0.2474942898320547,97.50467079611397,-1.918190505290038,-1.902785162399553,-2.4123140094013653,66.18727544279032,75.7378731587404,56.63667772684025,107.50914303174022,322.52742909522067,1000000.0,10.0,0.03948148224991669,6.580247041652782,0.15196997828045478,0.0004523893421169302,0.04618974859712379,0.40840704496689945,0.859014069433489,-0.15196997828045478,1.0
spectral_peak,C_retrograde_8mm_16,0.008,16.0,+body_x,2,16.250000000009006,102.10176124172486,0.06386816843044768,0.2474942898320547,97.50467079611397,-1.918190505290038,-1.902785162399553,-2.4123140094013653,66.18727544279032,75.7378731587404,56.63667772684025,107.50914303174022,322.52742909522067,1000000.0,50.0,0.01765665563265301,2.9427759387755015,0.3398152019742635,0.0022619467105846514,0.230948742985619,0.40840704496689945,0.7119018686673715,-0.3398152019742635,1.0
spectral_peak,C_retrograde_8mm_16,0.008,16.0,+body_x,2,16.250000000009006,102.10176124172486,0.06386816843044768,0.2474942898320547,97.50467079611397,-1.918190505290038,-1.902785162399553,-2.4123140094013653,66.18727544279032,75.7378731587404,56.63667772684025,107.50914303174022,322.52742909522067,1000000.0,100.0,0.012485140930924595,2.080856821820766,0.48057126733255595,0.004523893421169303,0.461897485971238,0.40840704496689945,0.6184300020181053,-0.48057126733255595,1.0
spectral_peak,C_retrograde_8mm_16,0.008,16.0,+body_x,2,16.250000000009006,102.10176124172486,0.06386816843044768,0.2474942898320547,97.50467079611397,-1.918190505290038,-1.902785162399553,-2.4123140094013653,66.18727544279032,75.7378731587404,56.63667772684025,107.50914303174022,322.52742909522067,1000000.0,500.0,0.00558352476604248,0.9305874610070799,1.0745900217888191,0.022619467105846513,2.30948742985619,0.40840704496689945,0.3414377086311397,-1.0745900217888191,0.9996655634063517
spectral_peak,C_retrograde_8mm_16,0.008,16.0,+body_x,2,16.250000000009006,102.10176124172486,0.06386816843044768,0.2474942898320547,97.50467079611397,-1.918190505290038,-1.902785162399553,-2.4123140094013653,66.18727544279032,75.7378731587404,56.63667772684025,107.50914303174022,322.52742909522067,3000000.0,10.0,0.022794644404994832,3.799107400832472,0.26321972360688645,0.0013571680263507906,0.13856924579137136,0.40840704496689945,0.7685730051241981,-0.26321972360688645,1.0
spectral_peak,C_retrograde_8mm_16,0.008,16.0,+body_x,2,16.250000000009006,102.10176124172486,0.06386816843044768,0.2474942898320547,97.50467079611397,-1.918190505290038,-1.902785162399553,-2.4123140094013653,66.18727544279032,75.7378731587404,56.63667772684025,107.50914303174022,322.52742909522067,3000000.0,50.0,0.010194074882500738,1.6990124804167896,0.5885771950037042,0.006785840131753954,0.692846228956857,0.40840704496689945,0.5551165457138962,-0.5885771950037042,1.0
spectral_peak,C_retrograde_8mm_16,0.008,16.0,+body_x,2,16.250000000009006,102.10176124172486,0.06386816843044768,0.2474942898320547,97.50467079611397,-1.918190505290038,-1.902785162399553,-2.4123140094013653,66.18727544279032,75.7378731587404,56.63667772684025,107.50914303174022,322.52742909522067,3000000.0,100.0,0.00720829947733973,1.2013832462232883,0.8323738516777524,0.013571680263507907,1.385692457913714,0.40840704496689945,0.435015397626337,-0.8323738516777524,1.0
spectral_peak,C_retrograde_8mm_16,0.008,16.0,+body_x,2,16.250000000009006,102.10176124172486,0.06386816843044768,0.2474942898320547,97.50467079611397,-1.918190505290038,-1.902785162399553,-2.4123140094013653,66.18727544279032,75.7378731587404,56.63667772684025,107.50914303174022,322.52742909522067,3000000.0,500.0,0.003223649526701568,0.537274921116928,1.8612445150447816,0.06785840131753954,6.928462289568569,0.40840704496689945,0.15547901394171104,-1.8612445150447816,0.9009238517326523
spectral_peak,C_retrograde_8mm_16,0.008,16.0,+body_x,2,16.250000000009006,102.10176124172486,0.06386816843044768,0.2474942898320547,97.50467079611397,-1.918190505290038,-1.902785162399553,-2.4123140094013653,66.18727544279032,75.7378731587404,56.63667772684025,107.50914303174022,322.52742909522067,6000000.0,10.0,0.016118247633507842,2.6863746055846405,0.3722489030089563,0.0027143360527015813,0.27713849158274273,0.40840704496689945,0.6891826815309308,-0.3722489030089563,1.0
spectral_peak,C_retrograde_8mm_16,0.008,16.0,+body_x,2,16.250000000009006,102.10176124172486,0.06386816843044768,0.2474942898320547,97.50467079611397,-1.918190505290038,-1.902785162399553,-2.4123140094013653,66.18727544279032,75.7378731587404,56.63667772684025,107.50914303174022,322.52742909522067,6000000.0,50.0,0.00720829947733973,1.2013832462232883,0.8323738516777524,0.013571680263507907,1.385692457913714,0.40840704496689945,0.435015397626337,-0.8323738516777524,1.0
spectral_peak,C_retrograde_8mm_16,0.008,16.0,+body_x,2,16.250000000009006,102.10176124172486,0.06386816843044768,0.2474942898320547,97.50467079611397,-1.918190505290038,-1.902785162399553,-2.4123140094013653,66.18727544279032,75.7378731587404,56.63667772684025,107.50914303174022,322.52742909522067,6000000.0,100.0,0.005097037441250369,0.8495062402083948,1.1771543900074084,0.027143360527015815,2.771384915827428,0.40840704496689945,0.3081543793253282,-1.1771543900074084,0.9965915613842593
spectral_peak,C_retrograde_8mm_16,0.008,16.0,+body_x,2,16.250000000009006,102.10176124172486,0.06386816843044768,0.2474942898320547,97.50467079611397,-1.918190505290038,-1.902785162399553,-2.4123140094013653,66.18727544279032,75.7378731587404,56.63667772684025,107.50914303174022,322.52742909522067,6000000.0,500.0,0.002279464440499483,0.37991074008324716,2.6321972360688646,0.13571680263507907,13.856924579137138,0.40840704496689945,0.07192026270625315,-2.6321972360688646,0.7615690506440504
spectral_peak,C_retrograde_8mm_16,0.008,16.0,+body_x,2,16.250000000009006,102.10176124172486,0.06386816843044768,0.2474942898320547,97.50467079611397,-1.918190505290038,-1.902785162399553,-2.4123140094013653,66.18727544279032,75.7378731587404,56.63667772684025,107.50914303174022,322.52742909522067,10000000.0,10.0,0.012485140930924595,2.080856821820766,0.48057126733255595,0.004523893421169303,0.461897485971238,0.40840704496689945,0.6184300020181053,-0.48057126733255595,1.0
spectral_peak,C_retrograde_8mm_16,0.008,16.0,+body_x,2,16.250000000009006,102.10176124172486,0.06386816843044768,0.2474942898320547,97.50467079611397,-1.918190505290038,-1.902785162399553,-2.4123140094013653,66.18727544279032,75.7378731587404,56.63667772684025,107.50914303174022,322.52742909522067,10000000.0,50.0,0.00558352476604248,0.9305874610070799,1.0745900217888191,0.022619467105846513,2.30948742985619,0.40840704496689945,0.3414377086311397,-1.0745900217888191,0.9996655634063517
spectral_peak,C_retrograde_8mm_16,0.008,16.0,+body_x,2,16.250000000009006,102.10176124172486,0.06386816843044768,0.2474942898320547,97.50467079611397,-1.918190505290038,-1.902785162399553,-2.4123140094013653,66.18727544279032,75.7378731587404,56.63667772684025,107.50914303174022,322.52742909522067,10000000.0,100.0,0.003948148224991669,0.6580247041652781,1.5196997828045478,0.045238934211693026,4.61897485971238,0.40840704496689945,0.21877755787880507,-1.5196997828045478,0.9600069798678144
spectral_peak,C_retrograde_8mm_16,0.008,16.0,+body_x,2,16.250000000009006,102.10176124172486,0.06386816843044768,0.2474942898320547,97.50467079611397,-1.918190505290038,-1.902785162399553,-2.4123140094013653,66.18727544279032,75.7378731587404,56.63667772684025,107.50914303174022,322.52742909522067,10000000.0,500.0,0.0017656655632653012,0.2942775938775502,3.3981520197426347,0.2261946710584651,23.094874298561898,0.40840704496689945,0.033435000124831596,-3.3981520197426347,0.6485191091576343
spectral_peak,C_retrograde_8mm_16,0.008,16.0,+body_x,3,9.500000000005265,59.69026041823915,0.06144773959964211,0.3089420294316968,97.50467079611397,-1.918190505290038,-1.902785162399553,-2.4123140094013653,66.18727544279032,75.7378731587404,56.63667772684025,107.50914303174022,322.52742909522067,1000000.0,10.0,0.05163668209669149,8.606113682781915,0.11619646647251251,0.0004523893421169302,0.027003237641395447,0.2387610416729566,0.890300291956126,-0.11619646647251251,1.0
spectral_peak,C_retrograde_8mm_16,0.008,16.0,+body_x,3,9.500000000005265,59.69026041823915,0.06144773959964211,0.3089420294316968,97.50467079611397,-1.918190505290038,-1.902785162399553,-2.4123140094013653,66.18727544279032,75.7378731587404,56.63667772684025,107.50914303174022,322.52742909522067,1000000.0,50.0,0.02309262626014971,3.8487710433582847,0.25982319777781315,0.0022619467105846514,0.13501618820697725,0.2387610416729566,0.771187921489228,-0.25982319777781315,1.0
spectral_peak,C_retrograde_8mm_16,0.008,16.0,+body_x,3,9.500000000005265,59.69026041823915,0.06144773959964211,0.3089420294316968,97.50467079611397,-1.918190505290038,-1.902785162399553,-2.4123140094013653,66.18727544279032,75.7378731587404,56.63667772684025,107.50914303174022,322.52742909522067,1000000.0,100.0,0.0163289526239584,2.7214921039930666,0.36744549011653044,0.004523893421169303,0.2700323764139545,0.2387610416729566,0.692501073932681,-0.36744549011653044,1.0
spectral_peak,C_retrograde_8mm_16,0.008,16.0,+body_x,3,9.500000000005265,59.69026041823915,0.06144773959964211,0.3089420294316968,97.50467079611397,-1.918190505290038,-1.902785162399553,-2.4123140094013653,66.18727544279032,75.7378731587404,56.63667772684025,107.50914303174022,322.52742909522067,1000000.0,500.0,0.0073025296137089095,1.2170882689514848,0.8216330939262891,0.022619467105846513,1.3501618820697725,0.2387610416729566,0.4397129752411774,-0.8216330939262891,1.0
spectral_peak,C_retrograde_8mm_16,0.008,16.0,+body_x,3,9.500000000005265,59.69026041823915,0.06144773959964211,0.3089420294316968,97.50467079611397,-1.918190505290038,-1.902785162399553,-2.4123140094013653,66.18727544279032,75.7378731587404,56.63667772684025,107.50914303174022,322.52742909522067,3000000.0,10.0,0.029812452308583964,4.96874205143066,0.20125818359036526,0.0013571680263507906,0.08100971292418635,0.2387610416729566,0.8177012872438474,-0.20125818359036526,1.0
spectral_peak,C_retrograde_8mm_16,0.008,16.0,+body_x,3,9.500000000005265,59.69026041823915,0.06144773959964211,0.3089420294316968,97.50467079611397,-1.918190505290038,-1.902785162399553,-2.4123140094013653,66.18727544279032,75.7378731587404,56.63667772684025,107.50914303174022,322.52742909522067,3000000.0,50.0,0.013332533987592855,2.2220889979321425,0.4500269795361894,0.006785840131753954,0.40504856462093175,0.2387610416729566,0.6376109489420424,-0.4500269795361894,1.0
spectral_peak,C_retrograde_8mm_16,0.008,16.0,+body_x,3,9.500000000005265,59.69026041823915,0.06144773959964211,0.3089420294316968,97.50467079611397,-1.918190505290038,-1.902785162399553,-2.4123140094013653,66.18727544279032,75.7378731587404,56.63667772684025,107.50914303174022,322.52742909522067,3000000.0,100.0,0.00942752519302703,1.5712541988378381,0.6364342578938784,0.013571680263507907,0.8100971292418635,0.2387610416729566,0.5291759689637174,-0.6364342578938784,1.0
spectral_peak,C_retrograde_8mm_16,0.008,16.0,+body_x,3,9.500000000005265,59.69026041823915,0.06144773959964211,0.3089420294316968,97.50467079611397,-1.918190505290038,-1.902785162399553,-2.4123140094013653,66.18727544279032,75.7378731587404,56.63667772684025,107.50914303174022,322.52742909522067,3000000.0,500.0,0.004216117438240053,0.7026862397066754,1.4231102638603441,0.06785840131753954,4.050485646209317,0.2387610416729566,0.24096339045400592,-1.4231102638603441,0.9737188098090103
spectral_peak,C_retrograde_8mm_16,0.008,16.0,+body_x,3,9.500000000005265,59.69026041823915,0.06144773959964211,0.3089420294316968,97.50467079611397,-1.918190505290038,-1.902785162399553,-2.4123140094013653,66.18727544279032,75.7378731587404,56.63667772684025,107.50914303174022,322.52742909522067,6000000.0,10.0,0.021080587191200265,3.5134311985333775,0.2846220527720688,0.0027143360527015813,0.1620194258483727,0.2387610416729566,0.752298529739337,-0.2846220527720688,1.0
spectral_peak,C_retrograde_8mm_16,0.008,16.0,+body_x,3,9.500000000005265,59.69026041823915,0.06144773959964211,0.3089420294316968,97.50467079611397,-1.918190505290038,-1.902785162399553,-2.4123140094013653,66.18727544279032,75.7378731587404,56.63667772684025,107.50914303174022,322.52742909522067,6000000.0,50.0,0.00942752519302703,1.5712541988378381,0.6364342578938784,0.013571680263507907,0.8100971292418635,0.2387610416729566,0.5291759689637174,-0.6364342578938784,1.0
spectral_peak,C_retrograde_8mm_16,0.008,16.0,+body_x,3,9.500000000005265,59.69026041823915,0.06144773959964211,0.3089420294316968,97.50467079611397,-1.918190505290038,-1.902785162399553,-2.4123140094013653,66.18727544279032,75.7378731587404,56.63667772684025,107.50914303174022,322.52742909522067,6000000.0,100.0,0.006666266993796428,1.1110444989660713,0.9000539590723788,0.027143360527015815,1.620194258483727,0.2387610416729566,0.40654772221077184,-0.9000539590723788,1.0
spectral_peak,C_retrograde_8mm_16,0.008,16.0,+body_x,3,9.500000000005265,59.69026041823915,0.06144773959964211,0.3089420294316968,97.50467079611397,-1.918190505290038,-1.902785162399553,-2.4123140094013653,66.18727544279032,75.7378731587404,56.63667772684025,107.50914303174022,322.52742909522067,6000000.0,500.0,0.0029812452308583966,0.49687420514306607,2.0125818359036525,0.13571680263507907,8.100971292418635,0.2387610416729566,0.13364318408976933,-2.0125818359036525,0.8726409674261972
spectral_peak,C_retrograde_8mm_16,0.008,16.0,+body_x,3,9.500000000005265,59.69026041823915,0.06144773959964211,0.3089420294316968,97.50467079611397,-1.918190505290038,-1.902785162399553,-2.4123140094013653,66.18727544279032,75.7378731587404,56.63667772684025,107.50914303174022,322.52742909522067,10000000.0,10.0,0.0163289526239584,2.7214921039930666,0.36744549011653044,0.004523893421169303,0.2700323764139545,0.2387610416729566,0.692501073932681,-0.36744549011653044,1.0
spectral_peak,C_retrograde_8mm_16,0.008,16.0,+body_x,3,9.500000000005265,59.69026041823915,0.06144773959964211,0.3089420294316968,97.50467079611397,-1.918190505290038,-1.902785162399553,-2.4123140094013653,66.18727544279032,75.7378731587404,56.63667772684025,107.50914303174022,322.52742909522067,10000000.0,50.0,0.0073025296137089095,1.2170882689514848,0.8216330939262891,0.022619467105846513,1.3501618820697725,0.2387610416729566,0.4397129752411774,-0.8216330939262891,1.0
spectral_peak,C_retrograde_8mm_16,0.008,16.0,+body_x,3,9.500000000005265,59.69026041823915,0.06144773959964211,0.3089420294316968,97.50467079611397,-1.918190505290038,-1.902785162399553,-2.4123140094013653,66.18727544279032,75.7378731587404,56.63667772684025,107.50914303174022,322.52742909522067,10000000.0,100.0,0.005163668209669149,0.8606113682781915,1.1619646647251252,0.045238934211693026,2.700323764139545,0.2387610416729566,0.3128708902590167,-1.1619646647251252,0.9972917916993774
spectral_peak,C_retrograde_8mm_16,0.008,16.0,+body_x,3,9.500000000005265,59.69026041823915,0.06144773959964211,0.3089420294316968,97.50467079611397,-1.918190505290038,-1.902785162399553,-2.4123140094013653,66.18727544279032,75.7378731587404,56.63667772684025,107.50914303174022,322.52742909522067,10000000.0,500.0,0.002309262626014971,0.3848771043358285,2.5982319777781315,0.2261946710584651,13.501618820697724,0.2387610416729566,0.07440501170554373,-2.5982319777781315,0.76725215049473
spectral_peak,C_retrograde_8mm_16,0.008,16.0,-body_x,1,5.500000000003048,34.55751918950688,0.2508545735083317,0.2508545735083317,85.82621884335279,-1.918190505290038,-1.902785162399553,-2.4123140094013653,66.18727544279032,75.7378731587404,56.63667772684025,107.50914303174022,322.52742909522067,1000000.0,10.0,0.06786389575743819,11.310649292906364,0.08841225416008294,0.0004523893421169302,0.01563345337133421,0.1382300767580275,0.9153834282999423,-0.08841225416008294,1.0
spectral_peak,C_retrograde_8mm_16,0.008,16.0,-body_x,1,5.500000000003048,34.55751918950688,0.2508545735083317,0.2508545735083317,85.82621884335279,-1.918190505290038,-1.902785162399553,-2.4123140094013653,66.18727544279032,75.7378731587404,56.63667772684025,107.50914303174022,322.52742909522067,1000000.0,50.0,0.030349656826318277,5.058276137719712,0.19769581034593403,0.0022619467105846514,0.07816726685667105,0.1382300767580275,0.8206194391184751,-0.19769581034593403,1.0
spectral_peak,C_retrograde_8mm_16,0.008,16.0,-body_x,1,5.500000000003048,34.55751918950688,0.2508545735083317,0.2508545735083317,85.82621884335279,-1.918190505290038,-1.902785162399553,-2.4123140094013653,66.18727544279032,75.7378731587404,56.63667772684025,107.50914303174022,322.52742909522067,1000000.0,100.0,0.021460448148574247,3.576741358095708,0.27958409621555913,0.004523893421169303,0.1563345337133421,0.1382300767580275,0.7560981401492871,-0.27958409621555913,1.0
spectral_peak,C_retrograde_8mm_16,0.008,16.0,-body_x,1,5.500000000003048,34.55751918950688,0.2508545735083317,0.2508545735083317,85.82621884335279,-1.918190505290038,-1.902785162399553,-2.4123140094013653,66.18727544279032,75.7378731587404,56.63667772684025,107.50914303174022,322.52742909522067,1000000.0,500.0,0.009597404177564304,1.5995673629273839,0.625169044565832,0.022619467105846513,0.7816726685667105,0.1382300767580275,0.5351709531306015,-0.625169044565832,1.0
spectral_peak,C_retrograde_8mm_16,0.008,16.0,-body_x,1,5.500000000003048,34.55751918950688,0.2508545735083317,0.2508545735083317,85.82621884335279,-1.918190505290038,-1.902785162399553,-2.4123140094013653,66.18727544279032,75.7378731587404,56.63667772684025,107.50914303174022,322.52742909522067,3000000.0,10.0,0.03918123848381364,6.530206413968941,0.1531345162169565,0.0013571680263507906,0.04690036011400262,0.1382300767580275,0.8580142972109721,-0.1531345162169565,1.0
spectral_peak,C_retrograde_8mm_16,0.008,16.0,-body_x,1,5.500000000003048,34.55751918950688,0.2508545735083317,0.2508545735083317,85.82621884335279,-1.918190505290038,-1.902785162399553,-2.4123140094013653,66.18727544279032,75.7378731587404,56.63667772684025,107.50914303174022,322.52742909522067,3000000.0,50.0,0.01752238253848762,2.9203970897479365,0.3424191879626587,0.006785840131753954,0.23450180057001313,0.1382300767580275,0.7100504976944249,-0.3424191879626587,1.0
spectral_peak,C_retrograde_8mm_16,0.008,16.0,-body_x,1,5.500000000003048,34.55751918950688,0.2508545735083317,0.2508545735083317,85.82621884335279,-1.918190505290038,-1.902785162399553,-2.4123140094013653,66.18727544279032,75.7378731587404,56.63667772684025,107.50914303174022,322.52742909522067,3000000.0,100.0,0.012390195515509347,2.0650325859182246,0.4842538596335739,0.013571680263507907,0.46900360114002626,0.1382300767580275,0.616156764726069,-0.4842538596335739,1.0
spectral_peak,C_retrograde_8mm_16,0.008,16.0,-body_x,1,5.500000000003048,34.55751918950688,0.2508545735083317,0.2508545735083317,85.82621884335279,-1.918190505290038,-1.902785162399553,-2.4123140094013653,66.18727544279032,75.7378731587404,56.63667772684025,107.50914303174022,322.52742909522067,3000000.0,500.0,0.005541063885438389,0.9235106475730648,1.082824548507313,0.06785840131753954,2.345018005700131,0.1382300767580275,0.3386376749945179,-1.082824548507313,0.9995524897857611
spectral_peak,C_retrograde_8mm_16,0.008,16.0,-body_x,1,5.500000000003048,34.55751918950688,0.2508545735083317,0.2508545735083317,85.82621884335279,-1.918190505290038,-1.902785162399553,-2.4123140094013653,66.18727544279032,75.7378731587404,56.63667772684025,107.50914303174022,322.52742909522067,6000000.0,10.0,0.027705319427191948,4.617553237865325,0.21656490970146255,0.0027143360527015813,0.09380072022800524,0.1382300767580275,0.8052802627247564,-0.21656490970146255,1.0
spectral_peak,C_retrograde_8mm_16,0.008,16.0,-body_x,1,5.500000000003048,34.55751918950688,0.2508545735083317,0.2508545735083317,85.82621884335279,-1.918190505290038,-1.902785162399553,-2.4123140094013653,66.18727544279032,75.7378731587404,56.63667772684025,107.50914303174022,322.52742909522067,6000000.0,50.0,0.012390195515509347,2.0650325859182246,0.4842538596335739,0.013571680263507907,0.46900360114002626,0.1382300767580275,0.616156764726069,-0.4842538596335739,1.0
spectral_peak,C_retrograde_8mm_16,0.008,16.0,-body_x,1,5.500000000003048,34.55751918950688,0.2508545735083317,0.2508545735083317,85.82621884335279,-1.918190505290038,-1.902785162399553,-2.4123140094013653,66.18727544279032,75.7378731587404,56.63667772684025,107.50914303174022,322.52742909522067,6000000.0,100.0,0.00876119126924381,1.4601985448739683,0.6848383759253174,0.027143360527015815,0.9380072022800525,0.1382300767580275,0.5041717092761004,-0.6848383759253174,1.0
spectral_peak,C_retrograde_8mm_16,0.008,16.0,-body_x,1,5.500000000003048,34.55751918950688,0.2508545735083317,0.2508545735083317,85.82621884335279,-1.918190505290038,-1.902785162399553,-2.4123140094013653,66.18727544279032,75.7378731587404,56.63667772684025,107.50914303174022,322.52742909522067,6000000.0,500.0,0.003918123848381364,0.653020641396894,1.531345162169565,0.13571680263507907,4.690036011400262,0.1382300767580275,0.21624458754661055,-1.531345162169565,0.9582255327863486
spectral_peak,C_retrograde_8mm_16,0.008,16.0,-body_x,1,5.500000000003048,34.55751918950688,0.2508545735083317,0.2508545735083317,85.82621884335279,-1.918190505290038,-1.902785162399553,-2.4123140094013653,66.18727544279032,75.7378731587404,56.63667772684025,107.50914303174022,322.52742909522067,10000000.0,10.0,0.021460448148574247,3.576741358095708,0.27958409621555913,0.004523893421169303,0.1563345337133421,0.1382300767580275,0.7560981401492871,-0.27958409621555913,1.0
spectral_peak,C_retrograde_8mm_16,0.008,16.0,-body_x,1,5.500000000003048,34.55751918950688,0.2508545735083317,0.2508545735083317,85.82621884335279,-1.918190505290038,-1.902785162399553,-2.4123140094013653,66.18727544279032,75.7378731587404,56.63667772684025,107.50914303174022,322.52742909522067,10000000.0,50.0,0.009597404177564304,1.5995673629273839,0.625169044565832,0.022619467105846513,0.7816726685667105,0.1382300767580275,0.5351709531306015,-0.625169044565832,1.0
spectral_peak,C_retrograde_8mm_16,0.008,16.0,-body_x,1,5.500000000003048,34.55751918950688,0.2508545735083317,0.2508545735083317,85.82621884335279,-1.918190505290038,-1.902785162399553,-2.4123140094013653,66.18727544279032,75.7378731587404,56.63667772684025,107.50914303174022,322.52742909522067,10000000.0,100.0,0.006786389575743819,1.1310649292906365,0.8841225416008295,0.045238934211693026,1.563345337133421,0.1382300767580275,0.4130764717245116,-0.8841225416008295,1.0
spectral_peak,C_retrograde_8mm_16,0.008,16.0,-body_x,1,5.500000000003048,34.55751918950688,0.2508545735083317,0.2508545735083317,85.82621884335279,-1.918190505290038,-1.902785162399553,-2.4123140094013653,66.18727544279032,75.7378731587404,56.63667772684025,107.50914303174022,322.52742909522067,10000000.0,500.0,0.0030349656826318275,0.5058276137719713,1.9769581034593404,0.2261946710584651,7.816726685667104,0.1382300767580275,0.1384898690810568,-1.9769581034593404,0.8793199666176363
spectral_peak,C_retrograde_8mm_16,0.008,16.0,-body_x,2,11.250000000006235,70.68583470580953,0.11082659086410661,0.3616811643724383,85.82621884335279,-1.918190505290038,-1.902785162399553,-2.4123140094013653,66.18727544279032,75.7378731587404,56.63667772684025,107.50914303174022,322.52742909522067,1000000.0,10.0,0.04745083622779865,7.908472704633108,0.12644666515876812,0.0004523893421169302,0.03197751825954724,0.2827433388232381,0.8812211480801977,-0.12644666515876812,1.0
spectral_peak,C_retrograde_8mm_16,0.008,16.0,-body_x,2,11.250000000006235,70.68583470580953,0.11082659086410661,0.3616811643724383,85.82621884335279,-1.918190505290038,-1.902785162399553,-2.4123140094013653,66.18727544279032,75.7378731587404,56.63667772684025,107.50914303174022,322.52742909522067,1000000.0,50.0,0.021220659078913497,3.5367765131522493,0.2827433388231598,0.0022619467105846514,0.15988759129773625,0.2827433388232381,0.7537132119564081,-0.2827433388231598,1.0
spectral_peak,C_retrograde_8mm_16,0.008,16.0,-body_x,2,11.250000000006235,70.68583470580953,0.11082659086410661,0.3616811643724383,85.82621884335279,-1.918190505290038,-1.902785162399553,-2.4123140094013653,66.18727544279032,75.7378731587404,56.63667772684025,107.50914303174022,322.52742909522067,1000000.0,100.0,0.01500527193594761,2.500878655991268,0.39985946443436376,0.004523893421169303,0.3197751825954725,0.2827433388232381,0.6704142564622689,-0.39985946443436376,1.0
spectral_peak,C_retrograde_8mm_16,0.008,16.0,-body_x,2,11.250000000006235,70.68583470580953,0.11082659086410661,0.3616811643724383,85.82621884335279,-1.918190505290038,-1.902785162399553,-2.4123140094013653,66.18727544279032,75.7378731587404,56.63667772684025,107.50914303174022,322.52742909522067,1000000.0,500.0,0.006710561613929745,1.1184269356549574,0.8941129439218969,0.022619467105846513,1.5988759129773624,0.2827433388232381,0.4089702173025481,-0.8941129439218969,1.0
spectral_peak,C_retrograde_8mm_16,0.008,16.0,-body_x,2,11.250000000006235,70.68583470580953,0.11082659086410661,0.3616811643724383,85.82621884335279,-1.918190505290038,-1.902785162399553,-2.4123140094013653,66.18727544279032,75.7378731587404,56.63667772684025,107.50914303174022,322.52742909522067,3000000.0,10.0,0.027395753069392396,4.5659588448987325,0.21901204850263575,0.0013571680263507906,0.09593255477864174,0.2827433388232381,0.8033120393880954,-0.21901204850263575,1.0
spectral_peak,C_retrograde_8mm_16,0.008,16.0,-body_x,2,11.250000000006235,70.68583470580953,0.11082659086410661,0.3616811643724383,85.82621884335279,-1.918190505290038,-1.902785162399553,-2.4123140094013653,66.18727544279032,75.7378731587404,56.63667772684025,107.50914303174022,322.52742909522067,3000000.0,50.0,0.012251753231591984,2.0419588719319974,0.4897258283433745,0.006785840131753954,0.4796627738932087,0.2827433388232381,0.6127943820054994,-0.4897258283433745,1.0
spectral_peak,C_retrograde_8mm_16,0.008,16.0,-body_x,2,11.250000000006235,70.68583470580953,0.11082659086410661,0.3616811643724383,85.82621884335279,-1.918190505290038,-1.902785162399553,-2.4123140094013653,66.18727544279032,75.7378731587404,56.63667772684025,107.50914303174022,322.52742909522067,3000000.0,100.0,0.00866329779148289,1.4438829652471483,0.6925769082875985,0.013571680263507907,0.9593255477864174,0.2827433388232381,0.5002852174542466,-0.6925769082875985,1.0
spectral_peak,C_retrograde_8mm_16,0.008,16.0,-body_x,2,11.250000000006235,70.68583470580953,0.11082659086410661,0.3616811643724383,85.82621884335279,-1.918190505290038,-1.902785162399553,-2.4123140094013653,66.18727544279032,75.7378731587404,56.63667772684025,107.50914303174022,322.52742909522067,3000000.0,500.0,0.0038743445542159076,0.6457240923693179,1.5486490465777079,0.06785840131753954,4.796627738932087,0.2827433388232381,0.21253490472485906,-1.5486490465777079,0.9555343282122849
spectral_peak,C_retrograde_8mm_16,0.008,16.0,-body_x,2,11.250000000006235,70.68583470580953,0.11082659086410661,0.3616811643724383,85.82621884335279,-1.918190505290038,-1.902785162399553,-2.4123140094013653,66.18727544279032,75.7378731587404,56.63667772684025,107.50914303174022,322.52742909522067,6000000.0,10.0,0.019371722771079538,3.2286204618465897,0.30972980931554156,0.0027143360527015813,0.19186510955728348,0.2827433388232381,0.733645153533733,-0.30972980931554156,1.0
spectral_peak,C_retrograde_8mm_16,0.008,16.0,-body_x,2,11.250000000006235,70.68583470580953,0.11082659086410661,0.3616811643724383,85.82621884335279,-1.918190505290038,-1.902785162399553,-2.4123140094013653,66.18727544279032,75.7378731587404,56.63667772684025,107.50914303174022,322.52742909522067,6000000.0,50.0,0.00866329779148289,1.4438829652471483,0.6925769082875985,0.013571680263507907,0.9593255477864174,0.2827433388232381,0.5002852174542466,-0.6925769082875985,1.0
spectral_peak,C_retrograde_8mm_16,0.008,16.0,-body_x,2,11.250000000006235,70.68583470580953,0.11082659086410661,0.3616811643724383,85.82621884335279,-1.918190505290038,-1.902785162399553,-2.4123140094013653,66.18727544279032,75.7378731587404,56.63667772684025,107.50914303174022,322.52742909522067,6000000.0,100.0,0.006125876615795992,1.0209794359659987,0.979451656686749,0.027143360527015815,1.9186510955728349,0.2827433388232381,0.3755169546175019,-0.979451656686749,1.0
spectral_peak,C_retrograde_8mm_16,0.008,16.0,-body_x,2,11.250000000006235,70.68583470580953,0.11082659086410661,0.3616811643724383,85.82621884335279,-1.918190505290038,-1.902785162399553,-2.4123140094013653,66.18727544279032,75.7378731587404,56.63667772684025,107.50914303174022,322.52742909522067,6000000.0,500.0,0.00273957530693924,0.4565958844898733,2.1901204850263576,0.13571680263507907,9.593255477864174,0.2827433388232381,0.11190326513721689,-2.1901204850263576,0.8395392677409443
spectral_peak,C_retrograde_8mm_16,0.008,16.0,-body_x,2,11.250000000006235,70.68583470580953,0.11082659086410661,0.3616811643724383,85.82621884335279,-1.918190505290038,-1.902785162399553,-2.4123140094013653,66.18727544279032,75.7378731587404,56.63667772684025,107.50914303174022,322.52742909522067,10000000.0,10.0,0.01500527193594761,2.500878655991268,0.39985946443436376,0.004523893421169303,0.3197751825954725,0.2827433388232381,0.6704142564622689,-0.39985946443436376,1.0
spectral_peak,C_retrograde_8mm_16,0.008,16.0,-body_x,2,11.250000000006235,70.68583470580953,0.11082659086410661,0.3616811643724383,85.82621884335279,-1.918190505290038,-1.902785162399553,-2.4123140094013653,66.18727544279032,75.7378731587404,56.63667772684025,107.50914303174022,322.52742909522067,10000000.0,50.0,0.006710561613929745,1.1184269356549574,0.8941129439218969,0.022619467105846513,1.5988759129773624,0.2827433388232381,0.4089702173025481,-0.8941129439218969,1.0
spectral_peak,C_retrograde_8mm_16,0.008,16.0,-body_x,2,11.250000000006235,70.68583470580953,0.11082659086410661,0.3616811643724383,85.82621884335279,-1.918190505290038,-1.902785162399553,-2.4123140094013653,66.18727544279032,75.7378731587404,56.63667772684025,107.50914303174022,322.52742909522067,10000000.0,100.0,0.004745083622779865,0.7908472704633108,1.2644666515876815,0.045238934211693026,3.197751825954725,0.2827433388232381,0.2823898681711212,-1.2644666515876815,0.9908506422341637
spectral_peak,C_retrograde_8mm_16,0.008,16.0,-body_x,2,11.250000000006235,70.68583470580953,0.11082659086410661,0.3616811643724383,85.82621884335279,-1.918190505290038,-1.902785162399553,-2.4123140094013653,66.18727544279032,75.7378731587404,56.63667772684025,107.50914303174022,322.52742909522067,10000000.0,500.0,0.0021220659078913496,0.35367765131522494,2.8274333882315976,0.2261946710584651,15.988759129773623,0.2827433388232381,0.05916451129403121,-2.8274333882315976,0.730010098800287
spectral_peak,C_retrograde_8mm_16,0.008,16.0,-body_x,3,16.750000000009283,105.2433538953164,0.0786504548401099,0.4403316192125482,85.82621884335279,-1.918190505290038,-1.902785162399553,-2.4123140094013653,66.18727544279032,75.7378731587404,56.63667772684025,107.50914303174022,322.52742909522067,1000000.0,10.0,0.03888774192818169,6.481290321363614,0.1542902648109748,0.0004523893421169302,0.04761097163088145,0.4209734155812656,0.8570232212209835,-0.1542902648109748,1.0
spectral_peak,C_retrograde_8mm_16,0.008,16.0,-body_x,3,16.750000000009283,105.2433538953164,0.0786504548401099,0.4403316192125482,85.82621884335279,-1.918190505290038,-1.902785162399553,-2.4123140094013653,66.18727544279032,75.7378731587404,56.63667772684025,107.50914303174022,322.52742909522067,1000000.0,50.0,0.017391126888576598,2.8985211480960995,0.3450035203837834,0.0022619467105846514,0.2380548581544073,0.4209734155812656,0.7082178602647411,-0.3450035203837834,1.0
spectral_peak,C_retrograde_8mm_16,0.008,16.0,-body_x,3,16.750000000009283,105.2433538953164,0.0786504548401099,0.4403316192125482,85.82621884335279,-1.918190505290038,-1.902785162399553,-2.4123140094013653,66.18727544279032,75.7378731587404,56.63667772684025,107.50914303174022,322.52742909522067,1000000.0,100.0,0.012297383755388216,2.0495639592313695,0.48790865759320906,0.004523893421169303,0.4761097163088146,0.4209734155812656,0.6139089464025551,-0.48790865759320906,1.0
spectral_peak,C_retrograde_8mm_16,0.008,16.0,-body_x,3,16.750000000009283,105.2433538953164,0.0786504548401099,0.4403316192125482,85.82621884335279,-1.918190505290038,-1.902785162399553,-2.4123140094013653,66.18727544279032,75.7378731587404,56.63667772684025,107.50914303174022,322.52742909522067,1000000.0,500.0,0.00549955720448994,0.91659286741499,1.090996925189084,0.022619467105846513,2.380548581544073,0.4209734155812656,0.33588147803569873,-1.090996925189084,0.9994197574499021
spectral_peak,C_retrograde_8mm_16,0.008,16.0,-body_x,3,16.750000000009283,105.2433538953164,0.0786504548401099,0.4403316192125482,85.82621884335279,-1.918190505290038,-1.902785162399553,-2.4123140094013653,66.18727544279032,75.7378731587404,56.63667772684025,107.50914303174022,322.52742909522067,3000000.0,10.0,0.022451848270412394,3.741974711735399,0.26723857776586485,0.0013571680263507906,0.14283291489264435,0.4209734155812656,0.7654904206836749,-0.26723857776586485,1.0
spectral_peak,C_retrograde_8mm_16,0.008,16.0,-body_x,3,16.750000000009283,105.2433538953164,0.0786504548401099,0.4403316192125482,85.82621884335279,-1.918190505290038,-1.902785162399553,-2.4123140094013653,66.18727544279032,75.7378731587404,56.63667772684025,107.50914303174022,322.52742909522067,3000000.0,50.0,0.010040771790630638,1.6734619651051064,0.5975636260948377,0.006785840131753954,0.7141645744632218,0.4209734155812656,0.5501503766170723,-0.5975636260948377,1.0
spectral_peak,C_retrograde_8mm_16,0.008,16.0,-body_x,3,16.750000000009283,105.2433538953164,0.0786504548401099,0.4403316192125482,85.82621884335279,-1.918190505290038,-1.902785162399553,-2.4123140094013653,66.18727544279032,75.7378731587404,56.63667772684025,107.50914303174022,322.52742909522067,3000000.0,100.0,0.007099897821501517,1.183316303583586,0.8450825844041646,0.013571680263507907,1.4283291489264436,0.4209734155812656,0.4295218849370465,-0.8450825844041646,1.0
spectral_peak,C_retrograde_8mm_16,0.008,16.0,-body_x,3,16.750000000009283,105.2433538953164,0.0786504548401099,0.4403316192125482,85.82621884335279,-1.918190505290038,-1.902785162399553,-2.4123140094013653,66.18727544279032,75.7378731587404,56.63667772684025,107.50914303174022,322.52742909522067,3000000.0,500.0,0.003175170832436012,0.5291951387393353,1.8896621053289155,0.06785840131753954,7.141645744632219,0.4209734155812656,0.15112286382064555,-1.8896621053289155,0.895642704520842
spectral_peak,C_retrograde_8mm_16,0.008,16.0,-body_x,3,16.750000000009283,105.2433538953164,0.0786504548401099,0.4403316192125482,85.82621884335279,-1.918190505290038,-1.902785162399553,-2.4123140094013653,66.18727544279032,75.7378731587404,56.63667772684025,107.50914303174022,322.52742909522067,6000000.0,10.0,0.015875854162180063,2.645975693696677,0.37793242106578306,0.0027143360527015813,0.2856658297852887,0.4209734155812656,0.6852768093775273,-0.37793242106578306,1.0
spectral_peak,C_retrograde_8mm_16,0.008,16.0,-body_x,3,16.750000000009283,105.2433538953164,0.0786504548401099,0.4403316192125482,85.82621884335279,-1.918190505290038,-1.902785162399553,-2.4123140094013653,66.18727544279032,75.7378731587404,56.63667772684025,107.50914303174022,322.52742909522067,6000000.0,50.0,0.007099897821501517,1.183316303583586,0.8450825844041646,0.013571680263507907,1.4283291489264436,0.4209734155812656,0.4295218849370465,-0.8450825844041646,1.0
spectral_peak,C_retrograde_8mm_16,0.008,16.0,-body_x,3,16.750000000009283,105.2433538953164,0.0786504548401099,0.4403316192125482,85.82621884335279,-1.918190505290038,-1.902785162399553,-2.4123140094013653,66.18727544279032,75.7378731587404,56.63667772684025,107.50914303174022,322.52742909522067,6000000.0,100.0,0.005020385895315319,0.8367309825525532,1.1951272521896754,0.027143360527015815,2.856658297852887,0.4209734155812656,0.3026654368919065,-1.1951272521896754,0.9956477750177282
spectral_peak,C_retrograde_8mm_16,0.008,16.0,-body_x,3,16.750000000009283,105.2433538953164,0.0786504548401099,0.4403316192125482,85.82621884335279,-1.918190505290038,-1.902785162399553,-2.4123140094013653,66.18727544279032,75.7378731587404,56.63667772684025,107.50914303174022,322.52742909522067,6000000.0,500.0,0.002245184827041239,0.37419747117353985,2.6723857776586484,0.13571680263507907,14.283291489264437,0.4209734155812656,0.0690872018303312,-2.6723857776586484,0.7549177034161514
spectral_peak,C_retrograde_8mm_16,0.008,16.0,-body_x,3,16.750000000009283,105.2433538953164,0.0786504548401099,0.4403316192125482,85.82621884335279,-1.918190505290038,-1.902785162399553,-2.4123140094013653,66.18727544279032,75.7378731587404,56.63667772684025,107.50914303174022,322.52742909522067,10000000.0,10.0,0.012297383755388218,2.0495639592313695,0.48790865759320895,0.004523893421169303,0.4761097163088146,0.4209734155812656,0.6139089464025552,-0.48790865759320895,1.0
spectral_peak,C_retrograde_8mm_16,0.008,16.0,-body_x,3,16.750000000009283,105.2433538953164,0.0786504548401099,0.4403316192125482,85.82621884335279,-1.918190505290038,-1.902785162399553,-2.4123140094013653,66.18727544279032,75.7378731587404,56.63667772684025,107.50914303174022,322.52742909522067,10000000.0,50.0,0.00549955720448994,0.91659286741499,1.090996925189084,0.022619467105846513,2.380548581544073,0.4209734155812656,0.33588147803569873,-1.090996925189084,0.9994197574499021
spectral_peak,C_retrograde_8mm_16,0.008,16.0,-body_x,3,16.750000000009283,105.2433538953164,0.0786504548401099,0.4403316192125482,85.82621884335279,-1.918190505290038,-1.902785162399553,-2.4123140094013653,66.18727544279032,75.7378731587404,56.63667772684025,107.50914303174022,322.52742909522067,10000000.0,100.0,0.0038887741928181688,0.6481290321363614,1.5429026481097479,0.045238934211693026,4.761097163088146,0.4209734155812656,0.21375973077460292,-1.5429026481097479,0.9564337372139669
spectral_peak,C_retrograde_8mm_16,0.008,16.0,-body_x,3,16.750000000009283,105.2433538953164,0.0786504548401099,0.4403316192125482,85.82621884335279,-1.918190505290038,-1.902785162399553,-2.4123140094013653,66.18727544279032,75.7378731587404,56.63667772684025,107.50914303174022,322.52742909522067,10000000.0,500.0,0.00173911268885766,0.28985211480961,3.4500352038378335,0.2261946710584651,23.805485815440726,0.4209734155812656,0.03174451882950408,-3.4500352038378335,0.641865306640176
spectral_peak,C_retrograde_8mm_16,0.008,16.0,+body_y,1,5.500000000003048,34.55751918950688,0.274896021072469,0.274896021072469,81.64938939622105,-1.918190505290038,-1.902785162399553,-2.4123140094013653,66.18727544279032,75.7378731587404,56.63667772684025,107.50914303174022,322.52742909522067,1000000.0,10.0,0.06786389575743819,11.310649292906364,0.08841225416008294,0.0004523893421169302,0.01563345337133421,0.1382300767580275,0.9153834282999423,-0.08841225416008294,1.0
spectral_peak,C_retrograde_8mm_16,0.008,16.0,+body_y,1,5.500000000003048,34.55751918950688,0.274896021072469,0.274896021072469,81.64938939622105,-1.918190505290038,-1.902785162399553,-2.4123140094013653,66.18727544279032,75.7378731587404,56.63667772684025,107.50914303174022,322.52742909522067,1000000.0,50.0,0.030349656826318277,5.058276137719712,0.19769581034593403,0.0022619467105846514,0.07816726685667105,0.1382300767580275,0.8206194391184751,-0.19769581034593403,1.0
spectral_peak,C_retrograde_8mm_16,0.008,16.0,+body_y,1,5.500000000003048,34.55751918950688,0.274896021072469,0.274896021072469,81.64938939622105,-1.918190505290038,-1.902785162399553,-2.4123140094013653,66.18727544279032,75.7378731587404,56.63667772684025,107.50914303174022,322.52742909522067,1000000.0,100.0,0.021460448148574247,3.576741358095708,0.27958409621555913,0.004523893421169303,0.1563345337133421,0.1382300767580275,0.7560981401492871,-0.27958409621555913,1.0
spectral_peak,C_retrograde_8mm_16,0.008,16.0,+body_y,1,5.500000000003048,34.55751918950688,0.274896021072469,0.274896021072469,81.64938939622105,-1.918190505290038,-1.902785162399553,-2.4123140094013653,66.18727544279032,75.7378731587404,56.63667772684025,107.50914303174022,322.52742909522067,1000000.0,500.0,0.009597404177564304,1.5995673629273839,0.625169044565832,0.022619467105846513,0.7816726685667105,0.1382300767580275,0.5351709531306015,-0.625169044565832,1.0
spectral_peak,C_retrograde_8mm_16,0.008,16.0,+body_y,1,5.500000000003048,34.55751918950688,0.274896021072469,0.274896021072469,81.64938939622105,-1.918190505290038,-1.902785162399553,-2.4123140094013653,66.18727544279032,75.7378731587404,56.63667772684025,107.50914303174022,322.52742909522067,3000000.0,10.0,0.03918123848381364,6.530206413968941,0.1531345162169565,0.0013571680263507906,0.04690036011400262,0.1382300767580275,0.8580142972109721,-0.1531345162169565,1.0
spectral_peak,C_retrograde_8mm_16,0.008,16.0,+body_y,1,5.500000000003048,34.55751918950688,0.274896021072469,0.274896021072469,81.64938939622105,-1.918190505290038,-1.902785162399553,-2.4123140094013653,66.18727544279032,75.7378731587404,56.63667772684025,107.50914303174022,322.52742909522067,3000000.0,50.0,0.01752238253848762,2.9203970897479365,0.3424191879626587,0.006785840131753954,0.23450180057001313,0.1382300767580275,0.7100504976944249,-0.3424191879626587,1.0
spectral_peak,C_retrograde_8mm_16,0.008,16.0,+body_y,1,5.500000000003048,34.55751918950688,0.274896021072469,0.274896021072469,81.64938939622105,-1.918190505290038,-1.902785162399553,-2.4123140094013653,66.18727544279032,75.7378731587404,56.63667772684025,107.50914303174022,322.52742909522067,3000000.0,100.0,0.012390195515509347,2.0650325859182246,0.4842538596335739,0.013571680263507907,0.46900360114002626,0.1382300767580275,0.616156764726069,-0.4842538596335739,1.0
spectral_peak,C_retrograde_8mm_16,0.008,16.0,+body_y,1,5.500000000003048,34.55751918950688,0.274896021072469,0.274896021072469,81.64938939622105,-1.918190505290038,-1.902785162399553,-2.4123140094013653,66.18727544279032,75.7378731587404,56.63667772684025,107.50914303174022,322.52742909522067,3000000.0,500.0,0.005541063885438389,0.9235106475730648,1.082824548507313,0.06785840131753954,2.345018005700131,0.1382300767580275,0.3386376749945179,-1.082824548507313,0.9995524897857611
spectral_peak,C_retrograde_8mm_16,0.008,16.0,+body_y,1,5.500000000003048,34.55751918950688,0.274896021072469,0.274896021072469,81.64938939622105,-1.918190505290038,-1.902785162399553,-2.4123140094013653,66.18727544279032,75.7378731587404,56.63667772684025,107.50914303174022,322.52742909522067,6000000.0,10.0,0.027705319427191948,4.617553237865325,0.21656490970146255,0.0027143360527015813,0.09380072022800524,0.1382300767580275,0.8052802627247564,-0.21656490970146255,1.0
spectral_peak,C_retrograde_8mm_16,0.008,16.0,+body_y,1,5.500000000003048,34.55751918950688,0.274896021072469,0.274896021072469,81.64938939622105,-1.918190505290038,-1.902785162399553,-2.4123140094013653,66.18727544279032,75.7378731587404,56.63667772684025,107.50914303174022,322.52742909522067,6000000.0,50.0,0.012390195515509347,2.0650325859182246,0.4842538596335739,0.013571680263507907,0.46900360114002626,0.1382300767580275,0.616156764726069,-0.4842538596335739,1.0
spectral_peak,C_retrograde_8mm_16,0.008,16.0,+body_y,1,5.500000000003048,34.55751918950688,0.274896021072469,0.274896021072469,81.64938939622105,-1.918190505290038,-1.902785162399553,-2.4123140094013653,66.18727544279032,75.7378731587404,56.63667772684025,107.50914303174022,322.52742909522067,6000000.0,100.0,0.00876119126924381,1.4601985448739683,0.6848383759253174,0.027143360527015815,0.9380072022800525,0.1382300767580275,0.5041717092761004,-0.6848383759253174,1.0
spectral_peak,C_retrograde_8mm_16,0.008,16.0,+body_y,1,5.500000000003048,34.55751918950688,0.274896021072469,0.274896021072469,81.64938939622105,-1.918190505290038,-1.902785162399553,-2.4123140094013653,66.18727544279032,75.7378731587404,56.63667772684025,107.50914303174022,322.52742909522067,6000000.0,500.0,0.003918123848381364,0.653020641396894,1.531345162169565,0.13571680263507907,4.690036011400262,0.1382300767580275,0.21624458754661055,-1.531345162169565,0.9582255327863486
spectral_peak,C_retrograde_8mm_16,0.008,16.0,+body_y,1,5.500000000003048,34.55751918950688,0.274896021072469,0.274896021072469,81.64938939622105,-1.918190505290038,-1.902785162399553,-2.4123140094013653,66.18727544279032,75.7378731587404,56.63667772684025,107.50914303174022,322.52742909522067,10000000.0,10.0,0.021460448148574247,3.576741358095708,0.27958409621555913,0.004523893421169303,0.1563345337133421,0.1382300767580275,0.7560981401492871,-0.27958409621555913,1.0
spectral_peak,C_retrograde_8mm_16,0.008,16.0,+body_y,1,5.500000000003048,34.55751918950688,0.274896021072469,0.274896021072469,81.64938939622105,-1.918190505290038,-1.902785162399553,-2.4123140094013653,66.18727544279032,75.7378731587404,56.63667772684025,107.50914303174022,322.52742909522067,10000000.0,50.0,0.009597404177564304,1.5995673629273839,0.625169044565832,0.022619467105846513,0.7816726685667105,0.1382300767580275,0.5351709531306015,-0.625169044565832,1.0
spectral_peak,C_retrograde_8mm_16,0.008,16.0,+body_y,1,5.500000000003048,34.55751918950688,0.274896021072469,0.274896021072469,81.64938939622105,-1.918190505290038,-1.902785162399553,-2.4123140094013653,66.18727544279032,75.7378731587404,56.63667772684025,107.50914303174022,322.52742909522067,10000000.0,100.0,0.006786389575743819,1.1310649292906365,0.8841225416008295,0.045238934211693026,1.563345337133421,0.1382300767580275,0.4130764717245116,-0.8841225416008295,1.0
spectral_peak,C_retrograde_8mm_16,0.008,16.0,+body_y,1,5.500000000003048,34.55751918950688,0.274896021072469,0.274896021072469,81.64938939622105,-1.918190505290038,-1.902785162399553,-2.4123140094013653,66.18727544279032,75.7378731587404,56.63667772684025,107.50914303174022,322.52742909522067,10000000.0,500.0,0.0030349656826318275,0.5058276137719713,1.9769581034593404,0.2261946710584651,7.816726685667104,0.1382300767580275,0.1384898690810568,-1.9769581034593404,0.8793199666176363
spectral_peak,C_retrograde_8mm_16,0.008,16.0,+body_y,2,16.500000000009145,103.67255756852063,0.06377679315569393,0.338672814228163,81.64938939622105,-1.918190505290038,-1.902785162399553,-2.4123140094013653,66.18727544279032,75.7378731587404,56.63667772684025,107.50914303174022,322.52742909522067,1000000.0,10.0,0.03918123848381364,6.530206413968941,0.1531345162169565,0.0004523893421169302,0.04690036011400262,0.4146902302740825,0.8580142972109721,-0.1531345162169565,1.0
spectral_peak,C_retrograde_8mm_16,0.008,16.0,+body_y,2,16.500000000009145,103.67255756852063,0.06377679315569393,0.338672814228163,81.64938939622105,-1.918190505290038,-1.902785162399553,-2.4123140094013653,66.18727544279032,75.7378731587404,56.63667772684025,107.50914303174022,322.52742909522067,1000000.0,50.0,0.01752238253848762,2.9203970897479365,0.3424191879626587,0.0022619467105846514,0.23450180057001313,0.4146902302740825,0.7100504976944249,-0.3424191879626587,1.0
spectral_peak,C_retrograde_8mm_16,0.008,16.0,+body_y,2,16.500000000009145,103.67255756852063,0.06377679315569393,0.338672814228163,81.64938939622105,-1.918190505290038,-1.902785162399553,-2.4123140094013653,66.18727544279032,75.7378731587404,56.63667772684025,107.50914303174022,322.52742909522067,1000000.0,100.0,0.012390195515509347,2.0650325859182246,0.4842538596335739,0.004523893421169303,0.46900360114002626,0.4146902302740825,0.616156764726069,-0.4842538596335739,1.0
spectral_peak,C_retrograde_8mm_16,0.008,16.0,+body_y,2,16.500000000009145,103.67255756852063,0.06377679315569393,0.338672814228163,81.64938939622105,-1.918190505290038,-1.902785162399553,-2.4123140094013653,66.18727544279032,75.7378731587404,56.63667772684025,107.50914303174022,322.52742909522067,1000000.0,500.0,0.00554106388543839,0.923510647573065,1.0828245485073127,0.022619467105846513,2.3450180057001315,0.4146902302740825,0.33863767499451797,-1.0828245485073127,0.9995524897857611
spectral_peak,C_retrograde_8mm_16,0.008,16.0,+body_y,2,16.500000000009145,103.67255756852063,0.06377679315569393,0.338672814228163,81.64938939622105,-1.918190505290038,-1.902785162399553,-2.4123140094013653,66.18727544279032,75.7378731587404,56.63667772684025,107.50914303174022,322.52742909522067,3000000.0,10.0,0.022621298585812733,3.7702164309687887,0.2652367624802488,0.0013571680263507906,0.14070108034200787,0.4146902302740825,0.7670243258940103,-0.2652367624802488,1.0
spectral_peak,C_retrograde_8mm_16,0.008,16.0,+body_y,2,16.500000000009145,103.67255756852063,0.06377679315569393,0.338672814228163,81.64938939622105,-1.918190505290038,-1.902785162399553,-2.4123140094013653,66.18727544279032,75.7378731587404,56.63667772684025,107.50914303174022,322.52742909522067,3000000.0,50.0,0.010116552275439426,1.686092045906571,0.593087431037802,0.006785840131753954,0.7035054017100394,0.4146902302740825,0.5526184767413308,-0.593087431037802,1.0
spectral_peak,C_retrograde_8mm_16,0.008,16.0,+body_y,2,16.500000000009145,103.67255756852063,0.06377679315569393,0.338672814228163,81.64938939622105,-1.918190505290038,-1.902785162399553,-2.4123140094013653,66.18727544279032,75.7378731587404,56.63667772684025,107.50914303174022,322.52742909522067,3000000.0,100.0,0.007153482716191415,1.1922471193652358,0.8387522886466774,0.013571680263507907,1.4070108034200788,0.4146902302740825,0.4322495097302509,-0.8387522886466774,1.0
spectral_peak,C_retrograde_8mm_16,0.008,16.0,+body_y,2,16.500000000009145,103.67255756852063,0.06377679315569393,0.338672814228163,81.64938939622105,-1.918190505290038,-1.902785162399553,-2.4123140094013653,66.18727544279032,75.7378731587404,56.63667772684025,107.50914303174022,322.52742909522067,3000000.0,500.0,0.003199134725854768,0.5331891209757946,1.8755071336974958,0.06785840131753954,7.035054017100394,0.4146902302740825,0.1532772150904968,-1.8755071336974958,0.8982761225110268
spectral_peak,C_retrograde_8mm_16,0.008,16.0,+body_y,2,16.500000000009145,103.67255756852063,0.06377679315569393,0.338672814228163,81.64938939622105,-1.918190505290038,-1.902785162399553,-2.4123140094013653,66.18727544279032,75.7378731587404,56.63667772684025,107.50914303174022,322.52742909522067,6000000.0,10.0,0.01599567362927384,2.6659456048789734,0.3751014267394992,0.0027143360527015813,0.28140216068401575,0.4146902302740825,0.6872195728154163,-0.3751014267394992,1.0
spectral_peak,C_retrograde_8mm_16,0.008,16.0,+body_y,2,16.500000000009145,103.67255756852063,0.06377679315569393,0.338672814228163,81.64938939622105,-1.918190505290038,-1.902785162399553,-2.4123140094013653,66.18727544279032,75.7378731587404,56.63667772684025,107.50914303174022,322.52742909522067,6000000.0,50.0,0.007153482716191415,1.1922471193652358,0.8387522886466774,0.013571680263507907,1.4070108034200788,0.4146902302740825,0.4322495097302509,-0.8387522886466774,1.0
spectral_peak,C_retrograde_8mm_16,0.008,16.0,+body_y,2,16.500000000009145,103.67255756852063,0.06377679315569393,0.338672814228163,81.64938939622105,-1.918190505290038,-1.902785162399553,-2.4123140094013653,66.18727544279032,75.7378731587404,56.63667772684025,107.50914303174022,322.52742909522067,6000000.0,100.0,0.005058276137719713,0.8430460229532855,1.186174862075604,0.027143360527015815,2.8140216068401576,0.4146902302740825,0.3053871808359088,-1.186174862075604,0.9961335092617932
spectral_peak,C_retrograde_8mm_16,0.008,16.0,+body_y,2,16.500000000009145,103.67255756852063,0.06377679315569393,0.338672814228163,81.64938939622105,-1.918190505290038,-1.902785162399553,-2.4123140094013653,66.18727544279032,75.7378731587404,56.63667772684025,107.50914303174022,322.52742909522067,6000000.0,500.0,0.0022621298585812732,0.37702164309687886,2.6523676248024883,0.13571680263507907,14.070108034200787,0.4146902302740825,0.0704841353627605,-2.6523676248024883,0.7582208330651719
spectral_peak,C_retrograde_8mm_16,0.008,16.0,+body_y,2,16.500000000009145,103.67255756852063,0.06377679315569393,0.338672814228163,81.64938939622105,-1.918190505290038,-1.902785162399553,-2.4123140094013653,66.18727544279032,75.7378731587404,56.63667772684025,107.50914303174022,322.52742909522067,10000000.0,10.0,0.012390195515509347,2.0650325859182246,0.4842538596335739,0.004523893421169303,0.46900360114002626,0.4146902302740825,0.616156764726069,-0.4842538596335739,1.0
spectral_peak,C_retrograde_8mm_16,0.008,16.0,+body_y,2,16.500000000009145,103.67255756852063,0.06377679315569393,0.338672814228163,81.64938939622105,-1.918190505290038,-1.902785162399553,-2.4123140094013653,66.18727544279032,75.7378731587404,56.63667772684025,107.50914303174022,322.52742909522067,10000000.0,50.0,0.005541063885438389,0.9235106475730648,1.082824548507313,0.022619467105846513,2.3450180057001315,0.4146902302740825,0.3386376749945179,-1.082824548507313,0.9995524897857611
spectral_peak,C_retrograde_8mm_16,0.008,16.0,+body_y,2,16.500000000009145,103.67255756852063,0.06377679315569393,0.338672814228163,81.64938939622105,-1.918190505290038,-1.902785162399553,-2.4123140094013653,66.18727544279032,75.7378731587404,56.63667772684025,107.50914303174022,322.52742909522067,10000000.0,100.0,0.003918123848381364,0.653020641396894,1.531345162169565,0.045238934211693026,4.690036011400263,0.4146902302740825,0.21624458754661055,-1.531345162169565,0.9582255327863486
spectral_peak,C_retrograde_8mm_16,0.008,16.0,+body_y,2,16.500000000009145,103.67255756852063,0.06377679315569393,0.338672814228163,81.64938939622105,-1.918190505290038,-1.902785162399553,-2.4123140094013653,66.18727544279032,75.7378731587404,56.63667772684025,107.50914303174022,322.52742909522067,10000000.0,500.0,0.001752238253848762,0.29203970897479364,3.424191879626586,0.2261946710584651,23.45018005700131,0.4146902302740825,0.032575595357367176,-3.424191879626586,0.6451647986895567
spectral_peak,C_retrograde_8mm_16,0.008,16.0,+body_y,3,11.250000000006235,70.68583470580953,0.0618873311346896,0.40056014536285256,81.64938939622105,-1.918190505290038,-1.902785162399553,-2.4123140094013653,66.18727544279032,75.7378731587404,56.63667772684025,107.50914303174022,322.52742909522067,1000000.0,10.0,0.04745083622779865,7.908472704633108,0.12644666515876812,0.0004523893421169302,0.03197751825954724,0.2827433388232381,0.8812211480801977,-0.12644666515876812,1.0
spectral_peak,C_retrograde_8mm_16,0.008,16.0,+body_y,3,11.250000000006235,70.68583470580953,0.0618873311346896,0.40056014536285256,81.64938939622105,-1.918190505290038,-1.902785162399553,-2.4123140094013653,66.18727544279032,75.7378731587404,56.63667772684025,107.50914303174022,322.52742909522067,1000000.0,50.0,0.021220659078913497,3.5367765131522493,0.2827433388231598,0.0022619467105846514,0.15988759129773625,0.2827433388232381,0.7537132119564081,-0.2827433388231598,1.0
spectral_peak,C_retrograde_8mm_16,0.008,16.0,+body_y,3,11.250000000006235,70.68583470580953,0.0618873311346896,0.40056014536285256,81.64938939622105,-1.918190505290038,-1.902785162399553,-2.4123140094013653,66.18727544279032,75.7378731587404,56.63667772684025,107.50914303174022,322.52742909522067,1000000.0,100.0,0.01500527193594761,2.500878655991268,0.39985946443436376,0.004523893421169303,0.3197751825954725,0.2827433388232381,0.6704142564622689,-0.39985946443436376,1.0
spectral_peak,C_retrograde_8mm_16,0.008,16.0,+body_y,3,11.250000000006235,70.68583470580953,0.0618873311346896,0.40056014536285256,81.64938939622105,-1.918190505290038,-1.902785162399553,-2.4123140094013653,66.18727544279032,75.7378731587404,56.63667772684025,107.50914303174022,322.52742909522067,1000000.0,500.0,0.006710561613929745,1.1184269356549574,0.8941129439218969,0.022619467105846513,1.5988759129773624,0.2827433388232381,0.4089702173025481,-0.8941129439218969,1.0
spectral_peak,C_retrograde_8mm_16,0.008,16.0,+body_y,3,11.250000000006235,70.68583470580953,0.0618873311346896,0.40056014536285256,81.64938939622105,-1.918190505290038,-1.902785162399553,-2.4123140094013653,66.18727544279032,75.7378731587404,56.63667772684025,107.50914303174022,322.52742909522067,3000000.0,10.0,0.027395753069392396,4.5659588448987325,0.21901204850263575,0.0013571680263507906,0.09593255477864174,0.2827433388232381,0.8033120393880954,-0.21901204850263575,1.0
spectral_peak,C_retrograde_8mm_16,0.008,16.0,+body_y,3,11.250000000006235,70.68583470580953,0.0618873311346896,0.40056014536285256,81.64938939622105,-1.918190505290038,-1.902785162399553,-2.4123140094013653,66.18727544279032,75.7378731587404,56.63667772684025,107.50914303174022,322.52742909522067,3000000.0,50.0,0.012251753231591984,2.0419588719319974,0.4897258283433745,0.006785840131753954,0.4796627738932087,0.2827433388232381,0.6127943820054994,-0.4897258283433745,1.0
spectral_peak,C_retrograde_8mm_16,0.008,16.0,+body_y,3,11.250000000006235,70.68583470580953,0.0618873311346896,0.40056014536285256,81.64938939622105,-1.918190505290038,-1.902785162399553,-2.4123140094013653,66.18727544279032,75.7378731587404,56.63667772684025,107.50914303174022,322.52742909522067,3000000.0,100.0,0.00866329779148289,1.4438829652471483,0.6925769082875985,0.013571680263507907,0.9593255477864174,0.2827433388232381,0.5002852174542466,-0.6925769082875985,1.0
spectral_peak,C_retrograde_8mm_16,0.008,16.0,+body_y,3,11.250000000006235,70.68583470580953,0.0618873311346896,0.40056014536285256,81.64938939622105,-1.918190505290038,-1.902785162399553,-2.4123140094013653,66.18727544279032,75.7378731587404,56.63667772684025,107.50914303174022,322.52742909522067,3000000.0,500.0,0.0038743445542159076,0.6457240923693179,1.5486490465777079,0.06785840131753954,4.796627738932087,0.2827433388232381,0.21253490472485906,-1.5486490465777079,0.9555343282122849
spectral_peak,C_retrograde_8mm_16,0.008,16.0,+body_y,3,11.250000000006235,70.68583470580953,0.0618873311346896,0.40056014536285256,81.64938939622105,-1.918190505290038,-1.902785162399553,-2.4123140094013653,66.18727544279032,75.7378731587404,56.63667772684025,107.50914303174022,322.52742909522067,6000000.0,10.0,0.019371722771079538,3.2286204618465897,0.30972980931554156,0.0027143360527015813,0.19186510955728348,0.2827433388232381,0.733645153533733,-0.30972980931554156,1.0
spectral_peak,C_retrograde_8mm_16,0.008,16.0,+body_y,3,11.250000000006235,70.68583470580953,0.0618873311346896,0.40056014536285256,81.64938939622105,-1.918190505290038,-1.902785162399553,-2.4123140094013653,66.18727544279032,75.7378731587404,56.63667772684025,107.50914303174022,322.52742909522067,6000000.0,50.0,0.00866329779148289,1.4438829652471483,0.6925769082875985,0.013571680263507907,0.9593255477864174,0.2827433388232381,0.5002852174542466,-0.6925769082875985,1.0
spectral_peak,C_retrograde_8mm_16,0.008,16.0,+body_y,3,11.250000000006235,70.68583470580953,0.0618873311346896,0.40056014536285256,81.64938939622105,-1.918190505290038,-1.902785162399553,-2.4123140094013653,66.18727544279032,75.7378731587404,56.63667772684025,107.50914303174022,322.52742909522067,6000000.0,100.0,0.006125876615795992,1.0209794359659987,0.979451656686749,0.027143360527015815,1.9186510955728349,0.2827433388232381,0.3755169546175019,-0.979451656686749,1.0
spectral_peak,C_retrograde_8mm_16,0.008,16.0,+body_y,3,11.250000000006235,70.68583470580953,0.0618873311346896,0.40056014536285256,81.64938939622105,-1.918190505290038,-1.902785162399553,-2.4123140094013653,66.18727544279032,75.7378731587404,56.63667772684025,107.50914303174022,322.52742909522067,6000000.0,500.0,0.00273957530693924,0.4565958844898733,2.1901204850263576,0.13571680263507907,9.593255477864174,0.2827433388232381,0.11190326513721689,-2.1901204850263576,0.8395392677409443
spectral_peak,C_retrograde_8mm_16,0.008,16.0,+body_y,3,11.250000000006235,70.68583470580953,0.0618873311346896,0.40056014536285256,81.64938939622105,-1.918190505290038,-1.902785162399553,-2.4123140094013653,66.18727544279032,75.7378731587404,56.63667772684025,107.50914303174022,322.52742909522067,10000000.0,10.0,0.01500527193594761,2.500878655991268,0.39985946443436376,0.004523893421169303,0.3197751825954725,0.2827433388232381,0.6704142564622689,-0.39985946443436376,1.0
spectral_peak,C_retrograde_8mm_16,0.008,16.0,+body_y,3,11.250000000006235,70.68583470580953,0.0618873311346896,0.40056014536285256,81.64938939622105,-1.918190505290038,-1.902785162399553,-2.4123140094013653,66.18727544279032,75.7378731587404,56.63667772684025,107.50914303174022,322.52742909522067,10000000.0,50.0,0.006710561613929745,1.1184269356549574,0.8941129439218969,0.022619467105846513,1.5988759129773624,0.2827433388232381,0.4089702173025481,-0.8941129439218969,1.0
spectral_peak,C_retrograde_8mm_16,0.008,16.0,+body_y,3,11.250000000006235,70.68583470580953,0.0618873311346896,0.40056014536285256,81.64938939622105,-1.918190505290038,-1.902785162399553,-2.4123140094013653,66.18727544279032,75.7378731587404,56.63667772684025,107.50914303174022,322.52742909522067,10000000.0,100.0,0.004745083622779865,0.7908472704633108,1.2644666515876815,0.045238934211693026,3.197751825954725,0.2827433388232381,0.2823898681711212,-1.2644666515876815,0.9908506422341637
spectral_peak,C_retrograde_8mm_16,0.008,16.0,+body_y,3,11.250000000006235,70.68583470580953,0.0618873311346896,0.40056014536285256,81.64938939622105,-1.918190505290038,-1.902785162399553,-2.4123140094013653,66.18727544279032,75.7378731587404,56.63667772684025,107.50914303174022,322.52742909522067,10000000.0,500.0,0.0021220659078913496,0.35367765131522494,2.8274333882315976,0.2261946710584651,15.988759129773623,0.2827433388232381,0.05916451129403121,-2.8274333882315976,0.730010098800287
spectral_peak,C_retrograde_8mm_16,0.008,16.0,-body_y,1,5.500000000003048,34.55751918950688,0.3946779727429267,0.3946779727429267,81.79077845162124,-1.918190505290038,-1.902785162399553,-2.4123140094013653,66.18727544279032,75.7378731587404,56.63667772684025,107.50914303174022,322.52742909522067,1000000.0,10.0,0.06786389575743819,11.310649292906364,0.08841225416008294,0.0004523893421169302,0.01563345337133421,0.1382300767580275,0.9153834282999423,-0.08841225416008294,1.0
spectral_peak,C_retrograde_8mm_16,0.008,16.0,-body_y,1,5.500000000003048,34.55751918950688,0.3946779727429267,0.3946779727429267,81.79077845162124,-1.918190505290038,-1.902785162399553,-2.4123140094013653,66.18727544279032,75.7378731587404,56.63667772684025,107.50914303174022,322.52742909522067,1000000.0,50.0,0.030349656826318277,5.058276137719712,0.19769581034593403,0.0022619467105846514,0.07816726685667105,0.1382300767580275,0.8206194391184751,-0.19769581034593403,1.0
spectral_peak,C_retrograde_8mm_16,0.008,16.0,-body_y,1,5.500000000003048,34.55751918950688,0.3946779727429267,0.3946779727429267,81.79077845162124,-1.918190505290038,-1.902785162399553,-2.4123140094013653,66.18727544279032,75.7378731587404,56.63667772684025,107.50914303174022,322.52742909522067,1000000.0,100.0,0.021460448148574247,3.576741358095708,0.27958409621555913,0.004523893421169303,0.1563345337133421,0.1382300767580275,0.7560981401492871,-0.27958409621555913,1.0
spectral_peak,C_retrograde_8mm_16,0.008,16.0,-body_y,1,5.500000000003048,34.55751918950688,0.3946779727429267,0.3946779727429267,81.79077845162124,-1.918190505290038,-1.902785162399553,-2.4123140094013653,66.18727544279032,75.7378731587404,56.63667772684025,107.50914303174022,322.52742909522067,1000000.0,500.0,0.009597404177564304,1.5995673629273839,0.625169044565832,0.022619467105846513,0.7816726685667105,0.1382300767580275,0.5351709531306015,-0.625169044565832,1.0
spectral_peak,C_retrograde_8mm_16,0.008,16.0,-body_y,1,5.500000000003048,34.55751918950688,0.3946779727429267,0.3946779727429267,81.79077845162124,-1.918190505290038,-1.902785162399553,-2.4123140094013653,66.18727544279032,75.7378731587404,56.63667772684025,107.50914303174022,322.52742909522067,3000000.0,10.0,0.03918123848381364,6.530206413968941,0.1531345162169565,0.0013571680263507906,0.04690036011400262,0.1382300767580275,0.8580142972109721,-0.1531345162169565,1.0
spectral_peak,C_retrograde_8mm_16,0.008,16.0,-body_y,1,5.500000000003048,34.55751918950688,0.3946779727429267,0.3946779727429267,81.79077845162124,-1.918190505290038,-1.902785162399553,-2.4123140094013653,66.18727544279032,75.7378731587404,56.63667772684025,107.50914303174022,322.52742909522067,3000000.0,50.0,0.01752238253848762,2.9203970897479365,0.3424191879626587,0.006785840131753954,0.23450180057001313,0.1382300767580275,0.7100504976944249,-0.3424191879626587,1.0
spectral_peak,C_retrograde_8mm_16,0.008,16.0,-body_y,1,5.500000000003048,34.55751918950688,0.3946779727429267,0.3946779727429267,81.79077845162124,-1.918190505290038,-1.902785162399553,-2.4123140094013653,66.18727544279032,75.7378731587404,56.63667772684025,107.50914303174022,322.52742909522067,3000000.0,100.0,0.012390195515509347,2.0650325859182246,0.4842538596335739,0.013571680263507907,0.46900360114002626,0.1382300767580275,0.616156764726069,-0.4842538596335739,1.0
spectral_peak,C_retrograde_8mm_16,0.008,16.0,-body_y,1,5.500000000003048,34.55751918950688,0.3946779727429267,0.3946779727429267,81.79077845162124,-1.918190505290038,-1.902785162399553,-2.4123140094013653,66.18727544279032,75.7378731587404,56.63667772684025,107.50914303174022,322.52742909522067,3000000.0,500.0,0.005541063885438389,0.9235106475730648,1.082824548507313,0.06785840131753954,2.345018005700131,0.1382300767580275,0.3386376749945179,-1.082824548507313,0.9995524897857611
spectral_peak,C_retrograde_8mm_16,0.008,16.0,-body_y,1,5.500000000003048,34.55751918950688,0.3946779727429267,0.3946779727429267,81.79077845162124,-1.918190505290038,-1.902785162399553,-2.4123140094013653,66.18727544279032,75.7378731587404,56.63667772684025,107.50914303174022,322.52742909522067,6000000.0,10.0,0.027705319427191948,4.617553237865325,0.21656490970146255,0.0027143360527015813,0.09380072022800524,0.1382300767580275,0.8052802627247564,-0.21656490970146255,1.0
spectral_peak,C_retrograde_8mm_16,0.008,16.0,-body_y,1,5.500000000003048,34.55751918950688,0.3946779727429267,0.3946779727429267,81.79077845162124,-1.918190505290038,-1.902785162399553,-2.4123140094013653,66.18727544279032,75.7378731587404,56.63667772684025,107.50914303174022,322.52742909522067,6000000.0,50.0,0.012390195515509347,2.0650325859182246,0.4842538596335739,0.013571680263507907,0.46900360114002626,0.1382300767580275,0.616156764726069,-0.4842538596335739,1.0
spectral_peak,C_retrograde_8mm_16,0.008,16.0,-body_y,1,5.500000000003048,34.55751918950688,0.3946779727429267,0.3946779727429267,81.79077845162124,-1.918190505290038,-1.902785162399553,-2.4123140094013653,66.18727544279032,75.7378731587404,56.63667772684025,107.50914303174022,322.52742909522067,6000000.0,100.0,0.00876119126924381,1.4601985448739683,0.6848383759253174,0.027143360527015815,0.9380072022800525,0.1382300767580275,0.5041717092761004,-0.6848383759253174,1.0
spectral_peak,C_retrograde_8mm_16,0.008,16.0,-body_y,1,5.500000000003048,34.55751918950688,0.3946779727429267,0.3946779727429267,81.79077845162124,-1.918190505290038,-1.902785162399553,-2.4123140094013653,66.18727544279032,75.7378731587404,56.63667772684025,107.50914303174022,322.52742909522067,6000000.0,500.0,0.003918123848381364,0.653020641396894,1.531345162169565,0.13571680263507907,4.690036011400262,0.1382300767580275,0.21624458754661055,-1.531345162169565,0.9582255327863486
spectral_peak,C_retrograde_8mm_16,0.008,16.0,-body_y,1,5.500000000003048,34.55751918950688,0.3946779727429267,0.3946779727429267,81.79077845162124,-1.918190505290038,-1.902785162399553,-2.4123140094013653,66.18727544279032,75.7378731587404,56.63667772684025,107.50914303174022,322.52742909522067,10000000.0,10.0,0.021460448148574247,3.576741358095708,0.27958409621555913,0.004523893421169303,0.1563345337133421,0.1382300767580275,0.7560981401492871,-0.27958409621555913,1.0
spectral_peak,C_retrograde_8mm_16,0.008,16.0,-body_y,1,5.500000000003048,34.55751918950688,0.3946779727429267,0.3946779727429267,81.79077845162124,-1.918190505290038,-1.902785162399553,-2.4123140094013653,66.18727544279032,75.7378731587404,56.63667772684025,107.50914303174022,322.52742909522067,10000000.0,50.0,0.009597404177564304,1.5995673629273839,0.625169044565832,0.022619467105846513,0.7816726685667105,0.1382300767580275,0.5351709531306015,-0.625169044565832,1.0
spectral_peak,C_retrograde_8mm_16,0.008,16.0,-body_y,1,5.500000000003048,34.55751918950688,0.3946779727429267,0.3946779727429267,81.79077845162124,-1.918190505290038,-1.902785162399553,-2.4123140094013653,66.18727544279032,75.7378731587404,56.63667772684025,107.50914303174022,322.52742909522067,10000000.0,100.0,0.006786389575743819,1.1310649292906365,0.8841225416008295,0.045238934211693026,1.563345337133421,0.1382300767580275,0.4130764717245116,-0.8841225416008295,1.0
spectral_peak,C_retrograde_8mm_16,0.008,16.0,-body_y,1,5.500000000003048,34.55751918950688,0.3946779727429267,0.3946779727429267,81.79077845162124,-1.918190505290038,-1.902785162399553,-2.4123140094013653,66.18727544279032,75.7378731587404,56.63667772684025,107.50914303174022,322.52742909522067,10000000.0,500.0,0.0030349656826318275,0.5058276137719713,1.9769581034593404,0.2261946710584651,7.816726685667104,0.1382300767580275,0.1384898690810568,-1.9769581034593404,0.8793199666176363
spectral_peak,C_retrograde_8mm_16,0.008,16.0,-body_y,2,16.500000000009145,103.67255756852063,0.09467441600818347,0.4893523887511102,81.79077845162124,-1.918190505290038,-1.902785162399553,-2.4123140094013653,66.18727544279032,75.7378731587404,56.63667772684025,107.50914303174022,322.52742909522067,1000000.0,10.0,0.03918123848381364,6.530206413968941,0.1531345162169565,0.0004523893421169302,0.04690036011400262,0.4146902302740825,0.8580142972109721,-0.1531345162169565,1.0
spectral_peak,C_retrograde_8mm_16,0.008,16.0,-body_y,2,16.500000000009145,103.67255756852063,0.09467441600818347,0.4893523887511102,81.79077845162124,-1.918190505290038,-1.902785162399553,-2.4123140094013653,66.18727544279032,75.7378731587404,56.63667772684025,107.50914303174022,322.52742909522067,1000000.0,50.0,0.01752238253848762,2.9203970897479365,0.3424191879626587,0.0022619467105846514,0.23450180057001313,0.4146902302740825,0.7100504976944249,-0.3424191879626587,1.0
spectral_peak,C_retrograde_8mm_16,0.008,16.0,-body_y,2,16.500000000009145,103.67255756852063,0.09467441600818347,0.4893523887511102,81.79077845162124,-1.918190505290038,-1.902785162399553,-2.4123140094013653,66.18727544279032,75.7378731587404,56.63667772684025,107.50914303174022,322.52742909522067,1000000.0,100.0,0.012390195515509347,2.0650325859182246,0.4842538596335739,0.004523893421169303,0.46900360114002626,0.4146902302740825,0.616156764726069,-0.4842538596335739,1.0
spectral_peak,C_retrograde_8mm_16,0.008,16.0,-body_y,2,16.500000000009145,103.67255756852063,0.09467441600818347,0.4893523887511102,81.79077845162124,-1.918190505290038,-1.902785162399553,-2.4123140094013653,66.18727544279032,75.7378731587404,56.63667772684025,107.50914303174022,322.52742909522067,1000000.0,500.0,0.00554106388543839,0.923510647573065,1.0828245485073127,0.022619467105846513,2.3450180057001315,0.4146902302740825,0.33863767499451797,-1.0828245485073127,0.9995524897857611
spectral_peak,C_retrograde_8mm_16,0.008,16.0,-body_y,2,16.500000000009145,103.67255756852063,0.09467441600818347,0.4893523887511102,81.79077845162124,-1.918190505290038,-1.902785162399553,-2.4123140094013653,66.18727544279032,75.7378731587404,56.63667772684025,107.50914303174022,322.52742909522067,3000000.0,10.0,0.022621298585812733,3.7702164309687887,0.2652367624802488,0.0013571680263507906,0.14070108034200787,0.4146902302740825,0.7670243258940103,-0.2652367624802488,1.0
spectral_peak,C_retrograde_8mm_16,0.008,16.0,-body_y,2,16.500000000009145,103.67255756852063,0.09467441600818347,0.4893523887511102,81.79077845162124,-1.918190505290038,-1.902785162399553,-2.4123140094013653,66.18727544279032,75.7378731587404,56.63667772684025,107.50914303174022,322.52742909522067,3000000.0,50.0,0.010116552275439426,1.686092045906571,0.593087431037802,0.006785840131753954,0.7035054017100394,0.4146902302740825,0.5526184767413308,-0.593087431037802,1.0
spectral_peak,C_retrograde_8mm_16,0.008,16.0,-body_y,2,16.500000000009145,103.67255756852063,0.09467441600818347,0.4893523887511102,81.79077845162124,-1.918190505290038,-1.902785162399553,-2.4123140094013653,66.18727544279032,75.7378731587404,56.63667772684025,107.50914303174022,322.52742909522067,3000000.0,100.0,0.007153482716191415,1.1922471193652358,0.8387522886466774,0.013571680263507907,1.4070108034200788,0.4146902302740825,0.4322495097302509,-0.8387522886466774,1.0
spectral_peak,C_retrograde_8mm_16,0.008,16.0,-body_y,2,16.500000000009145,103.67255756852063,0.09467441600818347,0.4893523887511102,81.79077845162124,-1.918190505290038,-1.902785162399553,-2.4123140094013653,66.18727544279032,75.7378731587404,56.63667772684025,107.50914303174022,322.52742909522067,3000000.0,500.0,0.003199134725854768,0.5331891209757946,1.8755071336974958,0.06785840131753954,7.035054017100394,0.4146902302740825,0.1532772150904968,-1.8755071336974958,0.8982761225110268
spectral_peak,C_retrograde_8mm_16,0.008,16.0,-body_y,2,16.500000000009145,103.67255756852063,0.09467441600818347,0.4893523887511102,81.79077845162124,-1.918190505290038,-1.902785162399553,-2.4123140094013653,66.18727544279032,75.7378731587404,56.63667772684025,107.50914303174022,322.52742909522067,6000000.0,10.0,0.01599567362927384,2.6659456048789734,0.3751014267394992,0.0027143360527015813,0.28140216068401575,0.4146902302740825,0.6872195728154163,-0.3751014267394992,1.0
spectral_peak,C_retrograde_8mm_16,0.008,16.0,-body_y,2,16.500000000009145,103.67255756852063,0.09467441600818347,0.4893523887511102,81.79077845162124,-1.918190505290038,-1.902785162399553,-2.4123140094013653,66.18727544279032,75.7378731587404,56.63667772684025,107.50914303174022,322.52742909522067,6000000.0,50.0,0.007153482716191415,1.1922471193652358,0.8387522886466774,0.013571680263507907,1.4070108034200788,0.4146902302740825,0.4322495097302509,-0.8387522886466774,1.0
spectral_peak,C_retrograde_8mm_16,0.008,16.0,-body_y,2,16.500000000009145,103.67255756852063,0.09467441600818347,0.4893523887511102,81.79077845162124,-1.918190505290038,-1.902785162399553,-2.4123140094013653,66.18727544279032,75.7378731587404,56.63667772684025,107.50914303174022,322.52742909522067,6000000.0,100.0,0.005058276137719713,0.8430460229532855,1.186174862075604,0.027143360527015815,2.8140216068401576,0.4146902302740825,0.3053871808359088,-1.186174862075604,0.9961335092617932
spectral_peak,C_retrograde_8mm_16,0.008,16.0,-body_y,2,16.500000000009145,103.67255756852063,0.09467441600818347,0.4893523887511102,81.79077845162124,-1.918190505290038,-1.902785162399553,-2.4123140094013653,66.18727544279032,75.7378731587404,56.63667772684025,107.50914303174022,322.52742909522067,6000000.0,500.0,0.0022621298585812732,0.37702164309687886,2.6523676248024883,0.13571680263507907,14.070108034200787,0.4146902302740825,0.0704841353627605,-2.6523676248024883,0.7582208330651719
spectral_peak,C_retrograde_8mm_16,0.008,16.0,-body_y,2,16.500000000009145,103.67255756852063,0.09467441600818347,0.4893523887511102,81.79077845162124,-1.918190505290038,-1.902785162399553,-2.4123140094013653,66.18727544279032,75.7378731587404,56.63667772684025,107.50914303174022,322.52742909522067,10000000.0,10.0,0.012390195515509347,2.0650325859182246,0.4842538596335739,0.004523893421169303,0.46900360114002626,0.4146902302740825,0.616156764726069,-0.4842538596335739,1.0
spectral_peak,C_retrograde_8mm_16,0.008,16.0,-body_y,2,16.500000000009145,103.67255756852063,0.09467441600818347,0.4893523887511102,81.79077845162124,-1.918190505290038,-1.902785162399553,-2.4123140094013653,66.18727544279032,75.7378731587404,56.63667772684025,107.50914303174022,322.52742909522067,10000000.0,50.0,0.005541063885438389,0.9235106475730648,1.082824548507313,0.022619467105846513,2.3450180057001315,0.4146902302740825,0.3386376749945179,-1.082824548507313,0.9995524897857611
spectral_peak,C_retrograde_8mm_16,0.008,16.0,-body_y,2,16.500000000009145,103.67255756852063,0.09467441600818347,0.4893523887511102,81.79077845162124,-1.918190505290038,-1.902785162399553,-2.4123140094013653,66.18727544279032,75.7378731587404,56.63667772684025,107.50914303174022,322.52742909522067,10000000.0,100.0,0.003918123848381364,0.653020641396894,1.531345162169565,0.045238934211693026,4.690036011400263,0.4146902302740825,0.21624458754661055,-1.531345162169565,0.9582255327863486
spectral_peak,C_retrograde_8mm_16,0.008,16.0,-body_y,2,16.500000000009145,103.67255756852063,0.09467441600818347,0.4893523887511102,81.79077845162124,-1.918190505290038,-1.902785162399553,-2.4123140094013653,66.18727544279032,75.7378731587404,56.63667772684025,107.50914303174022,322.52742909522067,10000000.0,500.0,0.001752238253848762,0.29203970897479364,3.424191879626586,0.2261946710584651,23.45018005700131,0.4146902302740825,0.032575595357367176,-3.424191879626586,0.6451647986895567
spectral_peak,C_retrograde_8mm_16,0.008,16.0,-body_y,3,6.5000000000036025,40.840704496689945,0.035613461658938333,0.5249658504100485,81.79077845162124,-1.918190505290038,-1.902785162399553,-2.4123140094013653,66.18727544279032,75.7378731587404,56.63667772684025,107.50914303174022,322.52742909522067,1000000.0,10.0,0.06242570465462297,10.404284109103829,0.0961142534665112,0.0004523893421169302,0.018475899438849516,0.16336281798675978,0.9083602268349223,-0.0961142534665112,1.0
spectral_peak,C_retrograde_8mm_16,0.008,16.0,-body_y,3,6.5000000000036025,40.840704496689945,0.035613461658938333,0.5249658504100485,81.79077845162124,-1.918190505290038,-1.902785162399553,-2.4123140094013653,66.18727544279032,75.7378731587404,56.63667772684025,107.50914303174022,322.52742909522067,1000000.0,50.0,0.027917623830212398,4.652937305035399,0.21491800435776384,0.0022619467105846514,0.0923794971942476,0.16336281798675978,0.8066075757720825,-0.21491800435776384,1.0
spectral_peak,C_retrograde_8mm_16,0.008,16.0,-body_y,3,6.5000000000036025,40.840704496689945,0.035613461658938333,0.5249658504100485,81.79077845162124,-1.918190505290038,-1.902785162399553,-2.4123140094013653,66.18727544279032,75.7378731587404,56.63667772684025,107.50914303174022,322.52742909522067,1000000.0,100.0,0.019740741124958345,3.290123520826391,0.30393995656090955,0.004523893421169303,0.1847589943884952,0.16336281798675978,0.7379051714846832,-0.30393995656090955,1.0
spectral_peak,C_retrograde_8mm_16,0.008,16.0,-body_y,3,6.5000000000036025,40.840704496689945,0.035613461658938333,0.5249658504100485,81.79077845162124,-1.918190505290038,-1.902785162399553,-2.4123140094013653,66.18727544279032,75.7378731587404,56.63667772684025,107.50914303174022,322.52742909522067,1000000.0,500.0,0.008828327816326505,1.4713879693877507,0.679630403948527,0.022619467105846513,0.923794971942476,0.16336281798675978,0.5068042706120954,-0.679630403948527,1.0
spectral_peak,C_retrograde_8mm_16,0.008,16.0,-body_y,3,6.5000000000036025,40.840704496689945,0.035613461658938333,0.5249658504100485,81.79077845162124,-1.918190505290038,-1.902785162399553,-2.4123140094013653,66.18727544279032,75.7378731587404,56.63667772684025,107.50914303174022,322.52742909522067,3000000.0,10.0,0.036041497386698644,6.00691623111644,0.1664747703355505,0.0013571680263507906,0.055427698316548556,0.16336281798675978,0.8466441772144814,-0.1664747703355505,1.0
spectral_peak,C_retrograde_8mm_16,0.008,16.0,-body_y,3,6.5000000000036025,40.840704496689945,0.035613461658938333,0.5249658504100485,81.79077845162124,-1.918190505290038,-1.902785162399553,-2.4123140094013653,66.18727544279032,75.7378731587404,56.63667772684025,107.50914303174022,322.52742909522067,3000000.0,50.0,0.016118247633507842,2.6863746055846405,0.3722489030089563,0.006785840131753954,0.2771384915827428,0.16336281798675978,0.6891826815309308,-0.3722489030089563,1.0
spectral_peak,C_retrograde_8mm_16,0.008,16.0,-body_y,3,6.5000000000036025,40.840704496689945,0.035613461658938333,0.5249658504100485,81.79077845162124,-1.918190505290038,-1.902785162399553,-2.4123140094013653,66.18727544279032,75.7378731587404,56.63667772684025,107.50914303174022,322.52742909522067,3000000.0,100.0,0.011397322202497416,1.899553700416236,0.5264394472137729,0.013571680263507907,0.5542769831654856,0.16336281798675978,0.5907044642056406,-0.5264394472137729,1.0
spectral_peak,C_retrograde_8mm_16,0.008,16.0,-body_y,3,6.5000000000036025,40.840704496689945,0.035613461658938333,0.5249658504100485,81.79077845162124,-1.918190505290038,-1.902785162399553,-2.4123140094013653,66.18727544279032,75.7378731587404,56.63667772684025,107.50914303174022,322.52742909522067,3000000.0,500.0,0.005097037441250369,0.8495062402083948,1.1771543900074084,0.06785840131753954,2.771384915827428,0.16336281798675978,0.3081543793253282,-1.1771543900074084,0.9965915613842593
spectral_peak,C_retrograde_8mm_16,0.008,16.0,-body_y,3,6.5000000000036025,40.840704496689945,0.035613461658938333,0.5249658504100485,81.79077845162124,-1.918190505290038,-1.902785162399553,-2.4123140094013653,66.18727544279032,75.7378731587404,56.63667772684025,107.50914303174022,322.52742909522067,6000000.0,10.0,0.025485187206251845,4.247531201041974,0.23543087800148169,0.0027143360527015813,0.11085539663309711,0.16336281798675978,0.7902302834175311,-0.23543087800148169,1.0
spectral_peak,C_retrograde_8mm_16,0.008,16.0,-body_y,3,6.5000000000036025,40.840704496689945,0.035613461658938333,0.5249658504100485,81.79077845162124,-1.918190505290038,-1.902785162399553,-2.4123140094013653,66.18727544279032,75.7378731587404,56.63667772684025,107.50914303174022,322.52742909522067,6000000.0,50.0,0.011397322202497416,1.899553700416236,0.5264394472137729,0.013571680263507907,0.5542769831654856,0.16336281798675978,0.5907044642056406,-0.5264394472137729,1.0
spectral_peak,C_retrograde_8mm_16,0.008,16.0,-body_y,3,6.5000000000036025,40.840704496689945,0.035613461658938333,0.5249658504100485,81.79077845162124,-1.918190505290038,-1.902785162399553,-2.4123140094013653,66.18727544279032,75.7378731587404,56.63667772684025,107.50914303174022,322.52742909522067,6000000.0,100.0,0.008059123816753921,1.3431873027923202,0.7444978060179126,0.027143360527015815,1.1085539663309711,0.16336281798675978,0.4749727685221644,-0.7444978060179126,1.0
spectral_peak,C_retrograde_8mm_16,0.008,16.0,-body_y,3,6.5000000000036025,40.840704496689945,0.035613461658938333,0.5249658504100485,81.79077845162124,-1.918190505290038,-1.902785162399553,-2.4123140094013653,66.18727544279032,75.7378731587404,56.63667772684025,107.50914303174022,322.52742909522067,6000000.0,500.0,0.003604149738669865,0.6006916231116441,1.6647477033555047,0.13571680263507907,5.542769831654856,0.16336281798675978,0.18923839617200008,-1.6647477033555047,0.9363314054133877
spectral_peak,C_retrograde_8mm_16,0.008,16.0,-body_y,3,6.5000000000036025,40.840704496689945,0.035613461658938333,0.5249658504100485,81.79077845162124,-1.918190505290038,-1.902785162399553,-2.4123140094013653,66.18727544279032,75.7378731587404,56.63667772684025,107.50914303174022,322.52742909522067,10000000.0,10.0,0.019740741124958345,3.290123520826391,0.30393995656090955,0.004523893421169303,0.1847589943884952,0.16336281798675978,0.7379051714846832,-0.30393995656090955,1.0
spectral_peak,C_retrograde_8mm_16,0.008,16.0,-body_y,3,6.5000000000036025,40.840704496689945,0.035613461658938333,0.5249658504100485,81.79077845162124,-1.918190505290038,-1.902785162399553,-2.4123140094013653,66.18727544279032,75.7378731587404,56.63667772684025,107.50914303174022,322.52742909522067,10000000.0,50.0,0.008828327816326505,1.4713879693877507,0.679630403948527,0.022619467105846513,0.923794971942476,0.16336281798675978,0.5068042706120954,-0.679630403948527,1.0
spectral_peak,C_retrograde_8mm_16,0.008,16.0,-body_y,3,6.5000000000036025,40.840704496689945,0.035613461658938333,0.5249658504100485,81.79077845162124,-1.918190505290038,-1.902785162399553,-2.4123140094013653,66.18727544279032,75.7378731587404,56.63667772684025,107.50914303174022,322.52742909522067,10000000.0,100.0,0.006242570465462297,1.040428410910383,0.9611425346651119,0.045238934211693026,1.847589943884952,0.16336281798675978,0.38245566739611364,-0.9611425346651119,1.0
spectral_peak,C_retrograde_8mm_16,0.008,16.0,-body_y,3,6.5000000000036025,40.840704496689945,0.035613461658938333,0.5249658504100485,81.79077845162124,-1.918190505290038,-1.902785162399553,-2.4123140094013653,66.18727544279032,75.7378731587404,56.63667772684025,107.50914303174022,322.52742909522067,10000000.0,500.0,0.00279176238302124,0.46529373050353995,2.1491800435776383,0.2261946710584651,9.237949719424758,0.16336281798675978,0.11657970887528304,-2.1491800435776383,0.8471217055899075
spectral_peak,C_retrograde_8mm_16,0.008,16.0,+body_z,1,5.500000000003048,34.55751918950688,0.34842287345349626,0.34842287345349626,85.11939795772778,-1.918190505290038,-1.902785162399553,-2.4123140094013653,66.18727544279032,75.7378731587404,56.63667772684025,107.50914303174022,322.52742909522067,1000000.0,10.0,0.06786389575743819,11.310649292906364,0.08841225416008294,0.0004523893421169302,0.01563345337133421,0.1382300767580275,0.9153834282999423,-0.08841225416008294,1.0
spectral_peak,C_retrograde_8mm_16,0.008,16.0,+body_z,1,5.500000000003048,34.55751918950688,0.34842287345349626,0.34842287345349626,85.11939795772778,-1.918190505290038,-1.902785162399553,-2.4123140094013653,66.18727544279032,75.7378731587404,56.63667772684025,107.50914303174022,322.52742909522067,1000000.0,50.0,0.030349656826318277,5.058276137719712,0.19769581034593403,0.0022619467105846514,0.07816726685667105,0.1382300767580275,0.8206194391184751,-0.19769581034593403,1.0
spectral_peak,C_retrograde_8mm_16,0.008,16.0,+body_z,1,5.500000000003048,34.55751918950688,0.34842287345349626,0.34842287345349626,85.11939795772778,-1.918190505290038,-1.902785162399553,-2.4123140094013653,66.18727544279032,75.7378731587404,56.63667772684025,107.50914303174022,322.52742909522067,1000000.0,100.0,0.021460448148574247,3.576741358095708,0.27958409621555913,0.004523893421169303,0.1563345337133421,0.1382300767580275,0.7560981401492871,-0.27958409621555913,1.0
spectral_peak,C_retrograde_8mm_16,0.008,16.0,+body_z,1,5.500000000003048,34.55751918950688,0.34842287345349626,0.34842287345349626,85.11939795772778,-1.918190505290038,-1.902785162399553,-2.4123140094013653,66.18727544279032,75.7378731587404,56.63667772684025,107.50914303174022,322.52742909522067,1000000.0,500.0,0.009597404177564304,1.5995673629273839,0.625169044565832,0.022619467105846513,0.7816726685667105,0.1382300767580275,0.5351709531306015,-0.625169044565832,1.0
spectral_peak,C_retrograde_8mm_16,0.008,16.0,+body_z,1,5.500000000003048,34.55751918950688,0.34842287345349626,0.34842287345349626,85.11939795772778,-1.918190505290038,-1.902785162399553,-2.4123140094013653,66.18727544279032,75.7378731587404,56.63667772684025,107.50914303174022,322.52742909522067,3000000.0,10.0,0.03918123848381364,6.530206413968941,0.1531345162169565,0.0013571680263507906,0.04690036011400262,0.1382300767580275,0.8580142972109721,-0.1531345162169565,1.0
spectral_peak,C_retrograde_8mm_16,0.008,16.0,+body_z,1,5.500000000003048,34.55751918950688,0.34842287345349626,0.34842287345349626,85.11939795772778,-1.918190505290038,-1.902785162399553,-2.4123140094013653,66.18727544279032,75.7378731587404,56.63667772684025,107.50914303174022,322.52742909522067,3000000.0,50.0,0.01752238253848762,2.9203970897479365,0.3424191879626587,0.006785840131753954,0.23450180057001313,0.1382300767580275,0.7100504976944249,-0.3424191879626587,1.0
spectral_peak,C_retrograde_8mm_16,0.008,16.0,+body_z,1,5.500000000003048,34.55751918950688,0.34842287345349626,0.34842287345349626,85.11939795772778,-1.918190505290038,-1.902785162399553,-2.4123140094013653,66.18727544279032,75.7378731587404,56.63667772684025,107.50914303174022,322.52742909522067,3000000.0,100.0,0.012390195515509347,2.0650325859182246,0.4842538596335739,0.013571680263507907,0.46900360114002626,0.1382300767580275,0.616156764726069,-0.4842538596335739,1.0
spectral_peak,C_retrograde_8mm_16,0.008,16.0,+body_z,1,5.500000000003048,34.55751918950688,0.34842287345349626,0.34842287345349626,85.11939795772778,-1.918190505290038,-1.902785162399553,-2.4123140094013653,66.18727544279032,75.7378731587404,56.63667772684025,107.50914303174022,322.52742909522067,3000000.0,500.0,0.005541063885438389,0.9235106475730648,1.082824548507313,0.06785840131753954,2.345018005700131,0.1382300767580275,0.3386376749945179,-1.082824548507313,0.9995524897857611
spectral_peak,C_retrograde_8mm_16,0.008,16.0,+body_z,1,5.500000000003048,34.55751918950688,0.34842287345349626,0.34842287345349626,85.11939795772778,-1.918190505290038,-1.902785162399553,-2.4123140094013653,66.18727544279032,75.7378731587404,56.63667772684025,107.50914303174022,322.52742909522067,6000000.0,10.0,0.027705319427191948,4.617553237865325,0.21656490970146255,0.0027143360527015813,0.09380072022800524,0.1382300767580275,0.8052802627247564,-0.21656490970146255,1.0
spectral_peak,C_retrograde_8mm_16,0.008,16.0,+body_z,1,5.500000000003048,34.55751918950688,0.34842287345349626,0.34842287345349626,85.11939795772778,-1.918190505290038,-1.902785162399553,-2.4123140094013653,66.18727544279032,75.7378731587404,56.63667772684025,107.50914303174022,322.52742909522067,6000000.0,50.0,0.012390195515509347,2.0650325859182246,0.4842538596335739,0.013571680263507907,0.46900360114002626,0.1382300767580275,0.616156764726069,-0.4842538596335739,1.0
spectral_peak,C_retrograde_8mm_16,0.008,16.0,+body_z,1,5.500000000003048,34.55751918950688,0.34842287345349626,0.34842287345349626,85.11939795772778,-1.918190505290038,-1.902785162399553,-2.4123140094013653,66.18727544279032,75.7378731587404,56.63667772684025,107.50914303174022,322.52742909522067,6000000.0,100.0,0.00876119126924381,1.4601985448739683,0.6848383759253174,0.027143360527015815,0.9380072022800525,0.1382300767580275,0.5041717092761004,-0.6848383759253174,1.0
spectral_peak,C_retrograde_8mm_16,0.008,16.0,+body_z,1,5.500000000003048,34.55751918950688,0.34842287345349626,0.34842287345349626,85.11939795772778,-1.918190505290038,-1.902785162399553,-2.4123140094013653,66.18727544279032,75.7378731587404,56.63667772684025,107.50914303174022,322.52742909522067,6000000.0,500.0,0.003918123848381364,0.653020641396894,1.531345162169565,0.13571680263507907,4.690036011400262,0.1382300767580275,0.21624458754661055,-1.531345162169565,0.9582255327863486
spectral_peak,C_retrograde_8mm_16,0.008,16.0,+body_z,1,5.500000000003048,34.55751918950688,0.34842287345349626,0.34842287345349626,85.11939795772778,-1.918190505290038,-1.902785162399553,-2.4123140094013653,66.18727544279032,75.7378731587404,56.63667772684025,107.50914303174022,322.52742909522067,10000000.0,10.0,0.021460448148574247,3.576741358095708,0.27958409621555913,0.004523893421169303,0.1563345337133421,0.1382300767580275,0.7560981401492871,-0.27958409621555913,1.0
spectral_peak,C_retrograde_8mm_16,0.008,16.0,+body_z,1,5.500000000003048,34.55751918950688,0.34842287345349626,0.34842287345349626,85.11939795772778,-1.918190505290038,-1.902785162399553,-2.4123140094013653,66.18727544279032,75.7378731587404,56.63667772684025,107.50914303174022,322.52742909522067,10000000.0,50.0,0.009597404177564304,1.5995673629273839,0.625169044565832,0.022619467105846513,0.7816726685667105,0.1382300767580275,0.5351709531306015,-0.625169044565832,1.0
spectral_peak,C_retrograde_8mm_16,0.008,16.0,+body_z,1,5.500000000003048,34.55751918950688,0.34842287345349626,0.34842287345349626,85.11939795772778,-1.918190505290038,-1.902785162399553,-2.4123140094013653,66.18727544279032,75.7378731587404,56.63667772684025,107.50914303174022,322.52742909522067,10000000.0,100.0,0.006786389575743819,1.1310649292906365,0.8841225416008295,0.045238934211693026,1.563345337133421,0.1382300767580275,0.4130764717245116,-0.8841225416008295,1.0
spectral_peak,C_retrograde_8mm_16,0.008,16.0,+body_z,1,5.500000000003048,34.55751918950688,0.34842287345349626,0.34842287345349626,85.11939795772778,-1.918190505290038,-1.902785162399553,-2.4123140094013653,66.18727544279032,75.7378731587404,56.63667772684025,107.50914303174022,322.52742909522067,10000000.0,500.0,0.0030349656826318275,0.5058276137719713,1.9769581034593404,0.2261946710584651,7.816726685667104,0.1382300767580275,0.1384898690810568,-1.9769581034593404,0.8793199666176363
spectral_peak,C_retrograde_8mm_16,0.008,16.0,+body_z,2,16.500000000009145,103.67255756852063,0.07709659185585108,0.42551946530934737,85.11939795772778,-1.918190505290038,-1.902785162399553,-2.4123140094013653,66.18727544279032,75.7378731587404,56.63667772684025,107.50914303174022,322.52742909522067,1000000.0,10.0,0.03918123848381364,6.530206413968941,0.1531345162169565,0.0004523893421169302,0.04690036011400262,0.4146902302740825,0.8580142972109721,-0.1531345162169565,1.0
spectral_peak,C_retrograde_8mm_16,0.008,16.0,+body_z,2,16.500000000009145,103.67255756852063,0.07709659185585108,0.42551946530934737,85.11939795772778,-1.918190505290038,-1.902785162399553,-2.4123140094013653,66.18727544279032,75.7378731587404,56.63667772684025,107.50914303174022,322.52742909522067,1000000.0,50.0,0.01752238253848762,2.9203970897479365,0.3424191879626587,0.0022619467105846514,0.23450180057001313,0.4146902302740825,0.7100504976944249,-0.3424191879626587,1.0
spectral_peak,C_retrograde_8mm_16,0.008,16.0,+body_z,2,16.500000000009145,103.67255756852063,0.07709659185585108,0.42551946530934737,85.11939795772778,-1.918190505290038,-1.902785162399553,-2.4123140094013653,66.18727544279032,75.7378731587404,56.63667772684025,107.50914303174022,322.52742909522067,1000000.0,100.0,0.012390195515509347,2.0650325859182246,0.4842538596335739,0.004523893421169303,0.46900360114002626,0.4146902302740825,0.616156764726069,-0.4842538596335739,1.0
spectral_peak,C_retrograde_8mm_16,0.008,16.0,+body_z,2,16.500000000009145,103.67255756852063,0.07709659185585108,0.42551946530934737,85.11939795772778,-1.918190505290038,-1.902785162399553,-2.4123140094013653,66.18727544279032,75.7378731587404,56.63667772684025,107.50914303174022,322.52742909522067,1000000.0,500.0,0.00554106388543839,0.923510647573065,1.0828245485073127,0.022619467105846513,2.3450180057001315,0.4146902302740825,0.33863767499451797,-1.0828245485073127,0.9995524897857611
spectral_peak,C_retrograde_8mm_16,0.008,16.0,+body_z,2,16.500000000009145,103.67255756852063,0.07709659185585108,0.42551946530934737,85.11939795772778,-1.918190505290038,-1.902785162399553,-2.4123140094013653,66.18727544279032,75.7378731587404,56.63667772684025,107.50914303174022,322.52742909522067,3000000.0,10.0,0.022621298585812733,3.7702164309687887,0.2652367624802488,0.0013571680263507906,0.14070108034200787,0.4146902302740825,0.7670243258940103,-0.2652367624802488,1.0
spectral_peak,C_retrograde_8mm_16,0.008,16.0,+body_z,2,16.500000000009145,103.67255756852063,0.07709659185585108,0.42551946530934737,85.11939795772778,-1.918190505290038,-1.902785162399553,-2.4123140094013653,66.18727544279032,75.7378731587404,56.63667772684025,107.50914303174022,322.52742909522067,3000000.0,50.0,0.010116552275439426,1.686092045906571,0.593087431037802,0.006785840131753954,0.7035054017100394,0.4146902302740825,0.5526184767413308,-0.593087431037802,1.0
spectral_peak,C_retrograde_8mm_16,0.008,16.0,+body_z,2,16.500000000009145,103.67255756852063,0.07709659185585108,0.42551946530934737,85.11939795772778,-1.918190505290038,-1.902785162399553,-2.4123140094013653,66.18727544279032,75.7378731587404,56.63667772684025,107.50914303174022,322.52742909522067,3000000.0,100.0,0.007153482716191415,1.1922471193652358,0.8387522886466774,0.013571680263507907,1.4070108034200788,0.4146902302740825,0.4322495097302509,-0.8387522886466774,1.0
spectral_peak,C_retrograde_8mm_16,0.008,16.0,+body_z,2,16.500000000009145,103.67255756852063,0.07709659185585108,0.42551946530934737,85.11939795772778,-1.918190505290038,-1.902785162399553,-2.4123140094013653,66.18727544279032,75.7378731587404,56.63667772684025,107.50914303174022,322.52742909522067,3000000.0,500.0,0.003199134725854768,0.5331891209757946,1.8755071336974958,0.06785840131753954,7.035054017100394,0.4146902302740825,0.1532772150904968,-1.8755071336974958,0.8982761225110268
spectral_peak,C_retrograde_8mm_16,0.008,16.0,+body_z,2,16.500000000009145,103.67255756852063,0.07709659185585108,0.42551946530934737,85.11939795772778,-1.918190505290038,-1.902785162399553,-2.4123140094013653,66.18727544279032,75.7378731587404,56.63667772684025,107.50914303174022,322.52742909522067,6000000.0,10.0,0.01599567362927384,2.6659456048789734,0.3751014267394992,0.0027143360527015813,0.28140216068401575,0.4146902302740825,0.6872195728154163,-0.3751014267394992,1.0
spectral_peak,C_retrograde_8mm_16,0.008,16.0,+body_z,2,16.500000000009145,103.67255756852063,0.07709659185585108,0.42551946530934737,85.11939795772778,-1.918190505290038,-1.902785162399553,-2.4123140094013653,66.18727544279032,75.7378731587404,56.63667772684025,107.50914303174022,322.52742909522067,6000000.0,50.0,0.007153482716191415,1.1922471193652358,0.8387522886466774,0.013571680263507907,1.4070108034200788,0.4146902302740825,0.4322495097302509,-0.8387522886466774,1.0
spectral_peak,C_retrograde_8mm_16,0.008,16.0,+body_z,2,16.500000000009145,103.67255756852063,0.07709659185585108,0.42551946530934737,85.11939795772778,-1.918190505290038,-1.902785162399553,-2.4123140094013653,66.18727544279032,75.7378731587404,56.63667772684025,107.50914303174022,322.52742909522067,6000000.0,100.0,0.005058276137719713,0.8430460229532855,1.186174862075604,0.027143360527015815,2.8140216068401576,0.4146902302740825,0.3053871808359088,-1.186174862075604,0.9961335092617932
spectral_peak,C_retrograde_8mm_16,0.008,16.0,+body_z,2,16.500000000009145,103.67255756852063,0.07709659185585108,0.42551946530934737,85.11939795772778,-1.918190505290038,-1.902785162399553,-2.4123140094013653,66.18727544279032,75.7378731587404,56.63667772684025,107.50914303174022,322.52742909522067,6000000.0,500.0,0.0022621298585812732,0.37702164309687886,2.6523676248024883,0.13571680263507907,14.070108034200787,0.4146902302740825,0.0704841353627605,-2.6523676248024883,0.7582208330651719
spectral_peak,C_retrograde_8mm_16,0.008,16.0,+body_z,2,16.500000000009145,103.67255756852063,0.07709659185585108,0.42551946530934737,85.11939795772778,-1.918190505290038,-1.902785162399553,-2.4123140094013653,66.18727544279032,75.7378731587404,56.63667772684025,107.50914303174022,322.52742909522067,10000000.0,10.0,0.012390195515509347,2.0650325859182246,0.4842538596335739,0.004523893421169303,0.46900360114002626,0.4146902302740825,0.616156764726069,-0.4842538596335739,1.0
spectral_peak,C_retrograde_8mm_16,0.008,16.0,+body_z,2,16.500000000009145,103.67255756852063,0.07709659185585108,0.42551946530934737,85.11939795772778,-1.918190505290038,-1.902785162399553,-2.4123140094013653,66.18727544279032,75.7378731587404,56.63667772684025,107.50914303174022,322.52742909522067,10000000.0,50.0,0.005541063885438389,0.9235106475730648,1.082824548507313,0.022619467105846513,2.3450180057001315,0.4146902302740825,0.3386376749945179,-1.082824548507313,0.9995524897857611
spectral_peak,C_retrograde_8mm_16,0.008,16.0,+body_z,2,16.500000000009145,103.67255756852063,0.07709659185585108,0.42551946530934737,85.11939795772778,-1.918190505290038,-1.902785162399553,-2.4123140094013653,66.18727544279032,75.7378731587404,56.63667772684025,107.50914303174022,322.52742909522067,10000000.0,100.0,0.003918123848381364,0.653020641396894,1.531345162169565,0.045238934211693026,4.690036011400263,0.4146902302740825,0.21624458754661055,-1.531345162169565,0.9582255327863486
spectral_peak,C_retrograde_8mm_16,0.008,16.0,+body_z,2,16.500000000009145,103.67255756852063,0.07709659185585108,0.42551946530934737,85.11939795772778,-1.918190505290038,-1.902785162399553,-2.4123140094013653,66.18727544279032,75.7378731587404,56.63667772684025,107.50914303174022,322.52742909522067,10000000.0,500.0,0.001752238253848762,0.29203970897479364,3.424191879626586,0.2261946710584651,23.45018005700131,0.4146902302740825,0.032575595357367176,-3.424191879626586,0.6451647986895567
spectral_peak,C_retrograde_8mm_16,0.008,16.0,+body_z,3,6.5000000000036025,40.840704496689945,0.03822214673078278,0.46374161204013015,85.11939795772778,-1.918190505290038,-1.902785162399553,-2.4123140094013653,66.18727544279032,75.7378731587404,56.63667772684025,107.50914303174022,322.52742909522067,1000000.0,10.0,0.06242570465462297,10.404284109103829,0.0961142534665112,0.0004523893421169302,0.018475899438849516,0.16336281798675978,0.9083602268349223,-0.0961142534665112,1.0
spectral_peak,C_retrograde_8mm_16,0.008,16.0,+body_z,3,6.5000000000036025,40.840704496689945,0.03822214673078278,0.46374161204013015,85.11939795772778,-1.918190505290038,-1.902785162399553,-2.4123140094013653,66.18727544279032,75.7378731587404,56.63667772684025,107.50914303174022,322.52742909522067,1000000.0,50.0,0.027917623830212398,4.652937305035399,0.21491800435776384,0.0022619467105846514,0.0923794971942476,0.16336281798675978,0.8066075757720825,-0.21491800435776384,1.0
spectral_peak,C_retrograde_8mm_16,0.008,16.0,+body_z,3,6.5000000000036025,40.840704496689945,0.03822214673078278,0.46374161204013015,85.11939795772778,-1.918190505290038,-1.902785162399553,-2.4123140094013653,66.18727544279032,75.7378731587404,56.63667772684025,107.50914303174022,322.52742909522067,1000000.0,100.0,0.019740741124958345,3.290123520826391,0.30393995656090955,0.004523893421169303,0.1847589943884952,0.16336281798675978,0.7379051714846832,-0.30393995656090955,1.0
spectral_peak,C_retrograde_8mm_16,0.008,16.0,+body_z,3,6.5000000000036025,40.840704496689945,0.03822214673078278,0.46374161204013015,85.11939795772778,-1.918190505290038,-1.902785162399553,-2.4123140094013653,66.18727544279032,75.7378731587404,56.63667772684025,107.50914303174022,322.52742909522067,1000000.0,500.0,0.008828327816326505,1.4713879693877507,0.679630403948527,0.022619467105846513,0.923794971942476,0.16336281798675978,0.5068042706120954,-0.679630403948527,1.0
spectral_peak,C_retrograde_8mm_16,0.008,16.0,+body_z,3,6.5000000000036025,40.840704496689945,0.03822214673078278,0.46374161204013015,85.11939795772778,-1.918190505290038,-1.902785162399553,-2.4123140094013653,66.18727544279032,75.7378731587404,56.63667772684025,107.50914303174022,322.52742909522067,3000000.0,10.0,0.036041497386698644,6.00691623111644,0.1664747703355505,0.0013571680263507906,0.055427698316548556,0.16336281798675978,0.8466441772144814,-0.1664747703355505,1.0
spectral_peak,C_retrograde_8mm_16,0.008,16.0,+body_z,3,6.5000000000036025,40.840704496689945,0.03822214673078278,0.46374161204013015,85.11939795772778,-1.918190505290038,-1.902785162399553,-2.4123140094013653,66.18727544279032,75.7378731587404,56.63667772684025,107.50914303174022,322.52742909522067,3000000.0,50.0,0.016118247633507842,2.6863746055846405,0.3722489030089563,0.006785840131753954,0.2771384915827428,0.16336281798675978,0.6891826815309308,-0.3722489030089563,1.0
spectral_peak,C_retrograde_8mm_16,0.008,16.0,+body_z,3,6.5000000000036025,40.840704496689945,0.03822214673078278,0.46374161204013015,85.11939795772778,-1.918190505290038,-1.902785162399553,-2.4123140094013653,66.18727544279032,75.7378731587404,56.63667772684025,107.50914303174022,322.52742909522067,3000000.0,100.0,0.011397322202497416,1.899553700416236,0.5264394472137729,0.013571680263507907,0.5542769831654856,0.16336281798675978,0.5907044642056406,-0.5264394472137729,1.0
spectral_peak,C_retrograde_8mm_16,0.008,16.0,+body_z,3,6.5000000000036025,40.840704496689945,0.03822214673078278,0.46374161204013015,85.11939795772778,-1.918190505290038,-1.902785162399553,-2.4123140094013653,66.18727544279032,75.7378731587404,56.63667772684025,107.50914303174022,322.52742909522067,3000000.0,500.0,0.005097037441250369,0.8495062402083948,1.1771543900074084,0.06785840131753954,2.771384915827428,0.16336281798675978,0.3081543793253282,-1.1771543900074084,0.9965915613842593
spectral_peak,C_retrograde_8mm_16,0.008,16.0,+body_z,3,6.5000000000036025,40.840704496689945,0.03822214673078278,0.46374161204013015,85.11939795772778,-1.918190505290038,-1.902785162399553,-2.4123140094013653,66.18727544279032,75.7378731587404,56.63667772684025,107.50914303174022,322.52742909522067,6000000.0,10.0,0.025485187206251845,4.247531201041974,0.23543087800148169,0.0027143360527015813,0.11085539663309711,0.16336281798675978,0.7902302834175311,-0.23543087800148169,1.0
spectral_peak,C_retrograde_8mm_16,0.008,16.0,+body_z,3,6.5000000000036025,40.840704496689945,0.03822214673078278,0.46374161204013015,85.11939795772778,-1.918190505290038,-1.902785162399553,-2.4123140094013653,66.18727544279032,75.7378731587404,56.63667772684025,107.50914303174022,322.52742909522067,6000000.0,50.0,0.011397322202497416,1.899553700416236,0.5264394472137729,0.013571680263507907,0.5542769831654856,0.16336281798675978,0.5907044642056406,-0.5264394472137729,1.0
spectral_peak,C_retrograde_8mm_16,0.008,16.0,+body_z,3,6.5000000000036025,40.840704496689945,0.03822214673078278,0.46374161204013015,85.11939795772778,-1.918190505290038,-1.902785162399553,-2.4123140094013653,66.18727544279032,75.7378731587404,56.63667772684025,107.50914303174022,322.52742909522067,6000000.0,100.0,0.008059123816753921,1.3431873027923202,0.7444978060179126,0.027143360527015815,1.1085539663309711,0.16336281798675978,0.4749727685221644,-0.7444978060179126,1.0
spectral_peak,C_retrograde_8mm_16,0.008,16.0,+body_z,3,6.5000000000036025,40.840704496689945,0.03822214673078278,0.46374161204013015,85.11939795772778,-1.918190505290038,-1.902785162399553,-2.4123140094013653,66.18727544279032,75.7378731587404,56.63667772684025,107.50914303174022,322.52742909522067,6000000.0,500.0,0.003604149738669865,0.6006916231116441,1.6647477033555047,0.13571680263507907,5.542769831654856,0.16336281798675978,0.18923839617200008,-1.6647477033555047,0.9363314054133877
spectral_peak,C_retrograde_8mm_16,0.008,16.0,+body_z,3,6.5000000000036025,40.840704496689945,0.03822214673078278,0.46374161204013015,85.11939795772778,-1.918190505290038,-1.902785162399553,-2.4123140094013653,66.18727544279032,75.7378731587404,56.63667772684025,107.50914303174022,322.52742909522067,10000000.0,10.0,0.019740741124958345,3.290123520826391,0.30393995656090955,0.004523893421169303,0.1847589943884952,0.16336281798675978,0.7379051714846832,-0.30393995656090955,1.0
spectral_peak,C_retrograde_8mm_16,0.008,16.0,+body_z,3,6.5000000000036025,40.840704496689945,0.03822214673078278,0.46374161204013015,85.11939795772778,-1.918190505290038,-1.902785162399553,-2.4123140094013653,66.18727544279032,75.7378731587404,56.63667772684025,107.50914303174022,322.52742909522067,10000000.0,50.0,0.008828327816326505,1.4713879693877507,0.679630403948527,0.022619467105846513,0.923794971942476,0.16336281798675978,0.5068042706120954,-0.679630403948527,1.0
spectral_peak,C_retrograde_8mm_16,0.008,16.0,+body_z,3,6.5000000000036025,40.840704496689945,0.03822214673078278,0.46374161204013015,85.11939795772778,-1.918190505290038,-1.902785162399553,-2.4123140094013653,66.18727544279032,75.7378731587404,56.63667772684025,107.50914303174022,322.52742909522067,10000000.0,100.0,0.006242570465462297,1.040428410910383,0.9611425346651119,0.045238934211693026,1.847589943884952,0.16336281798675978,0.38245566739611364,-0.9611425346651119,1.0
spectral_peak,C_retrograde_8mm_16,0.008,16.0,+body_z,3,6.5000000000036025,40.840704496689945,0.03822214673078278,0.46374161204013015,85.11939795772778,-1.918190505290038,-1.902785162399553,-2.4123140094013653,66.18727544279032,75.7378731587404,56.63667772684025,107.50914303174022,322.52742909522067,10000000.0,500.0,0.00279176238302124,0.46529373050353995,2.1491800435776383,0.2261946710584651,9.237949719424758,0.16336281798675978,0.11657970887528304,-2.1491800435776383,0.8471217055899075
spectral_peak,C_retrograde_8mm_16,0.008,16.0,-body_z,1,5.500000000003048,34.55751918950688,0.3597067334895587,0.3597067334895587,79.72273441276187,-1.918190505290038,-1.902785162399553,-2.4123140094013653,66.18727544279032,75.7378731587404,56.63667772684025,107.50914303174022,322.52742909522067,1000000.0,10.0,0.06786389575743819,11.310649292906364,0.08841225416008294,0.0004523893421169302,0.01563345337133421,0.1382300767580275,0.9153834282999423,-0.08841225416008294,1.0
spectral_peak,C_retrograde_8mm_16,0.008,16.0,-body_z,1,5.500000000003048,34.55751918950688,0.3597067334895587,0.3597067334895587,79.72273441276187,-1.918190505290038,-1.902785162399553,-2.4123140094013653,66.18727544279032,75.7378731587404,56.63667772684025,107.50914303174022,322.52742909522067,1000000.0,50.0,0.030349656826318277,5.058276137719712,0.19769581034593403,0.0022619467105846514,0.07816726685667105,0.1382300767580275,0.8206194391184751,-0.19769581034593403,1.0
spectral_peak,C_retrograde_8mm_16,0.008,16.0,-body_z,1,5.500000000003048,34.55751918950688,0.3597067334895587,0.3597067334895587,79.72273441276187,-1.918190505290038,-1.902785162399553,-2.4123140094013653,66.18727544279032,75.7378731587404,56.63667772684025,107.50914303174022,322.52742909522067,1000000.0,100.0,0.021460448148574247,3.576741358095708,0.27958409621555913,0.004523893421169303,0.1563345337133421,0.1382300767580275,0.7560981401492871,-0.27958409621555913,1.0
spectral_peak,C_retrograde_8mm_16,0.008,16.0,-body_z,1,5.500000000003048,34.55751918950688,0.3597067334895587,0.3597067334895587,79.72273441276187,-1.918190505290038,-1.902785162399553,-2.4123140094013653,66.18727544279032,75.7378731587404,56.63667772684025,107.50914303174022,322.52742909522067,1000000.0,500.0,0.009597404177564304,1.5995673629273839,0.625169044565832,0.022619467105846513,0.7816726685667105,0.1382300767580275,0.5351709531306015,-0.625169044565832,1.0
spectral_peak,C_retrograde_8mm_16,0.008,16.0,-body_z,1,5.500000000003048,34.55751918950688,0.3597067334895587,0.3597067334895587,79.72273441276187,-1.918190505290038,-1.902785162399553,-2.4123140094013653,66.18727544279032,75.7378731587404,56.63667772684025,107.50914303174022,322.52742909522067,3000000.0,10.0,0.03918123848381364,6.530206413968941,0.1531345162169565,0.0013571680263507906,0.04690036011400262,0.1382300767580275,0.8580142972109721,-0.1531345162169565,1.0
spectral_peak,C_retrograde_8mm_16,0.008,16.0,-body_z,1,5.500000000003048,34.55751918950688,0.3597067334895587,0.3597067334895587,79.72273441276187,-1.918190505290038,-1.902785162399553,-2.4123140094013653,66.18727544279032,75.7378731587404,56.63667772684025,107.50914303174022,322.52742909522067,3000000.0,50.0,0.01752238253848762,2.9203970897479365,0.3424191879626587,0.006785840131753954,0.23450180057001313,0.1382300767580275,0.7100504976944249,-0.3424191879626587,1.0
spectral_peak,C_retrograde_8mm_16,0.008,16.0,-body_z,1,5.500000000003048,34.55751918950688,0.3597067334895587,0.3597067334895587,79.72273441276187,-1.918190505290038,-1.902785162399553,-2.4123140094013653,66.18727544279032,75.7378731587404,56.63667772684025,107.50914303174022,322.52742909522067,3000000.0,100.0,0.012390195515509347,2.0650325859182246,0.4842538596335739,0.013571680263507907,0.46900360114002626,0.1382300767580275,0.616156764726069,-0.4842538596335739,1.0
spectral_peak,C_retrograde_8mm_16,0.008,16.0,-body_z,1,5.500000000003048,34.55751918950688,0.3597067334895587,0.3597067334895587,79.72273441276187,-1.918190505290038,-1.902785162399553,-2.4123140094013653,66.18727544279032,75.7378731587404,56.63667772684025,107.50914303174022,322.52742909522067,3000000.0,500.0,0.005541063885438389,0.9235106475730648,1.082824548507313,0.06785840131753954,2.345018005700131,0.1382300767580275,0.3386376749945179,-1.082824548507313,0.9995524897857611
spectral_peak,C_retrograde_8mm_16,0.008,16.0,-body_z,1,5.500000000003048,34.55751918950688,0.3597067334895587,0.3597067334895587,79.72273441276187,-1.918190505290038,-1.902785162399553,-2.4123140094013653,66.18727544279032,75.7378731587404,56.63667772684025,107.50914303174022,322.52742909522067,6000000.0,10.0,0.027705319427191948,4.617553237865325,0.21656490970146255,0.0027143360527015813,0.09380072022800524,0.1382300767580275,0.8052802627247564,-0.21656490970146255,1.0
spectral_peak,C_retrograde_8mm_16,0.008,16.0,-body_z,1,5.500000000003048,34.55751918950688,0.3597067334895587,0.3597067334895587,79.72273441276187,-1.918190505290038,-1.902785162399553,-2.4123140094013653,66.18727544279032,75.7378731587404,56.63667772684025,107.50914303174022,322.52742909522067,6000000.0,50.0,0.012390195515509347,2.0650325859182246,0.4842538596335739,0.013571680263507907,0.46900360114002626,0.1382300767580275,0.616156764726069,-0.4842538596335739,1.0
spectral_peak,C_retrograde_8mm_16,0.008,16.0,-body_z,1,5.500000000003048,34.55751918950688,0.3597067334895587,0.3597067334895587,79.72273441276187,-1.918190505290038,-1.902785162399553,-2.4123140094013653,66.18727544279032,75.7378731587404,56.63667772684025,107.50914303174022,322.52742909522067,6000000.0,100.0,0.00876119126924381,1.4601985448739683,0.6848383759253174,0.027143360527015815,0.9380072022800525,0.1382300767580275,0.5041717092761004,-0.6848383759253174,1.0
spectral_peak,C_retrograde_8mm_16,0.008,16.0,-body_z,1,5.500000000003048,34.55751918950688,0.3597067334895587,0.3597067334895587,79.72273441276187,-1.918190505290038,-1.902785162399553,-2.4123140094013653,66.18727544279032,75.7378731587404,56.63667772684025,107.50914303174022,322.52742909522067,6000000.0,500.0,0.003918123848381364,0.653020641396894,1.531345162169565,0.13571680263507907,4.690036011400262,0.1382300767580275,0.21624458754661055,-1.531345162169565,0.9582255327863486
spectral_peak,C_retrograde_8mm_16,0.008,16.0,-body_z,1,5.500000000003048,34.55751918950688,0.3597067334895587,0.3597067334895587,79.72273441276187,-1.918190505290038,-1.902785162399553,-2.4123140094013653,66.18727544279032,75.7378731587404,56.63667772684025,107.50914303174022,322.52742909522067,10000000.0,10.0,0.021460448148574247,3.576741358095708,0.27958409621555913,0.004523893421169303,0.1563345337133421,0.1382300767580275,0.7560981401492871,-0.27958409621555913,1.0
spectral_peak,C_retrograde_8mm_16,0.008,16.0,-body_z,1,5.500000000003048,34.55751918950688,0.3597067334895587,0.3597067334895587,79.72273441276187,-1.918190505290038,-1.902785162399553,-2.4123140094013653,66.18727544279032,75.7378731587404,56.63667772684025,107.50914303174022,322.52742909522067,10000000.0,50.0,0.009597404177564304,1.5995673629273839,0.625169044565832,0.022619467105846513,0.7816726685667105,0.1382300767580275,0.5351709531306015,-0.625169044565832,1.0
spectral_peak,C_retrograde_8mm_16,0.008,16.0,-body_z,1,5.500000000003048,34.55751918950688,0.3597067334895587,0.3597067334895587,79.72273441276187,-1.918190505290038,-1.902785162399553,-2.4123140094013653,66.18727544279032,75.7378731587404,56.63667772684025,107.50914303174022,322.52742909522067,10000000.0,100.0,0.006786389575743819,1.1310649292906365,0.8841225416008295,0.045238934211693026,1.563345337133421,0.1382300767580275,0.4130764717245116,-0.8841225416008295,1.0
spectral_peak,C_retrograde_8mm_16,0.008,16.0,-body_z,1,5.500000000003048,34.55751918950688,0.3597067334895587,0.3597067334895587,79.72273441276187,-1.918190505290038,-1.902785162399553,-2.4123140094013653,66.18727544279032,75.7378731587404,56.63667772684025,107.50914303174022,322.52742909522067,10000000.0,500.0,0.0030349656826318275,0.5058276137719713,1.9769581034593404,0.2261946710584651,7.816726685667104,0.1382300767580275,0.1384898690810568,-1.9769581034593404,0.8793199666176363
spectral_peak,C_retrograde_8mm_16,0.008,16.0,-body_z,2,16.500000000009145,103.67255756852063,0.06900517385100839,0.42871190734056713,79.72273441276187,-1.918190505290038,-1.902785162399553,-2.4123140094013653,66.18727544279032,75.7378731587404,56.63667772684025,107.50914303174022,322.52742909522067,1000000.0,10.0,0.03918123848381364,6.530206413968941,0.1531345162169565,0.0004523893421169302,0.04690036011400262,0.4146902302740825,0.8580142972109721,-0.1531345162169565,1.0
spectral_peak,C_retrograde_8mm_16,0.008,16.0,-body_z,2,16.500000000009145,103.67255756852063,0.06900517385100839,0.42871190734056713,79.72273441276187,-1.918190505290038,-1.902785162399553,-2.4123140094013653,66.18727544279032,75.7378731587404,56.63667772684025,107.50914303174022,322.52742909522067,1000000.0,50.0,0.01752238253848762,2.9203970897479365,0.3424191879626587,0.0022619467105846514,0.23450180057001313,0.4146902302740825,0.7100504976944249,-0.3424191879626587,1.0
spectral_peak,C_retrograde_8mm_16,0.008,16.0,-body_z,2,16.500000000009145,103.67255756852063,0.06900517385100839,0.42871190734056713,79.72273441276187,-1.918190505290038,-1.902785162399553,-2.4123140094013653,66.18727544279032,75.7378731587404,56.63667772684025,107.50914303174022,322.52742909522067,1000000.0,100.0,0.012390195515509347,2.0650325859182246,0.4842538596335739,0.004523893421169303,0.46900360114002626,0.4146902302740825,0.616156764726069,-0.4842538596335739,1.0
spectral_peak,C_retrograde_8mm_16,0.008,16.0,-body_z,2,16.500000000009145,103.67255756852063,0.06900517385100839,0.42871190734056713,79.72273441276187,-1.918190505290038,-1.902785162399553,-2.4123140094013653,66.18727544279032,75.7378731587404,56.63667772684025,107.50914303174022,322.52742909522067,1000000.0,500.0,0.00554106388543839,0.923510647573065,1.0828245485073127,0.022619467105846513,2.3450180057001315,0.4146902302740825,0.33863767499451797,-1.0828245485073127,0.9995524897857611
spectral_peak,C_retrograde_8mm_16,0.008,16.0,-body_z,2,16.500000000009145,103.67255756852063,0.06900517385100839,0.42871190734056713,79.72273441276187,-1.918190505290038,-1.902785162399553,-2.4123140094013653,66.18727544279032,75.7378731587404,56.63667772684025,107.50914303174022,322.52742909522067,3000000.0,10.0,0.022621298585812733,3.7702164309687887,0.2652367624802488,0.0013571680263507906,0.14070108034200787,0.4146902302740825,0.7670243258940103,-0.2652367624802488,1.0
spectral_peak,C_retrograde_8mm_16,0.008,16.0,-body_z,2,16.500000000009145,103.67255756852063,0.06900517385100839,0.42871190734056713,79.72273441276187,-1.918190505290038,-1.902785162399553,-2.4123140094013653,66.18727544279032,75.7378731587404,56.63667772684025,107.50914303174022,322.52742909522067,3000000.0,50.0,0.010116552275439426,1.686092045906571,0.593087431037802,0.006785840131753954,0.7035054017100394,0.4146902302740825,0.5526184767413308,-0.593087431037802,1.0
spectral_peak,C_retrograde_8mm_16,0.008,16.0,-body_z,2,16.500000000009145,103.67255756852063,0.06900517385100839,0.42871190734056713,79.72273441276187,-1.918190505290038,-1.902785162399553,-2.4123140094013653,66.18727544279032,75.7378731587404,56.63667772684025,107.50914303174022,322.52742909522067,3000000.0,100.0,0.007153482716191415,1.1922471193652358,0.8387522886466774,0.013571680263507907,1.4070108034200788,0.4146902302740825,0.4322495097302509,-0.8387522886466774,1.0
spectral_peak,C_retrograde_8mm_16,0.008,16.0,-body_z,2,16.500000000009145,103.67255756852063,0.06900517385100839,0.42871190734056713,79.72273441276187,-1.918190505290038,-1.902785162399553,-2.4123140094013653,66.18727544279032,75.7378731587404,56.63667772684025,107.50914303174022,322.52742909522067,3000000.0,500.0,0.003199134725854768,0.5331891209757946,1.8755071336974958,0.06785840131753954,7.035054017100394,0.4146902302740825,0.1532772150904968,-1.8755071336974958,0.8982761225110268
spectral_peak,C_retrograde_8mm_16,0.008,16.0,-body_z,2,16.500000000009145,103.67255756852063,0.06900517385100839,0.42871190734056713,79.72273441276187,-1.918190505290038,-1.902785162399553,-2.4123140094013653,66.18727544279032,75.7378731587404,56.63667772684025,107.50914303174022,322.52742909522067,6000000.0,10.0,0.01599567362927384,2.6659456048789734,0.3751014267394992,0.0027143360527015813,0.28140216068401575,0.4146902302740825,0.6872195728154163,-0.3751014267394992,1.0
spectral_peak,C_retrograde_8mm_16,0.008,16.0,-body_z,2,16.500000000009145,103.67255756852063,0.06900517385100839,0.42871190734056713,79.72273441276187,-1.918190505290038,-1.902785162399553,-2.4123140094013653,66.18727544279032,75.7378731587404,56.63667772684025,107.50914303174022,322.52742909522067,6000000.0,50.0,0.007153482716191415,1.1922471193652358,0.8387522886466774,0.013571680263507907,1.4070108034200788,0.4146902302740825,0.4322495097302509,-0.8387522886466774,1.0
spectral_peak,C_retrograde_8mm_16,0.008,16.0,-body_z,2,16.500000000009145,103.67255756852063,0.06900517385100839,0.42871190734056713,79.72273441276187,-1.918190505290038,-1.902785162399553,-2.4123140094013653,66.18727544279032,75.7378731587404,56.63667772684025,107.50914303174022,322.52742909522067,6000000.0,100.0,0.005058276137719713,0.8430460229532855,1.186174862075604,0.027143360527015815,2.8140216068401576,0.4146902302740825,0.3053871808359088,-1.186174862075604,0.9961335092617932
spectral_peak,C_retrograde_8mm_16,0.008,16.0,-body_z,2,16.500000000009145,103.67255756852063,0.06900517385100839,0.42871190734056713,79.72273441276187,-1.918190505290038,-1.902785162399553,-2.4123140094013653,66.18727544279032,75.7378731587404,56.63667772684025,107.50914303174022,322.52742909522067,6000000.0,500.0,0.0022621298585812732,0.37702164309687886,2.6523676248024883,0.13571680263507907,14.070108034200787,0.4146902302740825,0.0704841353627605,-2.6523676248024883,0.7582208330651719
spectral_peak,C_retrograde_8mm_16,0.008,16.0,-body_z,2,16.500000000009145,103.67255756852063,0.06900517385100839,0.42871190734056713,79.72273441276187,-1.918190505290038,-1.902785162399553,-2.4123140094013653,66.18727544279032,75.7378731587404,56.63667772684025,107.50914303174022,322.52742909522067,10000000.0,10.0,0.012390195515509347,2.0650325859182246,0.4842538596335739,0.004523893421169303,0.46900360114002626,0.4146902302740825,0.616156764726069,-0.4842538596335739,1.0
spectral_peak,C_retrograde_8mm_16,0.008,16.0,-body_z,2,16.500000000009145,103.67255756852063,0.06900517385100839,0.42871190734056713,79.72273441276187,-1.918190505290038,-1.902785162399553,-2.4123140094013653,66.18727544279032,75.7378731587404,56.63667772684025,107.50914303174022,322.52742909522067,10000000.0,50.0,0.005541063885438389,0.9235106475730648,1.082824548507313,0.022619467105846513,2.3450180057001315,0.4146902302740825,0.3386376749945179,-1.082824548507313,0.9995524897857611
spectral_peak,C_retrograde_8mm_16,0.008,16.0,-body_z,2,16.500000000009145,103.67255756852063,0.06900517385100839,0.42871190734056713,79.72273441276187,-1.918190505290038,-1.902785162399553,-2.4123140094013653,66.18727544279032,75.7378731587404,56.63667772684025,107.50914303174022,322.52742909522067,10000000.0,100.0,0.003918123848381364,0.653020641396894,1.531345162169565,0.045238934211693026,4.690036011400263,0.4146902302740825,0.21624458754661055,-1.531345162169565,0.9582255327863486
spectral_peak,C_retrograde_8mm_16,0.008,16.0,-body_z,2,16.500000000009145,103.67255756852063,0.06900517385100839,0.42871190734056713,79.72273441276187,-1.918190505290038,-1.902785162399553,-2.4123140094013653,66.18727544279032,75.7378731587404,56.63667772684025,107.50914303174022,322.52742909522067,10000000.0,500.0,0.001752238253848762,0.29203970897479364,3.424191879626586,0.2261946710584651,23.45018005700131,0.4146902302740825,0.032575595357367176,-3.424191879626586,0.6451647986895567
spectral_peak,C_retrograde_8mm_16,0.008,16.0,-body_z,3,4.750000000002633,29.845130209119574,0.0559872789881456,0.48469918632871273,79.72273441276187,-1.918190505290038,-1.902785162399553,-2.4123140094013653,66.18727544279032,75.7378731587404,56.63667772684025,107.50914303174022,322.52742909522067,1000000.0,10.0,0.0730252961370891,12.17088268951485,0.0821633093926289,0.0004523893421169302,0.013501618820697723,0.1193805208364783,0.9211215186168012,-0.0821633093926289,1.0
spectral_peak,C_retrograde_8mm_16,0.008,16.0,-body_z,3,4.750000000002633,29.845130209119574,0.0559872789881456,0.48469918632871273,79.72273441276187,-1.918190505290038,-1.902785162399553,-2.4123140094013653,66.18727544279032,75.7378731587404,56.63667772684025,107.50914303174022,322.52742909522067,1000000.0,50.0,0.0326579052479168,5.442984207986133,0.18372274505826522,0.0022619467105846514,0.06750809410348863,0.1193805208364783,0.8321664941180227,-0.18372274505826522,1.0
spectral_peak,C_retrograde_8mm_16,0.008,16.0,-body_z,3,4.750000000002633,29.845130209119574,0.0559872789881456,0.48469918632871273,79.72273441276187,-1.918190505290038,-1.902785162399553,-2.4123140094013653,66.18727544279032,75.7378731587404,56.63667772684025,107.50914303174022,322.52742909522067,1000000.0,100.0,0.02309262626014971,3.8487710433582847,0.25982319777781315,0.004523893421169303,0.13501618820697725,0.1193805208364783,0.771187921489228,-0.25982319777781315,1.0
spectral_peak,C_retrograde_8mm_16,0.008,16.0,-body_z,3,4.750000000002633,29.845130209119574,0.0559872789881456,0.48469918632871273,79.72273441276187,-1.918190505290038,-1.902785162399553,-2.4123140094013653,66.18727544279032,75.7378731587404,56.63667772684025,107.50914303174022,322.52742909522067,1000000.0,500.0,0.010327336419338298,1.721222736556383,0.5809823323625626,0.022619467105846513,0.6750809410348863,0.1193805208364783,0.5593486303362302,-0.5809823323625626,1.0
spectral_peak,C_retrograde_8mm_16,0.008,16.0,-body_z,3,4.750000000002633,29.845130209119574,0.0559872789881456,0.48469918632871273,79.72273441276187,-1.918190505290038,-1.902785162399553,-2.4123140094013653,66.18727544279032,75.7378731587404,56.63667772684025,107.50914303174022,322.52742909522067,3000000.0,10.0,0.04216117438240053,7.026862397066755,0.1423110263860344,0.0013571680263507906,0.040504856462093175,0.1193805208364783,0.8673514453434299,-0.1423110263860344,1.0
spectral_peak,C_retrograde_8mm_16,0.008,16.0,-body_z,3,4.750000000002633,29.845130209119574,0.0559872789881456,0.48469918632871273,79.72273441276187,-1.918190505290038,-1.902785162399553,-2.4123140094013653,66.18727544279032,75.7378731587404,56.63667772684025,107.50914303174022,322.52742909522067,3000000.0,50.0,0.01885505038605406,3.1425083976756762,0.3182171289469392,0.006785840131753954,0.20252428231046588,0.1193805208364783,0.727444821937525,-0.3182171289469392,1.0
spectral_peak,C_retrograde_8mm_16,0.008,16.0,-body_z,3,4.750000000002633,29.845130209119574,0.0559872789881456,0.48469918632871273,79.72273441276187,-1.918190505290038,-1.902785162399553,-2.4123140094013653,66.18727544279032,75.7378731587404,56.63667772684025,107.50914303174022,322.52742909522067,3000000.0,100.0,0.013332533987592855,2.2220889979321425,0.4500269795361894,0.013571680263507907,0.40504856462093175,0.1193805208364783,0.6376109489420424,-0.4500269795361894,1.0
spectral_peak,C_retrograde_8mm_16,0.008,16.0,-body_z,3,4.750000000002633,29.845130209119574,0.0559872789881456,0.48469918632871273,79.72273441276187,-1.918190505290038,-1.902785162399553,-2.4123140094013653,66.18727544279032,75.7378731587404,56.63667772684025,107.50914303174022,322.52742909522067,3000000.0,500.0,0.005962490461716793,0.9937484102861321,1.0062909179518262,0.06785840131753954,2.0252428231046586,0.1193805208364783,0.36557240608362296,-1.0062909179518262,0.999999755673033
spectral_peak,C_retrograde_8mm_16,0.008,16.0,-body_z,3,4.750000000002633,29.845130209119574,0.0559872789881456,0.48469918632871273,79.72273441276187,-1.918190505290038,-1.902785162399553,-2.4123140094013653,66.18727544279032,75.7378731587404,56.63667772684025,107.50914303174022,322.52742909522067,6000000.0,10.0,0.029812452308583964,4.96874205143066,0.20125818359036526,0.0027143360527015813,0.08100971292418635,0.1193805208364783,0.8177012872438474,-0.20125818359036526,1.0
spectral_peak,C_retrograde_8mm_16,0.008,16.0,-body_z,3,4.750000000002633,29.845130209119574,0.0559872789881456,0.48469918632871273,79.72273441276187,-1.918190505290038,-1.902785162399553,-2.4123140094013653,66.18727544279032,75.7378731587404,56.63667772684025,107.50914303174022,322.52742909522067,6000000.0,50.0,0.013332533987592855,2.2220889979321425,0.4500269795361894,0.013571680263507907,0.40504856462093175,0.1193805208364783,0.6376109489420424,-0.4500269795361894,1.0
spectral_peak,C_retrograde_8mm_16,0.008,16.0,-body_z,3,4.750000000002633,29.845130209119574,0.0559872789881456,0.48469918632871273,79.72273441276187,-1.918190505290038,-1.902785162399553,-2.4123140094013653,66.18727544279032,75.7378731587404,56.63667772684025,107.50914303174022,322.52742909522067,6000000.0,100.0,0.00942752519302703,1.5712541988378381,0.6364342578938784,0.027143360527015815,0.8100971292418635,0.1193805208364783,0.5291759689637174,-0.6364342578938784,1.0
spectral_peak,C_retrograde_8mm_16,0.008,16.0,-body_z,3,4.750000000002633,29.845130209119574,0.0559872789881456,0.48469918632871273,79.72273441276187,-1.918190505290038,-1.902785162399553,-2.4123140094013653,66.18727544279032,75.7378731587404,56.63667772684025,107.50914303174022,322.52742909522067,6000000.0,500.0,0.004216117438240053,0.7026862397066754,1.4231102638603441,0.13571680263507907,4.050485646209317,0.1193805208364783,0.24096339045400592,-1.4231102638603441,0.9737188098090103
spectral_peak,C_retrograde_8mm_16,0.008,16.0,-body_z,3,4.750000000002633,29.845130209119574,0.0559872789881456,0.48469918632871273,79.72273441276187,-1.918190505290038,-1.902785162399553,-2.4123140094013653,66.18727544279032,75.7378731587404,56.63667772684025,107.50914303174022,322.52742909522067,10000000.0,10.0,0.02309262626014971,3.8487710433582847,0.25982319777781315,0.004523893421169303,0.13501618820697725,0.1193805208364783,0.771187921489228,-0.25982319777781315,1.0
spectral_peak,C_retrograde_8mm_16,0.008,16.0,-body_z,3,4.750000000002633,29.845130209119574,0.0559872789881456,0.48469918632871273,79.72273441276187,-1.918190505290038,-1.902785162399553,-2.4123140094013653,66.18727544279032,75.7378731587404,56.63667772684025,107.50914303174022,322.52742909522067,10000000.0,50.0,0.010327336419338298,1.721222736556383,0.5809823323625626,0.022619467105846513,0.6750809410348863,0.1193805208364783,0.5593486303362302,-0.5809823323625626,1.0
spectral_peak,C_retrograde_8mm_16,0.008,16.0,-body_z,3,4.750000000002633,29.845130209119574,0.0559872789881456,0.48469918632871273,79.72273441276187,-1.918190505290038,-1.902785162399553,-2.4123140094013653,66.18727544279032,75.7378731587404,56.63667772684025,107.50914303174022,322.52742909522067,10000000.0,100.0,0.0073025296137089095,1.2170882689514848,0.8216330939262891,0.045238934211693026,1.3501618820697725,0.1193805208364783,0.4397129752411774,-0.8216330939262891,1.0
spectral_peak,C_retrograde_8mm_16,0.008,16.0,-body_z,3,4.750000000002633,29.845130209119574,0.0559872789881456,0.48469918632871273,79.72273441276187,-1.918190505290038,-1.902785162399553,-2.4123140094013653,66.18727544279032,75.7378731587404,56.63667772684025,107.50914303174022,322.52742909522067,10000000.0,500.0,0.0032657905247916803,0.5442984207986133,1.837227450582652,0.2261946710584651,6.750809410348862,0.1193805208364783,0.15925836625084772,-1.837227450582652,0.9053672194809141
spectral_peak,C_retrograde_8mm_16,0.008,16.0,inner_xyz,1,5.500000000003048,34.55751918950688,0.2891509895441391,0.2891509895441391,85.12648751756251,-1.918190505290038,-1.902785162399553,-2.4123140094013653,66.18727544279032,75.7378731587404,56.63667772684025,107.50914303174022,322.52742909522067,1000000.0,10.0,0.06786389575743819,11.310649292906364,0.08841225416008294,0.0004523893421169302,0.01563345337133421,0.1382300767580275,0.9153834282999423,-0.08841225416008294,1.0
spectral_peak,C_retrograde_8mm_16,0.008,16.0,inner_xyz,1,5.500000000003048,34.55751918950688,0.2891509895441391,0.2891509895441391,85.12648751756251,-1.918190505290038,-1.902785162399553,-2.4123140094013653,66.18727544279032,75.7378731587404,56.63667772684025,107.50914303174022,322.52742909522067,1000000.0,50.0,0.030349656826318277,5.058276137719712,0.19769581034593403,0.0022619467105846514,0.07816726685667105,0.1382300767580275,0.8206194391184751,-0.19769581034593403,1.0
spectral_peak,C_retrograde_8mm_16,0.008,16.0,inner_xyz,1,5.500000000003048,34.55751918950688,0.2891509895441391,0.2891509895441391,85.12648751756251,-1.918190505290038,-1.902785162399553,-2.4123140094013653,66.18727544279032,75.7378731587404,56.63667772684025,107.50914303174022,322.52742909522067,1000000.0,100.0,0.021460448148574247,3.576741358095708,0.27958409621555913,0.004523893421169303,0.1563345337133421,0.1382300767580275,0.7560981401492871,-0.27958409621555913,1.0
spectral_peak,C_retrograde_8mm_16,0.008,16.0,inner_xyz,1,5.500000000003048,34.55751918950688,0.2891509895441391,0.2891509895441391,85.12648751756251,-1.918190505290038,-1.902785162399553,-2.4123140094013653,66.18727544279032,75.7378731587404,56.63667772684025,107.50914303174022,322.52742909522067,1000000.0,500.0,0.009597404177564304,1.5995673629273839,0.625169044565832,0.022619467105846513,0.7816726685667105,0.1382300767580275,0.5351709531306015,-0.625169044565832,1.0
spectral_peak,C_retrograde_8mm_16,0.008,16.0,inner_xyz,1,5.500000000003048,34.55751918950688,0.2891509895441391,0.2891509895441391,85.12648751756251,-1.918190505290038,-1.902785162399553,-2.4123140094013653,66.18727544279032,75.7378731587404,56.63667772684025,107.50914303174022,322.52742909522067,3000000.0,10.0,0.03918123848381364,6.530206413968941,0.1531345162169565,0.0013571680263507906,0.04690036011400262,0.1382300767580275,0.8580142972109721,-0.1531345162169565,1.0
spectral_peak,C_retrograde_8mm_16,0.008,16.0,inner_xyz,1,5.500000000003048,34.55751918950688,0.2891509895441391,0.2891509895441391,85.12648751756251,-1.918190505290038,-1.902785162399553,-2.4123140094013653,66.18727544279032,75.7378731587404,56.63667772684025,107.50914303174022,322.52742909522067,3000000.0,50.0,0.01752238253848762,2.9203970897479365,0.3424191879626587,0.006785840131753954,0.23450180057001313,0.1382300767580275,0.7100504976944249,-0.3424191879626587,1.0
spectral_peak,C_retrograde_8mm_16,0.008,16.0,inner_xyz,1,5.500000000003048,34.55751918950688,0.2891509895441391,0.2891509895441391,85.12648751756251,-1.918190505290038,-1.902785162399553,-2.4123140094013653,66.18727544279032,75.7378731587404,56.63667772684025,107.50914303174022,322.52742909522067,3000000.0,100.0,0.012390195515509347,2.0650325859182246,0.4842538596335739,0.013571680263507907,0.46900360114002626,0.1382300767580275,0.616156764726069,-0.4842538596335739,1.0
spectral_peak,C_retrograde_8mm_16,0.008,16.0,inner_xyz,1,5.500000000003048,34.55751918950688,0.2891509895441391,0.2891509895441391,85.12648751756251,-1.918190505290038,-1.902785162399553,-2.4123140094013653,66.18727544279032,75.7378731587404,56.63667772684025,107.50914303174022,322.52742909522067,3000000.0,500.0,0.005541063885438389,0.9235106475730648,1.082824548507313,0.06785840131753954,2.345018005700131,0.1382300767580275,0.3386376749945179,-1.082824548507313,0.9995524897857611
spectral_peak,C_retrograde_8mm_16,0.008,16.0,inner_xyz,1,5.500000000003048,34.55751918950688,0.2891509895441391,0.2891509895441391,85.12648751756251,-1.918190505290038,-1.902785162399553,-2.4123140094013653,66.18727544279032,75.7378731587404,56.63667772684025,107.50914303174022,322.52742909522067,6000000.0,10.0,0.027705319427191948,4.617553237865325,0.21656490970146255,0.0027143360527015813,0.09380072022800524,0.1382300767580275,0.8052802627247564,-0.21656490970146255,1.0
spectral_peak,C_retrograde_8mm_16,0.008,16.0,inner_xyz,1,5.500000000003048,34.55751918950688,0.2891509895441391,0.2891509895441391,85.12648751756251,-1.918190505290038,-1.902785162399553,-2.4123140094013653,66.18727544279032,75.7378731587404,56.63667772684025,107.50914303174022,322.52742909522067,6000000.0,50.0,0.012390195515509347,2.0650325859182246,0.4842538596335739,0.013571680263507907,0.46900360114002626,0.1382300767580275,0.616156764726069,-0.4842538596335739,1.0
spectral_peak,C_retrograde_8mm_16,0.008,16.0,inner_xyz,1,5.500000000003048,34.55751918950688,0.2891509895441391,0.2891509895441391,85.12648751756251,-1.918190505290038,-1.902785162399553,-2.4123140094013653,66.18727544279032,75.7378731587404,56.63667772684025,107.50914303174022,322.52742909522067,6000000.0,100.0,0.00876119126924381,1.4601985448739683,0.6848383759253174,0.027143360527015815,0.9380072022800525,0.1382300767580275,0.5041717092761004,-0.6848383759253174,1.0
spectral_peak,C_retrograde_8mm_16,0.008,16.0,inner_xyz,1,5.500000000003048,34.55751918950688,0.2891509895441391,0.2891509895441391,85.12648751756251,-1.918190505290038,-1.902785162399553,-2.4123140094013653,66.18727544279032,75.7378731587404,56.63667772684025,107.50914303174022,322.52742909522067,6000000.0,500.0,0.003918123848381364,0.653020641396894,1.531345162169565,0.13571680263507907,4.690036011400262,0.1382300767580275,0.21624458754661055,-1.531345162169565,0.9582255327863486
spectral_peak,C_retrograde_8mm_16,0.008,16.0,inner_xyz,1,5.500000000003048,34.55751918950688,0.2891509895441391,0.2891509895441391,85.12648751756251,-1.918190505290038,-1.902785162399553,-2.4123140094013653,66.18727544279032,75.7378731587404,56.63667772684025,107.50914303174022,322.52742909522067,10000000.0,10.0,0.021460448148574247,3.576741358095708,0.27958409621555913,0.004523893421169303,0.1563345337133421,0.1382300767580275,0.7560981401492871,-0.27958409621555913,1.0
spectral_peak,C_retrograde_8mm_16,0.008,16.0,inner_xyz,1,5.500000000003048,34.55751918950688,0.2891509895441391,0.2891509895441391,85.12648751756251,-1.918190505290038,-1.902785162399553,-2.4123140094013653,66.18727544279032,75.7378731587404,56.63667772684025,107.50914303174022,322.52742909522067,10000000.0,50.0,0.009597404177564304,1.5995673629273839,0.625169044565832,0.022619467105846513,0.7816726685667105,0.1382300767580275,0.5351709531306015,-0.625169044565832,1.0
spectral_peak,C_retrograde_8mm_16,0.008,16.0,inner_xyz,1,5.500000000003048,34.55751918950688,0.2891509895441391,0.2891509895441391,85.12648751756251,-1.918190505290038,-1.902785162399553,-2.4123140094013653,66.18727544279032,75.7378731587404,56.63667772684025,107.50914303174022,322.52742909522067,10000000.0,100.0,0.006786389575743819,1.1310649292906365,0.8841225416008295,0.045238934211693026,1.563345337133421,0.1382300767580275,0.4130764717245116,-0.8841225416008295,1.0
spectral_peak,C_retrograde_8mm_16,0.008,16.0,inner_xyz,1,5.500000000003048,34.55751918950688,0.2891509895441391,0.2891509895441391,85.12648751756251,-1.918190505290038,-1.902785162399553,-2.4123140094013653,66.18727544279032,75.7378731587404,56.63667772684025,107.50914303174022,322.52742909522067,10000000.0,500.0,0.0030349656826318275,0.5058276137719713,1.9769581034593404,0.2261946710584651,7.816726685667104,0.1382300767580275,0.1384898690810568,-1.9769581034593404,0.8793199666176363
spectral_peak,C_retrograde_8mm_16,0.008,16.0,inner_xyz,2,16.250000000009006,102.10176124172486,0.07705183709136154,0.36620282663550063,85.12648751756251,-1.918190505290038,-1.902785162399553,-2.4123140094013653,66.18727544279032,75.7378731587404,56.63667772684025,107.50914303174022,322.52742909522067,1000000.0,10.0,0.03948148224991669,6.580247041652782,0.15196997828045478,0.0004523893421169302,0.04618974859712379,0.40840704496689945,0.859014069433489,-0.15196997828045478,1.0
spectral_peak,C_retrograde_8mm_16,0.008,16.0,inner_xyz,2,16.250000000009006,102.10176124172486,0.07705183709136154,0.36620282663550063,85.12648751756251,-1.918190505290038,-1.902785162399553,-2.4123140094013653,66.18727544279032,75.7378731587404,56.63667772684025,107.50914303174022,322.52742909522067,1000000.0,50.0,0.01765665563265301,2.9427759387755015,0.3398152019742635,0.0022619467105846514,0.230948742985619,0.40840704496689945,0.7119018686673715,-0.3398152019742635,1.0
spectral_peak,C_retrograde_8mm_16,0.008,16.0,inner_xyz,2,16.250000000009006,102.10176124172486,0.07705183709136154,0.36620282663550063,85.12648751756251,-1.918190505290038,-1.902785162399553,-2.4123140094013653,66.18727544279032,75.7378731587404,56.63667772684025,107.50914303174022,322.52742909522067,1000000.0,100.0,0.012485140930924595,2.080856821820766,0.48057126733255595,0.004523893421169303,0.461897485971238,0.40840704496689945,0.6184300020181053,-0.48057126733255595,1.0
spectral_peak,C_retrograde_8mm_16,0.008,16.0,inner_xyz,2,16.250000000009006,102.10176124172486,0.07705183709136154,0.36620282663550063,85.12648751756251,-1.918190505290038,-1.902785162399553,-2.4123140094013653,66.18727544279032,75.7378731587404,56.63667772684025,107.50914303174022,322.52742909522067,1000000.0,500.0,0.00558352476604248,0.9305874610070799,1.0745900217888191,0.022619467105846513,2.30948742985619,0.40840704496689945,0.3414377086311397,-1.0745900217888191,0.9996655634063517
spectral_peak,C_retrograde_8mm_16,0.008,16.0,inner_xyz,2,16.250000000009006,102.10176124172486,0.07705183709136154,0.36620282663550063,85.12648751756251,-1.918190505290038,-1.902785162399553,-2.4123140094013653,66.18727544279032,75.7378731587404,56.63667772684025,107.50914303174022,322.52742909522067,3000000.0,10.0,0.022794644404994832,3.799107400832472,0.26321972360688645,0.0013571680263507906,0.13856924579137136,0.40840704496689945,0.7685730051241981,-0.26321972360688645,1.0
spectral_peak,C_retrograde_8mm_16,0.008,16.0,inner_xyz,2,16.250000000009006,102.10176124172486,0.07705183709136154,0.36620282663550063,85.12648751756251,-1.918190505290038,-1.902785162399553,-2.4123140094013653,66.18727544279032,75.7378731587404,56.63667772684025,107.50914303174022,322.52742909522067,3000000.0,50.0,0.010194074882500738,1.6990124804167896,0.5885771950037042,0.006785840131753954,0.692846228956857,0.40840704496689945,0.5551165457138962,-0.5885771950037042,1.0
spectral_peak,C_retrograde_8mm_16,0.008,16.0,inner_xyz,2,16.250000000009006,102.10176124172486,0.07705183709136154,0.36620282663550063,85.12648751756251,-1.918190505290038,-1.902785162399553,-2.4123140094013653,66.18727544279032,75.7378731587404,56.63667772684025,107.50914303174022,322.52742909522067,3000000.0,100.0,0.00720829947733973,1.2013832462232883,0.8323738516777524,0.013571680263507907,1.385692457913714,0.40840704496689945,0.435015397626337,-0.8323738516777524,1.0
spectral_peak,C_retrograde_8mm_16,0.008,16.0,inner_xyz,2,16.250000000009006,102.10176124172486,0.07705183709136154,0.36620282663550063,85.12648751756251,-1.918190505290038,-1.902785162399553,-2.4123140094013653,66.18727544279032,75.7378731587404,56.63667772684025,107.50914303174022,322.52742909522067,3000000.0,500.0,0.003223649526701568,0.537274921116928,1.8612445150447816,0.06785840131753954,6.928462289568569,0.40840704496689945,0.15547901394171104,-1.8612445150447816,0.9009238517326523
spectral_peak,C_retrograde_8mm_16,0.008,16.0,inner_xyz,2,16.250000000009006,102.10176124172486,0.07705183709136154,0.36620282663550063,85.12648751756251,-1.918190505290038,-1.902785162399553,-2.4123140094013653,66.18727544279032,75.7378731587404,56.63667772684025,107.50914303174022,322.52742909522067,6000000.0,10.0,0.016118247633507842,2.6863746055846405,0.3722489030089563,0.0027143360527015813,0.27713849158274273,0.40840704496689945,0.6891826815309308,-0.3722489030089563,1.0
spectral_peak,C_retrograde_8mm_16,0.008,16.0,inner_xyz,2,16.250000000009006,102.10176124172486,0.07705183709136154,0.36620282663550063,85.12648751756251,-1.918190505290038,-1.902785162399553,-2.4123140094013653,66.18727544279032,75.7378731587404,56.63667772684025,107.50914303174022,322.52742909522067,6000000.0,50.0,0.00720829947733973,1.2013832462232883,0.8323738516777524,0.013571680263507907,1.385692457913714,0.40840704496689945,0.435015397626337,-0.8323738516777524,1.0
spectral_peak,C_retrograde_8mm_16,0.008,16.0,inner_xyz,2,16.250000000009006,102.10176124172486,0.07705183709136154,0.36620282663550063,85.12648751756251,-1.918190505290038,-1.902785162399553,-2.4123140094013653,66.18727544279032,75.7378731587404,56.63667772684025,107.50914303174022,322.52742909522067,6000000.0,100.0,0.005097037441250369,0.8495062402083948,1.1771543900074084,0.027143360527015815,2.771384915827428,0.40840704496689945,0.3081543793253282,-1.1771543900074084,0.9965915613842593
spectral_peak,C_retrograde_8mm_16,0.008,16.0,inner_xyz,2,16.250000000009006,102.10176124172486,0.07705183709136154,0.36620282663550063,85.12648751756251,-1.918190505290038,-1.902785162399553,-2.4123140094013653,66.18727544279032,75.7378731587404,56.63667772684025,107.50914303174022,322.52742909522067,6000000.0,500.0,0.002279464440499483,0.37991074008324716,2.6321972360688646,0.13571680263507907,13.856924579137138,0.40840704496689945,0.07192026270625315,-2.6321972360688646,0.7615690506440504
spectral_peak,C_retrograde_8mm_16,0.008,16.0,inner_xyz,2,16.250000000009006,102.10176124172486,0.07705183709136154,0.36620282663550063,85.12648751756251,-1.918190505290038,-1.902785162399553,-2.4123140094013653,66.18727544279032,75.7378731587404,56.63667772684025,107.50914303174022,322.52742909522067,10000000.0,10.0,0.012485140930924595,2.080856821820766,0.48057126733255595,0.004523893421169303,0.461897485971238,0.40840704496689945,0.6184300020181053,-0.48057126733255595,1.0
spectral_peak,C_retrograde_8mm_16,0.008,16.0,inner_xyz,2,16.250000000009006,102.10176124172486,0.07705183709136154,0.36620282663550063,85.12648751756251,-1.918190505290038,-1.902785162399553,-2.4123140094013653,66.18727544279032,75.7378731587404,56.63667772684025,107.50914303174022,322.52742909522067,10000000.0,50.0,0.00558352476604248,0.9305874610070799,1.0745900217888191,0.022619467105846513,2.30948742985619,0.40840704496689945,0.3414377086311397,-1.0745900217888191,0.9996655634063517
spectral_peak,C_retrograde_8mm_16,0.008,16.0,inner_xyz,2,16.250000000009006,102.10176124172486,0.07705183709136154,0.36620282663550063,85.12648751756251,-1.918190505290038,-1.902785162399553,-2.4123140094013653,66.18727544279032,75.7378731587404,56.63667772684025,107.50914303174022,322.52742909522067,10000000.0,100.0,0.003948148224991669,0.6580247041652781,1.5196997828045478,0.045238934211693026,4.61897485971238,0.40840704496689945,0.21877755787880507,-1.5196997828045478,0.9600069798678144
spectral_peak,C_retrograde_8mm_16,0.008,16.0,inner_xyz,2,16.250000000009006,102.10176124172486,0.07705183709136154,0.36620282663550063,85.12648751756251,-1.918190505290038,-1.902785162399553,-2.4123140094013653,66.18727544279032,75.7378731587404,56.63667772684025,107.50914303174022,322.52742909522067,10000000.0,500.0,0.0017656655632653012,0.2942775938775502,3.3981520197426347,0.2261946710584651,23.094874298561898,0.40840704496689945,0.033435000124831596,-3.3981520197426347,0.6485191091576343
spectral_peak,C_retrograde_8mm_16,0.008,16.0,inner_xyz,3,11.000000000006096,69.11503837901375,0.06540745837202087,0.4316102850075215,85.12648751756251,-1.918190505290038,-1.902785162399553,-2.4123140094013653,66.18727544279032,75.7378731587404,56.63667772684025,107.50914303174022,322.52742909522067,1000000.0,10.0,0.04798702088782152,7.99783681463692,0.12503380891316637,0.0004523893421169302,0.03126690674266842,0.276460153516055,0.8824670668278064,-0.12503380891316637,1.0
spectral_peak,C_retrograde_8mm_16,0.008,16.0,inner_xyz,3,11.000000000006096,69.11503837901375,0.06540745837202087,0.4316102850075215,85.12648751756251,-1.918190505290038,-1.902785162399553,-2.4123140094013653,66.18727544279032,75.7378731587404,56.63667772684025,107.50914303174022,322.52742909522067,1000000.0,50.0,0.021460448148574247,3.576741358095708,0.27958409621555913,0.0022619467105846514,0.1563345337133421,0.276460153516055,0.7560981401492871,-0.27958409621555913,1.0
spectral_peak,C_retrograde_8mm_16,0.008,16.0,inner_xyz,3,11.000000000006096,69.11503837901375,0.06540745837202087,0.4316102850075215,85.12648751756251,-1.918190505290038,-1.902785162399553,-2.4123140094013653,66.18727544279032,75.7378731587404,56.63667772684025,107.50914303174022,322.52742909522067,1000000.0,100.0,0.015174828413159138,2.529138068859856,0.39539162069186806,0.004523893421169303,0.3126690674266842,0.276460153516055,0.6734162638591208,-0.39539162069186806,1.0
spectral_peak,C_retrograde_8mm_16,0.008,16.0,inner_xyz,3,11.000000000006096,69.11503837901375,0.06540745837202087,0.4316102850075215,85.12648751756251,-1.918190505290038,-1.902785162399553,-2.4123140094013653,66.18727544279032,75.7378731587404,56.63667772684025,107.50914303174022,322.52742909522067,1000000.0,500.0,0.006786389575743819,1.1310649292906365,0.8841225416008295,0.022619467105846513,1.563345337133421,0.276460153516055,0.4130764717245116,-0.8841225416008295,1.0
spectral_peak,C_retrograde_8mm_16,0.008,16.0,inner_xyz,3,11.000000000006096,69.11503837901375,0.06540745837202087,0.4316102850075215,85.12648751756251,-1.918190505290038,-1.902785162399553,-2.4123140094013653,66.18727544279032,75.7378731587404,56.63667772684025,107.50914303174022,322.52742909522067,3000000.0,10.0,0.027705319427191948,4.617553237865325,0.21656490970146255,0.0013571680263507906,0.09380072022800524,0.276460153516055,0.8052802627247564,-0.21656490970146255,1.0
spectral_peak,C_retrograde_8mm_16,0.008,16.0,inner_xyz,3,11.000000000006096,69.11503837901375,0.06540745837202087,0.4316102850075215,85.12648751756251,-1.918190505290038,-1.902785162399553,-2.4123140094013653,66.18727544279032,75.7378731587404,56.63667772684025,107.50914303174022,322.52742909522067,3000000.0,50.0,0.012390195515509347,2.0650325859182246,0.4842538596335739,0.006785840131753954,0.46900360114002626,0.276460153516055,0.616156764726069,-0.4842538596335739,1.0
spectral_peak,C_retrograde_8mm_16,0.008,16.0,inner_xyz,3,11.000000000006096,69.11503837901375,0.06540745837202087,0.4316102850075215,85.12648751756251,-1.918190505290038,-1.902785162399553,-2.4123140094013653,66.18727544279032,75.7378731587404,56.63667772684025,107.50914303174022,322.52742909522067,3000000.0,100.0,0.00876119126924381,1.4601985448739683,0.6848383759253174,0.013571680263507907,0.9380072022800525,0.276460153516055,0.5041717092761004,-0.6848383759253174,1.0
spectral_peak,C_retrograde_8mm_16,0.008,16.0,inner_xyz,3,11.000000000006096,69.11503837901375,0.06540745837202087,0.4316102850075215,85.12648751756251,-1.918190505290038,-1.902785162399553,-2.4123140094013653,66.18727544279032,75.7378731587404,56.63667772684025,107.50914303174022,322.52742909522067,3000000.0,500.0,0.003918123848381364,0.653020641396894,1.531345162169565,0.06785840131753954,4.690036011400262,0.276460153516055,0.21624458754661055,-1.531345162169565,0.9582255327863486
spectral_peak,C_retrograde_8mm_16,0.008,16.0,inner_xyz,3,11.000000000006096,69.11503837901375,0.06540745837202087,0.4316102850075215,85.12648751756251,-1.918190505290038,-1.902785162399553,-2.4123140094013653,66.18727544279032,75.7378731587404,56.63667772684025,107.50914303174022,322.52742909522067,6000000.0,10.0,0.01959061924190682,3.2651032069844703,0.306269032433913,0.0027143360527015813,0.1876014404560105,0.276460153516055,0.7361885342184384,-0.306269032433913,1.0
spectral_peak,C_retrograde_8mm_16,0.008,16.0,inner_xyz,3,11.000000000006096,69.11503837901375,0.06540745837202087,0.4316102850075215,85.12648751756251,-1.918190505290038,-1.902785162399553,-2.4123140094013653,66.18727544279032,75.7378731587404,56.63667772684025,107.50914303174022,322.52742909522067,6000000.0,50.0,0.00876119126924381,1.4601985448739683,0.6848383759253174,0.013571680263507907,0.9380072022800525,0.276460153516055,0.5041717092761004,-0.6848383759253174,1.0
spectral_peak,C_retrograde_8mm_16,0.008,16.0,inner_xyz,3,11.000000000006096,69.11503837901375,0.06540745837202087,0.4316102850075215,85.12648751756251,-1.918190505290038,-1.902785162399553,-2.4123140094013653,66.18727544279032,75.7378731587404,56.63667772684025,107.50914303174022,322.52742909522067,6000000.0,100.0,0.006195097757754673,1.0325162929591123,0.9685077192671478,0.027143360527015815,1.876014404560105,0.276460153516055,0.3796491587176963,-0.9685077192671478,1.0
spectral_peak,C_retrograde_8mm_16,0.008,16.0,inner_xyz,3,11.000000000006096,69.11503837901375,0.06540745837202087,0.4316102850075215,85.12648751756251,-1.918190505290038,-1.902785162399553,-2.4123140094013653,66.18727544279032,75.7378731587404,56.63667772684025,107.50914303174022,322.52742909522067,6000000.0,500.0,0.0027705319427191945,0.4617553237865324,2.165649097014626,0.13571680263507907,9.380072022800524,0.276460153516055,0.11467547492569274,-2.165649097014626,0.84406657117511
spectral_peak,C_retrograde_8mm_16,0.008,16.0,inner_xyz,3,11.000000000006096,69.11503837901375,0.06540745837202087,0.4316102850075215,85.12648751756251,-1.918190505290038,-1.902785162399553,-2.4123140094013653,66.18727544279032,75.7378731587404,56.63667772684025,107.50914303174022,322.52742909522067,10000000.0,10.0,0.015174828413159138,2.529138068859856,0.39539162069186806,0.004523893421169303,0.3126690674266842,0.276460153516055,0.6734162638591208,-0.39539162069186806,1.0
spectral_peak,C_retrograde_8mm_16,0.008,16.0,inner_xyz,3,11.000000000006096,69.11503837901375,0.06540745837202087,0.4316102850075215,85.12648751756251,-1.918190505290038,-1.902785162399553,-2.4123140094013653,66.18727544279032,75.7378731587404,56.63667772684025,107.50914303174022,322.52742909522067,10000000.0,50.0,0.006786389575743819,1.1310649292906365,0.8841225416008295,0.022619467105846513,1.563345337133421,0.276460153516055,0.4130764717245116,-0.8841225416008295,1.0
spectral_peak,C_retrograde_8mm_16,0.008,16.0,inner_xyz,3,11.000000000006096,69.11503837901375,0.06540745837202087,0.4316102850075215,85.12648751756251,-1.918190505290038,-1.902785162399553,-2.4123140094013653,66.18727544279032,75.7378731587404,56.63667772684025,107.50914303174022,322.52742909522067,10000000.0,100.0,0.004798702088782152,0.7997836814636919,1.250338089131664,0.045238934211693026,3.126690674266842,0.276460153516055,0.28640794907471645,-1.250338089131664,0.9919740136892952
spectral_peak,C_retrograde_8mm_16,0.008,16.0,inner_xyz,3,11.000000000006096,69.11503837901375,0.06540745837202087,0.4316102850075215,85.12648751756251,-1.918190505290038,-1.902785162399553,-2.4123140094013653,66.18727544279032,75.7378731587404,56.63667772684025,107.50914303174022,322.52742909522067,10000000.0,500.0,0.0021460448148574248,0.3576741358095708,2.7958409621555913,0.2261946710584651,15.633453371334207,0.276460153516055,0.06106350064082391,-2.7958409621555913,0.7349875789837768
case_aggregate,C_retrograde_8mm_16,0.008,16.0,aggregate,1,5.500000000003048,34.55751918950688,0.3054667708650678,0.3054667708650678,84.956928615801,-1.918190505290038,-1.902785162399553,-2.4123140094013653,66.18727544279032,75.7378731587404,56.63667772684025,107.50914303174022,322.52742909522067,6000000.0,100.0,0.00876119126924381,1.4601985448739683,0.6848383759253174,0.027143360527015815,0.9380072022800525,0.1382300767580275,0.5041717092761004,-0.6848383759253174,1.0
case_aggregate,C_retrograde_8mm_16,0.008,16.0,aggregate,2,16.500000000009145,103.67255756852063,0.07296809980426311,0.3784348706693309,84.956928615801,-1.918190505290038,-1.902785162399553,-2.4123140094013653,66.18727544279032,75.7378731587404,56.63667772684025,107.50914303174022,322.52742909522067,6000000.0,100.0,0.005058276137719713,0.8430460229532855,1.186174862075604,0.027143360527015815,2.8140216068401576,0.4146902302740825,0.3053871808359088,-1.186174862075604,0.9961335092617932
case_aggregate,C_retrograde_8mm_16,0.008,16.0,aggregate,3,11.000000000006096,69.11503837901375,0.05964241219974176,0.43807728286907266,84.956928615801,-1.918190505290038,-1.902785162399553,-2.4123140094013653,66.18727544279032,75.7378731587404,56.63667772684025,107.50914303174022,322.52742909522067,6000000.0,100.0,0.006195097757754673,1.0325162929591123,0.9685077192671478,0.027143360527015815,1.876014404560105,0.276460153516055,0.3796491587176963,-0.9685077192671478,1.0
spectral_peak,D_weak_16mm_10,0.016,10.0,center,1,8.500000000004711,53.40707511105608,0.6938414456443045,0.6938414456443045,55.58552929774619,-0.9564195238347549,-0.8186079052854145,-1.0067800437128442,12.67910190908483,12.729378294533081,12.628825523636579,65.73851714300854,197.2155514290256,1000000.0,10.0,0.054589695117378,9.098282519563,0.10991085381771934,0.0004523893421169302,0.02416079157388014,0.21362830044422432,0.8959139990493681,-0.10991085381771934,1.0
spectral_peak,D_weak_16mm_10,0.016,10.0,center,1,8.500000000004711,53.40707511105608,0.6938414456443045,0.6938414456443045,55.58552929774619,-0.9564195238347549,-0.8186079052854145,-1.0067800437128442,12.67910190908483,12.729378294533081,12.628825523636579,65.73851714300854,197.2155514290256,1000000.0,50.0,0.024413253830689114,4.068875638448185,0.2457681406014627,0.0022619467105846514,0.12080395786940071,0.21362830044422432,0.7821035419614686,-0.2457681406014627,1.0
spectral_peak,D_weak_16mm_10,0.016,10.0,center,1,8.500000000004711,53.40707511105608,0.6938414456443045,0.6938414456443045,55.58552929774619,-0.9564195238347549,-0.8186079052854145,-1.0067800437128442,12.67910190908483,12.729378294533081,12.628825523636579,65.73851714300854,197.2155514290256,1000000.0,100.0,0.01726277733450873,2.8771295557514547,0.34756863763780627,0.004523893421169303,0.24160791573880142,0.21362830044422432,0.7064035263961577,-0.34756863763780627,1.0
spectral_peak,D_weak_16mm_10,0.016,10.0,center,1,8.500000000004711,53.40707511105608,0.6938414456443045,0.6938414456443045,55.58552929774619,-0.9564195238347549,-0.8186079052854145,-1.0067800437128442,12.67910190908483,12.729378294533081,12.628825523636579,65.73851714300854,197.2155514290256,1000000.0,500.0,0.007720148720080829,1.2866914533468048,0.7771871006051269,0.022619467105846513,1.208039578694007,0.21362830044422432,0.45969727654521886,-0.7771871006051269,1.0
spectral_peak,D_weak_16mm_10,0.016,10.0,center,1,8.500000000004711,53.40707511105608,0.6938414456443045,0.6938414456443045,55.58552929774619,-0.9564195238347549,-0.8186079052854145,-1.0067800437128442,12.67910190908483,12.729378294533081,12.628825523636579,65.73851714300854,197.2155514290256,3000000.0,10.0,0.03151737517099779,5.2528958618329655,0.19037118311556556,0.0013571680263507906,0.07248237472164042,0.21362830044422432,0.8266522376364671,-0.19037118311556556,1.0
spectral_peak,D_weak_16mm_10,0.016,10.0,center,1,8.500000000004711,53.40707511105608,0.6938414456443045,0.6938414456443045,55.58552929774619,-0.9564195238347549,-0.8186079052854145,-1.0067800437128442,12.67910190908483,12.729378294533081,12.628825523636579,65.73851714300854,197.2155514290256,3000000.0,50.0,0.01409499867094302,2.34916644515717,0.4256829064034649,0.006785840131753954,0.3624118736082021,0.21362830044422432,0.6533234739689103,-0.4256829064034649,1.0
spectral_peak,D_weak_16mm_10,0.016,10.0,center,1,8.500000000004711,53.40707511105608,0.6938414456443045,0.6938414456443045,55.58552929774619,-0.9564195238347549,-0.8186079052854145,-1.0067800437128442,12.67910190908483,12.729378294533081,12.628825523636579,65.73851714300854,197.2155514290256,3000000.0,100.0,0.009966669141039185,1.6611115235065308,0.6020065395061769,0.013571680263507907,0.7248237472164042,0.21362830044422432,0.5477115279390958,-0.6020065395061769,1.0
spectral_peak,D_weak_16mm_10,0.016,10.0,center,1,8.500000000004711,53.40707511105608,0.6938414456443045,0.6938414456443045,55.58552929774619,-0.9564195238347549,-0.8186079052854145,-1.0067800437128442,12.67910190908483,12.729378294533081,12.628825523636579,65.73851714300854,197.2155514290256,3000000.0,500.0,0.004457229941722611,0.7428716569537686,1.3461275452352242,0.06785840131753954,3.624118736082021,0.21362830044422432,0.26024610311121554,-1.3461275452352242,0.9829999635084405
spectral_peak,D_weak_16mm_10,0.016,10.0,center,1,8.500000000004711,53.40707511105608,0.6938414456443045,0.6938414456443045,55.58552929774619,-0.9564195238347549,-0.8186079052854145,-1.0067800437128442,12.67910190908483,12.729378294533081,12.628825523636579,65.73851714300854,197.2155514290256,6000000.0,10.0,0.02228614970861306,3.714358284768843,0.2692255090470448,0.0027143360527015813,0.14496474944328083,0.21362830044422432,0.7639709538593483,-0.2692255090470448,1.0
spectral_peak,D_weak_16mm_10,0.016,10.0,center,1,8.500000000004711,53.40707511105608,0.6938414456443045,0.6938414456443045,55.58552929774619,-0.9564195238347549,-0.8186079052854145,-1.0067800437128442,12.67910190908483,12.729378294533081,12.628825523636579,65.73851714300854,197.2155514290256,6000000.0,50.0,0.009966669141039185,1.6611115235065308,0.6020065395061769,0.013571680263507907,0.7248237472164042,0.21362830044422432,0.5477115279390958,-0.6020065395061769,1.0
spectral_peak,D_weak_16mm_10,0.016,10.0,center,1,8.500000000004711,53.40707511105608,0.6938414456443045,0.6938414456443045,55.58552929774619,-0.9564195238347549,-0.8186079052854145,-1.0067800437128442,12.67910190908483,12.729378294533081,12.628825523636579,65.73851714300854,197.2155514290256,6000000.0,100.0,0.00704749933547151,1.174583222578585,0.8513658128069298,0.027143360527015815,1.4496474944328084,0.21362830044422432,0.42683156163880537,-0.8513658128069298,1.0
spectral_peak,D_weak_16mm_10,0.016,10.0,center,1,8.500000000004711,53.40707511105608,0.6938414456443045,0.6938414456443045,55.58552929774619,-0.9564195238347549,-0.8186079052854145,-1.0067800437128442,12.67910190908483,12.729378294533081,12.628825523636579,65.73851714300854,197.2155514290256,6000000.0,500.0,0.0031517375170997787,0.5252895861832965,1.903711831155656,0.13571680263507907,7.248237472164042,0.21362830044422432,0.14901447484331765,-1.903711831155656,0.893024019171379
spectral_peak,D_weak_16mm_10,0.016,10.0,center,1,8.500000000004711,53.40707511105608,0.6938414456443045,0.6938414456443045,55.58552929774619,-0.9564195238347549,-0.8186079052854145,-1.0067800437128442,12.67910190908483,12.729378294533081,12.628825523636579,65.73851714300854,197.2155514290256,10000000.0,10.0,0.01726277733450873,2.8771295557514547,0.34756863763780627,0.004523893421169303,0.24160791573880142,0.21362830044422432,0.7064035263961577,-0.34756863763780627,1.0
spectral_peak,D_weak_16mm_10,0.016,10.0,center,1,8.500000000004711,53.40707511105608,0.6938414456443045,0.6938414456443045,55.58552929774619,-0.9564195238347549,-0.8186079052854145,-1.0067800437128442,12.67910190908483,12.729378294533081,12.628825523636579,65.73851714300854,197.2155514290256,10000000.0,50.0,0.007720148720080829,1.2866914533468048,0.7771871006051269,0.022619467105846513,1.208039578694007,0.21362830044422432,0.45969727654521886,-0.7771871006051269,1.0
spectral_peak,D_weak_16mm_10,0.016,10.0,center,1,8.500000000004711,53.40707511105608,0.6938414456443045,0.6938414456443045,55.58552929774619,-0.9564195238347549,-0.8186079052854145,-1.0067800437128442,12.67910190908483,12.729378294533081,12.628825523636579,65.73851714300854,197.2155514290256,10000000.0,100.0,0.0054589695117378,0.9098282519562999,1.0991085381771935,0.045238934211693026,2.416079157388014,0.21362830044422432,0.33316795786744613,-1.0991085381771935,0.9992668185531766
spectral_peak,D_weak_16mm_10,0.016,10.0,center,1,8.500000000004711,53.40707511105608,0.6938414456443045,0.6938414456443045,55.58552929774619,-0.9564195238347549,-0.8186079052854145,-1.0067800437128442,12.67910190908483,12.729378294533081,12.628825523636579,65.73851714300854,197.2155514290256,10000000.0,500.0,0.0024413253830689115,0.40688756384481856,2.457681406014627,0.2261946710584651,12.08039578694007,0.21362830044422432,0.08563326975230094,-2.457681406014627,0.791353506324058
spectral_peak,D_weak_16mm_10,0.016,10.0,center,2,10.000000000005542,62.831853071830686,0.11616144160107353,0.8100028872453781,55.58552929774619,-0.9564195238347549,-0.8186079052854145,-1.0067800437128442,12.67910190908483,12.729378294533081,12.628825523636579,65.73851714300854,197.2155514290256,1000000.0,10.0,0.05032921210447309,8.388202017412182,0.11921505918958625,0.0004523893421169302,0.028424460675153102,0.25132741228732275,0.8876168900650956,-0.11921505918958625,1.0
spectral_peak,D_weak_16mm_10,0.016,10.0,center,2,10.000000000005542,62.831853071830686,0.11616144160107353,0.8100028872453781,55.58552929774619,-0.9564195238347549,-0.8186079052854145,-1.0067800437128442,12.67910190908483,12.729378294533081,12.628825523636579,65.73851714300854,197.2155514290256,1000000.0,50.0,0.022507907903921414,3.7513179839869024,0.2665729762895759,0.0022619467105846514,0.14212230337576554,0.25132741228732275,0.7660001018412157,-0.2665729762895759,1.0
spectral_peak,D_weak_16mm_10,0.016,10.0,center,2,10.000000000005542,62.831853071830686,0.11616144160107353,0.8100028872453781,55.58552929774619,-0.9564195238347549,-0.8186079052854145,-1.0067800437128442,12.67910190908483,12.729378294533081,12.628825523636579,65.73851714300854,197.2155514290256,1000000.0,100.0,0.015915494309185124,2.6525823848641874,0.3769911184308796,0.004523893421169303,0.28424460675153107,0.25132741228732275,0.6859221659340946,-0.3769911184308796,1.0
spectral_peak,D_weak_16mm_10,0.016,10.0,center,2,10.000000000005542,62.831853071830686,0.11616144160107353,0.8100028872453781,55.58552929774619,-0.9564195238347549,-0.8186079052854145,-1.0067800437128442,12.67910190908483,12.729378294533081,12.628825523636579,65.73851714300854,197.2155514290256,1000000.0,500.0,0.007117625434169799,1.1862709056949665,0.8429777677251207,0.022619467105846513,1.4212230337576555,0.25132741228732275,0.430426901877731,-0.8429777677251207,1.0
spectral_peak,D_weak_16mm_10,0.016,10.0,center,2,10.000000000005542,62.831853071830686,0.11616144160107353,0.8100028872453781,55.58552929774619,-0.9564195238347549,-0.8186079052854145,-1.0067800437128442,12.67910190908483,12.729378294533081,12.628825523636579,65.73851714300854,197.2155514290256,3000000.0,10.0,0.02905758415661931,4.842930692769885,0.20648653954369436,0.0013571680263507906,0.08527338202545931,0.25132741228732275,0.8134372106193014,-0.20648653954369436,1.0
spectral_peak,D_weak_16mm_10,0.016,10.0,center,2,10.000000000005542,62.831853071830686,0.11616144160107353,0.8100028872453781,55.58552929774619,-0.9564195238347549,-0.8186079052854145,-1.0067800437128442,12.67910190908483,12.729378294533081,12.628825523636579,65.73851714300854,197.2155514290256,3000000.0,50.0,0.012994946687224333,2.165824447870722,0.46171793885839907,0.006785840131753954,0.4263669101272966,0.25132741228732275,0.6302000698265191,-0.46171793885839907,1.0
spectral_peak,D_weak_16mm_10,0.016,10.0,center,2,10.000000000005542,62.831853071830686,0.11616144160107353,0.8100028872453781,55.58552929774619,-0.9564195238347549,-0.8186079052854145,-1.0067800437128442,12.67910190908483,12.729378294533081,12.628825523636579,65.73851714300854,197.2155514290256,3000000.0,100.0,0.009188814923693988,1.531469153948998,0.6529677711244994,0.013571680263507907,0.8527338202545932,0.25132741228732275,0.520498761108735,-0.6529677711244994,1.0
spectral_peak,D_weak_16mm_10,0.016,10.0,center,2,10.000000000005542,62.831853071830686,0.11616144160107353,0.8100028872453781,55.58552929774619,-0.9564195238347549,-0.8186079052854145,-1.0067800437128442,12.67910190908483,12.729378294533081,12.628825523636579,65.73851714300854,197.2155514290256,3000000.0,500.0,0.00410936296040886,0.68489382673481,1.4600803233509048,0.06785840131753954,4.263669101272966,0.25132741228732275,0.23221762148312655,-1.4600803233509048,0.9687125092193274
spectral_peak,D_weak_16mm_10,0.016,10.0,center,2,10.000000000005542,62.831853071830686,0.11616144160107353,0.8100028872453781,55.58552929774619,-0.9564195238347549,-0.8186079052854145,-1.0067800437128442,12.67910190908483,12.729378294533081,12.628825523636579,65.73851714300854,197.2155514290256,6000000.0,10.0,0.0205468148020443,3.42446913367405,0.292016064670181,0.0027143360527015813,0.17054676405091862,0.25132741228732275,0.7467565394794853,-0.292016064670181,1.0
spectral_peak,D_weak_16mm_10,0.016,10.0,center,2,10.000000000005542,62.831853071830686,0.11616144160107353,0.8100028872453781,55.58552929774619,-0.9564195238347549,-0.8186079052854145,-1.0067800437128442,12.67910190908483,12.729378294533081,12.628825523636579,65.73851714300854,197.2155514290256,6000000.0,50.0,0.009188814923693988,1.531469153948998,0.6529677711244994,0.013571680263507907,0.8527338202545932,0.25132741228732275,0.520498761108735,-0.6529677711244994,1.0
spectral_peak,D_weak_16mm_10,0.016,10.0,center,2,10.000000000005542,62.831853071830686,0.11616144160107353,0.8100028872453781,55.58552929774619,-0.9564195238347549,-0.8186079052854145,-1.0067800437128442,12.67910190908483,12.729378294533081,12.628825523636579,65.73851714300854,197.2155514290256,6000000.0,100.0,0.006497473343612167,1.082912223935361,0.9234358777167981,0.027143360527015815,1.7054676405091864,0.25132741228732275,0.3971521280093496,-0.9234358777167981,1.0
spectral_peak,D_weak_16mm_10,0.016,10.0,center,2,10.000000000005542,62.831853071830686,0.11616144160107353,0.8100028872453781,55.58552929774619,-0.9564195238347549,-0.8186079052854145,-1.0067800437128442,12.67910190908483,12.729378294533081,12.628825523636579,65.73851714300854,197.2155514290256,6000000.0,500.0,0.0029057584156619307,0.48429306927698845,2.064865395436944,0.13571680263507907,8.527338202545932,0.25132741228732275,0.1268353620375076,-2.064865395436944,0.8628458654283107
spectral_peak,D_weak_16mm_10,0.016,10.0,center,2,10.000000000005542,62.831853071830686,0.11616144160107353,0.8100028872453781,55.58552929774619,-0.9564195238347549,-0.8186079052854145,-1.0067800437128442,12.67910190908483,12.729378294533081,12.628825523636579,65.73851714300854,197.2155514290256,10000000.0,10.0,0.015915494309185124,2.6525823848641874,0.3769911184308796,0.004523893421169303,0.28424460675153107,0.25132741228732275,0.6859221659340946,-0.3769911184308796,1.0
spectral_peak,D_weak_16mm_10,0.016,10.0,center,2,10.000000000005542,62.831853071830686,0.11616144160107353,0.8100028872453781,55.58552929774619,-0.9564195238347549,-0.8186079052854145,-1.0067800437128442,12.67910190908483,12.729378294533081,12.628825523636579,65.73851714300854,197.2155514290256,10000000.0,50.0,0.007117625434169799,1.1862709056949665,0.8429777677251207,0.022619467105846513,1.4212230337576555,0.25132741228732275,0.430426901877731,-0.8429777677251207,1.0
spectral_peak,D_weak_16mm_10,0.016,10.0,center,2,10.000000000005542,62.831853071830686,0.11616144160107353,0.8100028872453781,55.58552929774619,-0.9564195238347549,-0.8186079052854145,-1.0067800437128442,12.67910190908483,12.729378294533081,12.628825523636579,65.73851714300854,197.2155514290256,10000000.0,100.0,0.005032921210447309,0.8388202017412182,1.1921505918958626,0.045238934211693026,2.842446067515311,0.25132741228732275,0.3035677112961916,-1.1921505918958626,0.995812721728049
spectral_peak,D_weak_16mm_10,0.016,10.0,center,2,10.000000000005542,62.831853071830686,0.11616144160107353,0.8100028872453781,55.58552929774619,-0.9564195238347549,-0.8186079052854145,-1.0067800437128442,12.67910190908483,12.729378294533081,12.628825523636579,65.73851714300854,197.2155514290256,10000000.0,500.0,0.002250790790392142,0.3751317983986903,2.665729762895758,0.2261946710584651,14.212230337576553,0.25132741228732275,0.0695485810356874,-2.665729762895758,0.7560137936804712
spectral_peak,D_weak_16mm_10,0.016,10.0,center,3,11.250000000006235,70.68583470580953,0.012028057363018919,0.822030944608397,55.58552929774619,-0.9564195238347549,-0.8186079052854145,-1.0067800437128442,12.67910190908483,12.729378294533081,12.628825523636579,65.73851714300854,197.2155514290256,1000000.0,10.0,0.04745083622779865,7.908472704633108,0.12644666515876812,0.0004523893421169302,0.03197751825954724,0.2827433388232381,0.8812211480801977,-0.12644666515876812,1.0
spectral_peak,D_weak_16mm_10,0.016,10.0,center,3,11.250000000006235,70.68583470580953,0.012028057363018919,0.822030944608397,55.58552929774619,-0.9564195238347549,-0.8186079052854145,-1.0067800437128442,12.67910190908483,12.729378294533081,12.628825523636579,65.73851714300854,197.2155514290256,1000000.0,50.0,0.021220659078913497,3.5367765131522493,0.2827433388231598,0.0022619467105846514,0.15988759129773625,0.2827433388232381,0.7537132119564081,-0.2827433388231598,1.0
spectral_peak,D_weak_16mm_10,0.016,10.0,center,3,11.250000000006235,70.68583470580953,0.012028057363018919,0.822030944608397,55.58552929774619,-0.9564195238347549,-0.8186079052854145,-1.0067800437128442,12.67910190908483,12.729378294533081,12.628825523636579,65.73851714300854,197.2155514290256,1000000.0,100.0,0.01500527193594761,2.500878655991268,0.39985946443436376,0.004523893421169303,0.3197751825954725,0.2827433388232381,0.6704142564622689,-0.39985946443436376,1.0
spectral_peak,D_weak_16mm_10,0.016,10.0,center,3,11.250000000006235,70.68583470580953,0.012028057363018919,0.822030944608397,55.58552929774619,-0.9564195238347549,-0.8186079052854145,-1.0067800437128442,12.67910190908483,12.729378294533081,12.628825523636579,65.73851714300854,197.2155514290256,1000000.0,500.0,0.006710561613929745,1.1184269356549574,0.8941129439218969,0.022619467105846513,1.5988759129773624,0.2827433388232381,0.4089702173025481,-0.8941129439218969,1.0
spectral_peak,D_weak_16mm_10,0.016,10.0,center,3,11.250000000006235,70.68583470580953,0.012028057363018919,0.822030944608397,55.58552929774619,-0.9564195238347549,-0.8186079052854145,-1.0067800437128442,12.67910190908483,12.729378294533081,12.628825523636579,65.73851714300854,197.2155514290256,3000000.0,10.0,0.027395753069392396,4.5659588448987325,0.21901204850263575,0.0013571680263507906,0.09593255477864174,0.2827433388232381,0.8033120393880954,-0.21901204850263575,1.0
spectral_peak,D_weak_16mm_10,0.016,10.0,center,3,11.250000000006235,70.68583470580953,0.012028057363018919,0.822030944608397,55.58552929774619,-0.9564195238347549,-0.8186079052854145,-1.0067800437128442,12.67910190908483,12.729378294533081,12.628825523636579,65.73851714300854,197.2155514290256,3000000.0,50.0,0.012251753231591984,2.0419588719319974,0.4897258283433745,0.006785840131753954,0.4796627738932087,0.2827433388232381,0.6127943820054994,-0.4897258283433745,1.0
spectral_peak,D_weak_16mm_10,0.016,10.0,center,3,11.250000000006235,70.68583470580953,0.012028057363018919,0.822030944608397,55.58552929774619,-0.9564195238347549,-0.8186079052854145,-1.0067800437128442,12.67910190908483,12.729378294533081,12.628825523636579,65.73851714300854,197.2155514290256,3000000.0,100.0,0.00866329779148289,1.4438829652471483,0.6925769082875985,0.013571680263507907,0.9593255477864174,0.2827433388232381,0.5002852174542466,-0.6925769082875985,1.0
spectral_peak,D_weak_16mm_10,0.016,10.0,center,3,11.250000000006235,70.68583470580953,0.012028057363018919,0.822030944608397,55.58552929774619,-0.9564195238347549,-0.8186079052854145,-1.0067800437128442,12.67910190908483,12.729378294533081,12.628825523636579,65.73851714300854,197.2155514290256,3000000.0,500.0,0.0038743445542159076,0.6457240923693179,1.5486490465777079,0.06785840131753954,4.796627738932087,0.2827433388232381,0.21253490472485906,-1.5486490465777079,0.9555343282122849
spectral_peak,D_weak_16mm_10,0.016,10.0,center,3,11.250000000006235,70.68583470580953,0.012028057363018919,0.822030944608397,55.58552929774619,-0.9564195238347549,-0.8186079052854145,-1.0067800437128442,12.67910190908483,12.729378294533081,12.628825523636579,65.73851714300854,197.2155514290256,6000000.0,10.0,0.019371722771079538,3.2286204618465897,0.30972980931554156,0.0027143360527015813,0.19186510955728348,0.2827433388232381,0.733645153533733,-0.30972980931554156,1.0
spectral_peak,D_weak_16mm_10,0.016,10.0,center,3,11.250000000006235,70.68583470580953,0.012028057363018919,0.822030944608397,55.58552929774619,-0.9564195238347549,-0.8186079052854145,-1.0067800437128442,12.67910190908483,12.729378294533081,12.628825523636579,65.73851714300854,197.2155514290256,6000000.0,50.0,0.00866329779148289,1.4438829652471483,0.6925769082875985,0.013571680263507907,0.9593255477864174,0.2827433388232381,0.5002852174542466,-0.6925769082875985,1.0
spectral_peak,D_weak_16mm_10,0.016,10.0,center,3,11.250000000006235,70.68583470580953,0.012028057363018919,0.822030944608397,55.58552929774619,-0.9564195238347549,-0.8186079052854145,-1.0067800437128442,12.67910190908483,12.729378294533081,12.628825523636579,65.73851714300854,197.2155514290256,6000000.0,100.0,0.006125876615795992,1.0209794359659987,0.979451656686749,0.027143360527015815,1.9186510955728349,0.2827433388232381,0.3755169546175019,-0.979451656686749,1.0
spectral_peak,D_weak_16mm_10,0.016,10.0,center,3,11.250000000006235,70.68583470580953,0.012028057363018919,0.822030944608397,55.58552929774619,-0.9564195238347549,-0.8186079052854145,-1.0067800437128442,12.67910190908483,12.729378294533081,12.628825523636579,65.73851714300854,197.2155514290256,6000000.0,500.0,0.00273957530693924,0.4565958844898733,2.1901204850263576,0.13571680263507907,9.593255477864174,0.2827433388232381,0.11190326513721689,-2.1901204850263576,0.8395392677409443
spectral_peak,D_weak_16mm_10,0.016,10.0,center,3,11.250000000006235,70.68583470580953,0.012028057363018919,0.822030944608397,55.58552929774619,-0.9564195238347549,-0.8186079052854145,-1.0067800437128442,12.67910190908483,12.729378294533081,12.628825523636579,65.73851714300854,197.2155514290256,10000000.0,10.0,0.01500527193594761,2.500878655991268,0.39985946443436376,0.004523893421169303,0.3197751825954725,0.2827433388232381,0.6704142564622689,-0.39985946443436376,1.0
spectral_peak,D_weak_16mm_10,0.016,10.0,center,3,11.250000000006235,70.68583470580953,0.012028057363018919,0.822030944608397,55.58552929774619,-0.9564195238347549,-0.8186079052854145,-1.0067800437128442,12.67910190908483,12.729378294533081,12.628825523636579,65.73851714300854,197.2155514290256,10000000.0,50.0,0.006710561613929745,1.1184269356549574,0.8941129439218969,0.022619467105846513,1.5988759129773624,0.2827433388232381,0.4089702173025481,-0.8941129439218969,1.0
spectral_peak,D_weak_16mm_10,0.016,10.0,center,3,11.250000000006235,70.68583470580953,0.012028057363018919,0.822030944608397,55.58552929774619,-0.9564195238347549,-0.8186079052854145,-1.0067800437128442,12.67910190908483,12.729378294533081,12.628825523636579,65.73851714300854,197.2155514290256,10000000.0,100.0,0.004745083622779865,0.7908472704633108,1.2644666515876815,0.045238934211693026,3.197751825954725,0.2827433388232381,0.2823898681711212,-1.2644666515876815,0.9908506422341637
spectral_peak,D_weak_16mm_10,0.016,10.0,center,3,11.250000000006235,70.68583470580953,0.012028057363018919,0.822030944608397,55.58552929774619,-0.9564195238347549,-0.8186079052854145,-1.0067800437128442,12.67910190908483,12.729378294533081,12.628825523636579,65.73851714300854,197.2155514290256,10000000.0,500.0,0.0021220659078913496,0.35367765131522494,2.8274333882315976,0.2261946710584651,15.988759129773623,0.2827433388232381,0.05916451129403121,-2.8274333882315976,0.730010098800287
spectral_peak,D_weak_16mm_10,0.016,10.0,+body_x,1,8.500000000004711,53.40707511105608,0.585453387830488,0.585453387830488,55.21080772248566,-0.9564195238347549,-0.8186079052854145,-1.0067800437128442,12.67910190908483,12.729378294533081,12.628825523636579,65.73851714300854,197.2155514290256,1000000.0,10.0,0.054589695117378,9.098282519563,0.10991085381771934,0.0004523893421169302,0.02416079157388014,0.21362830044422432,0.8959139990493681,-0.10991085381771934,1.0
spectral_peak,D_weak_16mm_10,0.016,10.0,+body_x,1,8.500000000004711,53.40707511105608,0.585453387830488,0.585453387830488,55.21080772248566,-0.9564195238347549,-0.8186079052854145,-1.0067800437128442,12.67910190908483,12.729378294533081,12.628825523636579,65.73851714300854,197.2155514290256,1000000.0,50.0,0.024413253830689114,4.068875638448185,0.2457681406014627,0.0022619467105846514,0.12080395786940071,0.21362830044422432,0.7821035419614686,-0.2457681406014627,1.0
spectral_peak,D_weak_16mm_10,0.016,10.0,+body_x,1,8.500000000004711,53.40707511105608,0.585453387830488,0.585453387830488,55.21080772248566,-0.9564195238347549,-0.8186079052854145,-1.0067800437128442,12.67910190908483,12.729378294533081,12.628825523636579,65.73851714300854,197.2155514290256,1000000.0,100.0,0.01726277733450873,2.8771295557514547,0.34756863763780627,0.004523893421169303,0.24160791573880142,0.21362830044422432,0.7064035263961577,-0.34756863763780627,1.0
spectral_peak,D_weak_16mm_10,0.016,10.0,+body_x,1,8.500000000004711,53.40707511105608,0.585453387830488,0.585453387830488,55.21080772248566,-0.9564195238347549,-0.8186079052854145,-1.0067800437128442,12.67910190908483,12.729378294533081,12.628825523636579,65.73851714300854,197.2155514290256,1000000.0,500.0,0.007720148720080829,1.2866914533468048,0.7771871006051269,0.022619467105846513,1.208039578694007,0.21362830044422432,0.45969727654521886,-0.7771871006051269,1.0
spectral_peak,D_weak_16mm_10,0.016,10.0,+body_x,1,8.500000000004711,53.40707511105608,0.585453387830488,0.585453387830488,55.21080772248566,-0.9564195238347549,-0.8186079052854145,-1.0067800437128442,12.67910190908483,12.729378294533081,12.628825523636579,65.73851714300854,197.2155514290256,3000000.0,10.0,0.03151737517099779,5.2528958618329655,0.19037118311556556,0.0013571680263507906,0.07248237472164042,0.21362830044422432,0.8266522376364671,-0.19037118311556556,1.0
spectral_peak,D_weak_16mm_10,0.016,10.0,+body_x,1,8.500000000004711,53.40707511105608,0.585453387830488,0.585453387830488,55.21080772248566,-0.9564195238347549,-0.8186079052854145,-1.0067800437128442,12.67910190908483,12.729378294533081,12.628825523636579,65.73851714300854,197.2155514290256,3000000.0,50.0,0.01409499867094302,2.34916644515717,0.4256829064034649,0.006785840131753954,0.3624118736082021,0.21362830044422432,0.6533234739689103,-0.4256829064034649,1.0
spectral_peak,D_weak_16mm_10,0.016,10.0,+body_x,1,8.500000000004711,53.40707511105608,0.585453387830488,0.585453387830488,55.21080772248566,-0.9564195238347549,-0.8186079052854145,-1.0067800437128442,12.67910190908483,12.729378294533081,12.628825523636579,65.73851714300854,197.2155514290256,3000000.0,100.0,0.009966669141039185,1.6611115235065308,0.6020065395061769,0.013571680263507907,0.7248237472164042,0.21362830044422432,0.5477115279390958,-0.6020065395061769,1.0
spectral_peak,D_weak_16mm_10,0.016,10.0,+body_x,1,8.500000000004711,53.40707511105608,0.585453387830488,0.585453387830488,55.21080772248566,-0.9564195238347549,-0.8186079052854145,-1.0067800437128442,12.67910190908483,12.729378294533081,12.628825523636579,65.73851714300854,197.2155514290256,3000000.0,500.0,0.004457229941722611,0.7428716569537686,1.3461275452352242,0.06785840131753954,3.624118736082021,0.21362830044422432,0.26024610311121554,-1.3461275452352242,0.9829999635084405
spectral_peak,D_weak_16mm_10,0.016,10.0,+body_x,1,8.500000000004711,53.40707511105608,0.585453387830488,0.585453387830488,55.21080772248566,-0.9564195238347549,-0.8186079052854145,-1.0067800437128442,12.67910190908483,12.729378294533081,12.628825523636579,65.73851714300854,197.2155514290256,6000000.0,10.0,0.02228614970861306,3.714358284768843,0.2692255090470448,0.0027143360527015813,0.14496474944328083,0.21362830044422432,0.7639709538593483,-0.2692255090470448,1.0
spectral_peak,D_weak_16mm_10,0.016,10.0,+body_x,1,8.500000000004711,53.40707511105608,0.585453387830488,0.585453387830488,55.21080772248566,-0.9564195238347549,-0.8186079052854145,-1.0067800437128442,12.67910190908483,12.729378294533081,12.628825523636579,65.73851714300854,197.2155514290256,6000000.0,50.0,0.009966669141039185,1.6611115235065308,0.6020065395061769,0.013571680263507907,0.7248237472164042,0.21362830044422432,0.5477115279390958,-0.6020065395061769,1.0
spectral_peak,D_weak_16mm_10,0.016,10.0,+body_x,1,8.500000000004711,53.40707511105608,0.585453387830488,0.585453387830488,55.21080772248566,-0.9564195238347549,-0.8186079052854145,-1.0067800437128442,12.67910190908483,12.729378294533081,12.628825523636579,65.73851714300854,197.2155514290256,6000000.0,100.0,0.00704749933547151,1.174583222578585,0.8513658128069298,0.027143360527015815,1.4496474944328084,0.21362830044422432,0.42683156163880537,-0.8513658128069298,1.0
spectral_peak,D_weak_16mm_10,0.016,10.0,+body_x,1,8.500000000004711,53.40707511105608,0.585453387830488,0.585453387830488,55.21080772248566,-0.9564195238347549,-0.8186079052854145,-1.0067800437128442,12.67910190908483,12.729378294533081,12.628825523636579,65.73851714300854,197.2155514290256,6000000.0,500.0,0.0031517375170997787,0.5252895861832965,1.903711831155656,0.13571680263507907,7.248237472164042,0.21362830044422432,0.14901447484331765,-1.903711831155656,0.893024019171379
spectral_peak,D_weak_16mm_10,0.016,10.0,+body_x,1,8.500000000004711,53.40707511105608,0.585453387830488,0.585453387830488,55.21080772248566,-0.9564195238347549,-0.8186079052854145,-1.0067800437128442,12.67910190908483,12.729378294533081,12.628825523636579,65.73851714300854,197.2155514290256,10000000.0,10.0,0.01726277733450873,2.8771295557514547,0.34756863763780627,0.004523893421169303,0.24160791573880142,0.21362830044422432,0.7064035263961577,-0.34756863763780627,1.0
spectral_peak,D_weak_16mm_10,0.016,10.0,+body_x,1,8.500000000004711,53.40707511105608,0.585453387830488,0.585453387830488,55.21080772248566,-0.9564195238347549,-0.8186079052854145,-1.0067800437128442,12.67910190908483,12.729378294533081,12.628825523636579,65.73851714300854,197.2155514290256,10000000.0,50.0,0.007720148720080829,1.2866914533468048,0.7771871006051269,0.022619467105846513,1.208039578694007,0.21362830044422432,0.45969727654521886,-0.7771871006051269,1.0
spectral_peak,D_weak_16mm_10,0.016,10.0,+body_x,1,8.500000000004711,53.40707511105608,0.585453387830488,0.585453387830488,55.21080772248566,-0.9564195238347549,-0.8186079052854145,-1.0067800437128442,12.67910190908483,12.729378294533081,12.628825523636579,65.73851714300854,197.2155514290256,10000000.0,100.0,0.0054589695117378,0.9098282519562999,1.0991085381771935,0.045238934211693026,2.416079157388014,0.21362830044422432,0.33316795786744613,-1.0991085381771935,0.9992668185531766
spectral_peak,D_weak_16mm_10,0.016,10.0,+body_x,1,8.500000000004711,53.40707511105608,0.585453387830488,0.585453387830488,55.21080772248566,-0.9564195238347549,-0.8186079052854145,-1.0067800437128442,12.67910190908483,12.729378294533081,12.628825523636579,65.73851714300854,197.2155514290256,10000000.0,500.0,0.0024413253830689115,0.40688756384481856,2.457681406014627,0.2261946710584651,12.08039578694007,0.21362830044422432,0.08563326975230094,-2.457681406014627,0.791353506324058
spectral_peak,D_weak_16mm_10,0.016,10.0,+body_x,2,10.000000000005542,62.831853071830686,0.060187001030568094,0.645640388861056,55.21080772248566,-0.9564195238347549,-0.8186079052854145,-1.0067800437128442,12.67910190908483,12.729378294533081,12.628825523636579,65.73851714300854,197.2155514290256,1000000.0,10.0,0.05032921210447309,8.388202017412182,0.11921505918958625,0.0004523893421169302,0.028424460675153102,0.25132741228732275,0.8876168900650956,-0.11921505918958625,1.0
spectral_peak,D_weak_16mm_10,0.016,10.0,+body_x,2,10.000000000005542,62.831853071830686,0.060187001030568094,0.645640388861056,55.21080772248566,-0.9564195238347549,-0.8186079052854145,-1.0067800437128442,12.67910190908483,12.729378294533081,12.628825523636579,65.73851714300854,197.2155514290256,1000000.0,50.0,0.022507907903921414,3.7513179839869024,0.2665729762895759,0.0022619467105846514,0.14212230337576554,0.25132741228732275,0.7660001018412157,-0.2665729762895759,1.0
spectral_peak,D_weak_16mm_10,0.016,10.0,+body_x,2,10.000000000005542,62.831853071830686,0.060187001030568094,0.645640388861056,55.21080772248566,-0.9564195238347549,-0.8186079052854145,-1.0067800437128442,12.67910190908483,12.729378294533081,12.628825523636579,65.73851714300854,197.2155514290256,1000000.0,100.0,0.015915494309185124,2.6525823848641874,0.3769911184308796,0.004523893421169303,0.28424460675153107,0.25132741228732275,0.6859221659340946,-0.3769911184308796,1.0
spectral_peak,D_weak_16mm_10,0.016,10.0,+body_x,2,10.000000000005542,62.831853071830686,0.060187001030568094,0.645640388861056,55.21080772248566,-0.9564195238347549,-0.8186079052854145,-1.0067800437128442,12.67910190908483,12.729378294533081,12.628825523636579,65.73851714300854,197.2155514290256,1000000.0,500.0,0.007117625434169799,1.1862709056949665,0.8429777677251207,0.022619467105846513,1.4212230337576555,0.25132741228732275,0.430426901877731,-0.8429777677251207,1.0
spectral_peak,D_weak_16mm_10,0.016,10.0,+body_x,2,10.000000000005542,62.831853071830686,0.060187001030568094,0.645640388861056,55.21080772248566,-0.9564195238347549,-0.8186079052854145,-1.0067800437128442,12.67910190908483,12.729378294533081,12.628825523636579,65.73851714300854,197.2155514290256,3000000.0,10.0,0.02905758415661931,4.842930692769885,0.20648653954369436,0.0013571680263507906,0.08527338202545931,0.25132741228732275,0.8134372106193014,-0.20648653954369436,1.0
spectral_peak,D_weak_16mm_10,0.016,10.0,+body_x,2,10.000000000005542,62.831853071830686,0.060187001030568094,0.645640388861056,55.21080772248566,-0.9564195238347549,-0.8186079052854145,-1.0067800437128442,12.67910190908483,12.729378294533081,12.628825523636579,65.73851714300854,197.2155514290256,3000000.0,50.0,0.012994946687224333,2.165824447870722,0.46171793885839907,0.006785840131753954,0.4263669101272966,0.25132741228732275,0.6302000698265191,-0.46171793885839907,1.0
spectral_peak,D_weak_16mm_10,0.016,10.0,+body_x,2,10.000000000005542,62.831853071830686,0.060187001030568094,0.645640388861056,55.21080772248566,-0.9564195238347549,-0.8186079052854145,-1.0067800437128442,12.67910190908483,12.729378294533081,12.628825523636579,65.73851714300854,197.2155514290256,3000000.0,100.0,0.009188814923693988,1.531469153948998,0.6529677711244994,0.013571680263507907,0.8527338202545932,0.25132741228732275,0.520498761108735,-0.6529677711244994,1.0
spectral_peak,D_weak_16mm_10,0.016,10.0,+body_x,2,10.000000000005542,62.831853071830686,0.060187001030568094,0.645640388861056,55.21080772248566,-0.9564195238347549,-0.8186079052854145,-1.0067800437128442,12.67910190908483,12.729378294533081,12.628825523636579,65.73851714300854,197.2155514290256,3000000.0,500.0,0.00410936296040886,0.68489382673481,1.4600803233509048,0.06785840131753954,4.263669101272966,0.25132741228732275,0.23221762148312655,-1.4600803233509048,0.9687125092193274
spectral_peak,D_weak_16mm_10,0.016,10.0,+body_x,2,10.000000000005542,62.831853071830686,0.060187001030568094,0.645640388861056,55.21080772248566,-0.9564195238347549,-0.8186079052854145,-1.0067800437128442,12.67910190908483,12.729378294533081,12.628825523636579,65.73851714300854,197.2155514290256,6000000.0,10.0,0.0205468148020443,3.42446913367405,0.292016064670181,0.0027143360527015813,0.17054676405091862,0.25132741228732275,0.7467565394794853,-0.292016064670181,1.0
spectral_peak,D_weak_16mm_10,0.016,10.0,+body_x,2,10.000000000005542,62.831853071830686,0.060187001030568094,0.645640388861056,55.21080772248566,-0.9564195238347549,-0.8186079052854145,-1.0067800437128442,12.67910190908483,12.729378294533081,12.628825523636579,65.73851714300854,197.2155514290256,6000000.0,50.0,0.009188814923693988,1.531469153948998,0.6529677711244994,0.013571680263507907,0.8527338202545932,0.25132741228732275,0.520498761108735,-0.6529677711244994,1.0
spectral_peak,D_weak_16mm_10,0.016,10.0,+body_x,2,10.000000000005542,62.831853071830686,0.060187001030568094,0.645640388861056,55.21080772248566,-0.9564195238347549,-0.8186079052854145,-1.0067800437128442,12.67910190908483,12.729378294533081,12.628825523636579,65.73851714300854,197.2155514290256,6000000.0,100.0,0.006497473343612167,1.082912223935361,0.9234358777167981,0.027143360527015815,1.7054676405091864,0.25132741228732275,0.3971521280093496,-0.9234358777167981,1.0
spectral_peak,D_weak_16mm_10,0.016,10.0,+body_x,2,10.000000000005542,62.831853071830686,0.060187001030568094,0.645640388861056,55.21080772248566,-0.9564195238347549,-0.8186079052854145,-1.0067800437128442,12.67910190908483,12.729378294533081,12.628825523636579,65.73851714300854,197.2155514290256,6000000.0,500.0,0.0029057584156619307,0.48429306927698845,2.064865395436944,0.13571680263507907,8.527338202545932,0.25132741228732275,0.1268353620375076,-2.064865395436944,0.8628458654283107
spectral_peak,D_weak_16mm_10,0.016,10.0,+body_x,2,10.000000000005542,62.831853071830686,0.060187001030568094,0.645640388861056,55.21080772248566,-0.9564195238347549,-0.8186079052854145,-1.0067800437128442,12.67910190908483,12.729378294533081,12.628825523636579,65.73851714300854,197.2155514290256,10000000.0,10.0,0.015915494309185124,2.6525823848641874,0.3769911184308796,0.004523893421169303,0.28424460675153107,0.25132741228732275,0.6859221659340946,-0.3769911184308796,1.0
spectral_peak,D_weak_16mm_10,0.016,10.0,+body_x,2,10.000000000005542,62.831853071830686,0.060187001030568094,0.645640388861056,55.21080772248566,-0.9564195238347549,-0.8186079052854145,-1.0067800437128442,12.67910190908483,12.729378294533081,12.628825523636579,65.73851714300854,197.2155514290256,10000000.0,50.0,0.007117625434169799,1.1862709056949665,0.8429777677251207,0.022619467105846513,1.4212230337576555,0.25132741228732275,0.430426901877731,-0.8429777677251207,1.0
spectral_peak,D_weak_16mm_10,0.016,10.0,+body_x,2,10.000000000005542,62.831853071830686,0.060187001030568094,0.645640388861056,55.21080772248566,-0.9564195238347549,-0.8186079052854145,-1.0067800437128442,12.67910190908483,12.729378294533081,12.628825523636579,65.73851714300854,197.2155514290256,10000000.0,100.0,0.005032921210447309,0.8388202017412182,1.1921505918958626,0.045238934211693026,2.842446067515311,0.25132741228732275,0.3035677112961916,-1.1921505918958626,0.995812721728049
spectral_peak,D_weak_16mm_10,0.016,10.0,+body_x,2,10.000000000005542,62.831853071830686,0.060187001030568094,0.645640388861056,55.21080772248566,-0.9564195238347549,-0.8186079052854145,-1.0067800437128442,12.67910190908483,12.729378294533081,12.628825523636579,65.73851714300854,197.2155514290256,10000000.0,500.0,0.002250790790392142,0.3751317983986903,2.665729762895758,0.2261946710584651,14.212230337576553,0.25132741228732275,0.0695485810356874,-2.665729762895758,0.7560137936804712
spectral_peak,D_weak_16mm_10,0.016,10.0,+body_x,3,11.000000000006096,69.11503837901375,0.03035869295351184,0.6759990818145678,55.21080772248566,-0.9564195238347549,-0.8186079052854145,-1.0067800437128442,12.67910190908483,12.729378294533081,12.628825523636579,65.73851714300854,197.2155514290256,1000000.0,10.0,0.04798702088782152,7.99783681463692,0.12503380891316637,0.0004523893421169302,0.03126690674266842,0.276460153516055,0.8824670668278064,-0.12503380891316637,1.0
spectral_peak,D_weak_16mm_10,0.016,10.0,+body_x,3,11.000000000006096,69.11503837901375,0.03035869295351184,0.6759990818145678,55.21080772248566,-0.9564195238347549,-0.8186079052854145,-1.0067800437128442,12.67910190908483,12.729378294533081,12.628825523636579,65.73851714300854,197.2155514290256,1000000.0,50.0,0.021460448148574247,3.576741358095708,0.27958409621555913,0.0022619467105846514,0.1563345337133421,0.276460153516055,0.7560981401492871,-0.27958409621555913,1.0
spectral_peak,D_weak_16mm_10,0.016,10.0,+body_x,3,11.000000000006096,69.11503837901375,0.03035869295351184,0.6759990818145678,55.21080772248566,-0.9564195238347549,-0.8186079052854145,-1.0067800437128442,12.67910190908483,12.729378294533081,12.628825523636579,65.73851714300854,197.2155514290256,1000000.0,100.0,0.015174828413159138,2.529138068859856,0.39539162069186806,0.004523893421169303,0.3126690674266842,0.276460153516055,0.6734162638591208,-0.39539162069186806,1.0
spectral_peak,D_weak_16mm_10,0.016,10.0,+body_x,3,11.000000000006096,69.11503837901375,0.03035869295351184,0.6759990818145678,55.21080772248566,-0.9564195238347549,-0.8186079052854145,-1.0067800437128442,12.67910190908483,12.729378294533081,12.628825523636579,65.73851714300854,197.2155514290256,1000000.0,500.0,0.006786389575743819,1.1310649292906365,0.8841225416008295,0.022619467105846513,1.563345337133421,0.276460153516055,0.4130764717245116,-0.8841225416008295,1.0
spectral_peak,D_weak_16mm_10,0.016,10.0,+body_x,3,11.000000000006096,69.11503837901375,0.03035869295351184,0.6759990818145678,55.21080772248566,-0.9564195238347549,-0.8186079052854145,-1.0067800437128442,12.67910190908483,12.729378294533081,12.628825523636579,65.73851714300854,197.2155514290256,3000000.0,10.0,0.027705319427191948,4.617553237865325,0.21656490970146255,0.0013571680263507906,0.09380072022800524,0.276460153516055,0.8052802627247564,-0.21656490970146255,1.0
spectral_peak,D_weak_16mm_10,0.016,10.0,+body_x,3,11.000000000006096,69.11503837901375,0.03035869295351184,0.6759990818145678,55.21080772248566,-0.9564195238347549,-0.8186079052854145,-1.0067800437128442,12.67910190908483,12.729378294533081,12.628825523636579,65.73851714300854,197.2155514290256,3000000.0,50.0,0.012390195515509347,2.0650325859182246,0.4842538596335739,0.006785840131753954,0.46900360114002626,0.276460153516055,0.616156764726069,-0.4842538596335739,1.0
spectral_peak,D_weak_16mm_10,0.016,10.0,+body_x,3,11.000000000006096,69.11503837901375,0.03035869295351184,0.6759990818145678,55.21080772248566,-0.9564195238347549,-0.8186079052854145,-1.0067800437128442,12.67910190908483,12.729378294533081,12.628825523636579,65.73851714300854,197.2155514290256,3000000.0,100.0,0.00876119126924381,1.4601985448739683,0.6848383759253174,0.013571680263507907,0.9380072022800525,0.276460153516055,0.5041717092761004,-0.6848383759253174,1.0
spectral_peak,D_weak_16mm_10,0.016,10.0,+body_x,3,11.000000000006096,69.11503837901375,0.03035869295351184,0.6759990818145678,55.21080772248566,-0.9564195238347549,-0.8186079052854145,-1.0067800437128442,12.67910190908483,12.729378294533081,12.628825523636579,65.73851714300854,197.2155514290256,3000000.0,500.0,0.003918123848381364,0.653020641396894,1.531345162169565,0.06785840131753954,4.690036011400262,0.276460153516055,0.21624458754661055,-1.531345162169565,0.9582255327863486
spectral_peak,D_weak_16mm_10,0.016,10.0,+body_x,3,11.000000000006096,69.11503837901375,0.03035869295351184,0.6759990818145678,55.21080772248566,-0.9564195238347549,-0.8186079052854145,-1.0067800437128442,12.67910190908483,12.729378294533081,12.628825523636579,65.73851714300854,197.2155514290256,6000000.0,10.0,0.01959061924190682,3.2651032069844703,0.306269032433913,0.0027143360527015813,0.1876014404560105,0.276460153516055,0.7361885342184384,-0.306269032433913,1.0
spectral_peak,D_weak_16mm_10,0.016,10.0,+body_x,3,11.000000000006096,69.11503837901375,0.03035869295351184,0.6759990818145678,55.21080772248566,-0.9564195238347549,-0.8186079052854145,-1.0067800437128442,12.67910190908483,12.729378294533081,12.628825523636579,65.73851714300854,197.2155514290256,6000000.0,50.0,0.00876119126924381,1.4601985448739683,0.6848383759253174,0.013571680263507907,0.9380072022800525,0.276460153516055,0.5041717092761004,-0.6848383759253174,1.0
spectral_peak,D_weak_16mm_10,0.016,10.0,+body_x,3,11.000000000006096,69.11503837901375,0.03035869295351184,0.6759990818145678,55.21080772248566,-0.9564195238347549,-0.8186079052854145,-1.0067800437128442,12.67910190908483,12.729378294533081,12.628825523636579,65.73851714300854,197.2155514290256,6000000.0,100.0,0.006195097757754673,1.0325162929591123,0.9685077192671478,0.027143360527015815,1.876014404560105,0.276460153516055,0.3796491587176963,-0.9685077192671478,1.0
spectral_peak,D_weak_16mm_10,0.016,10.0,+body_x,3,11.000000000006096,69.11503837901375,0.03035869295351184,0.6759990818145678,55.21080772248566,-0.9564195238347549,-0.8186079052854145,-1.0067800437128442,12.67910190908483,12.729378294533081,12.628825523636579,65.73851714300854,197.2155514290256,6000000.0,500.0,0.0027705319427191945,0.4617553237865324,2.165649097014626,0.13571680263507907,9.380072022800524,0.276460153516055,0.11467547492569274,-2.165649097014626,0.84406657117511
spectral_peak,D_weak_16mm_10,0.016,10.0,+body_x,3,11.000000000006096,69.11503837901375,0.03035869295351184,0.6759990818145678,55.21080772248566,-0.9564195238347549,-0.8186079052854145,-1.0067800437128442,12.67910190908483,12.729378294533081,12.628825523636579,65.73851714300854,197.2155514290256,10000000.0,10.0,0.015174828413159138,2.529138068859856,0.39539162069186806,0.004523893421169303,0.3126690674266842,0.276460153516055,0.6734162638591208,-0.39539162069186806,1.0
spectral_peak,D_weak_16mm_10,0.016,10.0,+body_x,3,11.000000000006096,69.11503837901375,0.03035869295351184,0.6759990818145678,55.21080772248566,-0.9564195238347549,-0.8186079052854145,-1.0067800437128442,12.67910190908483,12.729378294533081,12.628825523636579,65.73851714300854,197.2155514290256,10000000.0,50.0,0.006786389575743819,1.1310649292906365,0.8841225416008295,0.022619467105846513,1.563345337133421,0.276460153516055,0.4130764717245116,-0.8841225416008295,1.0
spectral_peak,D_weak_16mm_10,0.016,10.0,+body_x,3,11.000000000006096,69.11503837901375,0.03035869295351184,0.6759990818145678,55.21080772248566,-0.9564195238347549,-0.8186079052854145,-1.0067800437128442,12.67910190908483,12.729378294533081,12.628825523636579,65.73851714300854,197.2155514290256,10000000.0,100.0,0.004798702088782152,0.7997836814636919,1.250338089131664,0.045238934211693026,3.126690674266842,0.276460153516055,0.28640794907471645,-1.250338089131664,0.9919740136892952
spectral_peak,D_weak_16mm_10,0.016,10.0,+body_x,3,11.000000000006096,69.11503837901375,0.03035869295351184,0.6759990818145678,55.21080772248566,-0.9564195238347549,-0.8186079052854145,-1.0067800437128442,12.67910190908483,12.729378294533081,12.628825523636579,65.73851714300854,197.2155514290256,10000000.0,500.0,0.0021460448148574248,0.3576741358095708,2.7958409621555913,0.2261946710584651,15.633453371334207,0.276460153516055,0.06106350064082391,-2.7958409621555913,0.7349875789837768
spectral_peak,D_weak_16mm_10,0.016,10.0,-body_x,1,8.500000000004711,53.40707511105608,0.7296289077849797,0.7296289077849797,55.5451057190445,-0.9564195238347549,-0.8186079052854145,-1.0067800437128442,12.67910190908483,12.729378294533081,12.628825523636579,65.73851714300854,197.2155514290256,1000000.0,10.0,0.054589695117378,9.098282519563,0.10991085381771934,0.0004523893421169302,0.02416079157388014,0.21362830044422432,0.8959139990493681,-0.10991085381771934,1.0
spectral_peak,D_weak_16mm_10,0.016,10.0,-body_x,1,8.500000000004711,53.40707511105608,0.7296289077849797,0.7296289077849797,55.5451057190445,-0.9564195238347549,-0.8186079052854145,-1.0067800437128442,12.67910190908483,12.729378294533081,12.628825523636579,65.73851714300854,197.2155514290256,1000000.0,50.0,0.024413253830689114,4.068875638448185,0.2457681406014627,0.0022619467105846514,0.12080395786940071,0.21362830044422432,0.7821035419614686,-0.2457681406014627,1.0
spectral_peak,D_weak_16mm_10,0.016,10.0,-body_x,1,8.500000000004711,53.40707511105608,0.7296289077849797,0.7296289077849797,55.5451057190445,-0.9564195238347549,-0.8186079052854145,-1.0067800437128442,12.67910190908483,12.729378294533081,12.628825523636579,65.73851714300854,197.2155514290256,1000000.0,100.0,0.01726277733450873,2.8771295557514547,0.34756863763780627,0.004523893421169303,0.24160791573880142,0.21362830044422432,0.7064035263961577,-0.34756863763780627,1.0
spectral_peak,D_weak_16mm_10,0.016,10.0,-body_x,1,8.500000000004711,53.40707511105608,0.7296289077849797,0.7296289077849797,55.5451057190445,-0.9564195238347549,-0.8186079052854145,-1.0067800437128442,12.67910190908483,12.729378294533081,12.628825523636579,65.73851714300854,197.2155514290256,1000000.0,500.0,0.007720148720080829,1.2866914533468048,0.7771871006051269,0.022619467105846513,1.208039578694007,0.21362830044422432,0.45969727654521886,-0.7771871006051269,1.0
spectral_peak,D_weak_16mm_10,0.016,10.0,-body_x,1,8.500000000004711,53.40707511105608,0.7296289077849797,0.7296289077849797,55.5451057190445,-0.9564195238347549,-0.8186079052854145,-1.0067800437128442,12.67910190908483,12.729378294533081,12.628825523636579,65.73851714300854,197.2155514290256,3000000.0,10.0,0.03151737517099779,5.2528958618329655,0.19037118311556556,0.0013571680263507906,0.07248237472164042,0.21362830044422432,0.8266522376364671,-0.19037118311556556,1.0
spectral_peak,D_weak_16mm_10,0.016,10.0,-body_x,1,8.500000000004711,53.40707511105608,0.7296289077849797,0.7296289077849797,55.5451057190445,-0.9564195238347549,-0.8186079052854145,-1.0067800437128442,12.67910190908483,12.729378294533081,12.628825523636579,65.73851714300854,197.2155514290256,3000000.0,50.0,0.01409499867094302,2.34916644515717,0.4256829064034649,0.006785840131753954,0.3624118736082021,0.21362830044422432,0.6533234739689103,-0.4256829064034649,1.0
spectral_peak,D_weak_16mm_10,0.016,10.0,-body_x,1,8.500000000004711,53.40707511105608,0.7296289077849797,0.7296289077849797,55.5451057190445,-0.9564195238347549,-0.8186079052854145,-1.0067800437128442,12.67910190908483,12.729378294533081,12.628825523636579,65.73851714300854,197.2155514290256,3000000.0,100.0,0.009966669141039185,1.6611115235065308,0.6020065395061769,0.013571680263507907,0.7248237472164042,0.21362830044422432,0.5477115279390958,-0.6020065395061769,1.0
spectral_peak,D_weak_16mm_10,0.016,10.0,-body_x,1,8.500000000004711,53.40707511105608,0.7296289077849797,0.7296289077849797,55.5451057190445,-0.9564195238347549,-0.8186079052854145,-1.0067800437128442,12.67910190908483,12.729378294533081,12.628825523636579,65.73851714300854,197.2155514290256,3000000.0,500.0,0.004457229941722611,0.7428716569537686,1.3461275452352242,0.06785840131753954,3.624118736082021,0.21362830044422432,0.26024610311121554,-1.3461275452352242,0.9829999635084405
spectral_peak,D_weak_16mm_10,0.016,10.0,-body_x,1,8.500000000004711,53.40707511105608,0.7296289077849797,0.7296289077849797,55.5451057190445,-0.9564195238347549,-0.8186079052854145,-1.0067800437128442,12.67910190908483,12.729378294533081,12.628825523636579,65.73851714300854,197.2155514290256,6000000.0,10.0,0.02228614970861306,3.714358284768843,0.2692255090470448,0.0027143360527015813,0.14496474944328083,0.21362830044422432,0.7639709538593483,-0.2692255090470448,1.0
spectral_peak,D_weak_16mm_10,0.016,10.0,-body_x,1,8.500000000004711,53.40707511105608,0.7296289077849797,0.7296289077849797,55.5451057190445,-0.9564195238347549,-0.8186079052854145,-1.0067800437128442,12.67910190908483,12.729378294533081,12.628825523636579,65.73851714300854,197.2155514290256,6000000.0,50.0,0.009966669141039185,1.6611115235065308,0.6020065395061769,0.013571680263507907,0.7248237472164042,0.21362830044422432,0.5477115279390958,-0.6020065395061769,1.0
spectral_peak,D_weak_16mm_10,0.016,10.0,-body_x,1,8.500000000004711,53.40707511105608,0.7296289077849797,0.7296289077849797,55.5451057190445,-0.9564195238347549,-0.8186079052854145,-1.0067800437128442,12.67910190908483,12.729378294533081,12.628825523636579,65.73851714300854,197.2155514290256,6000000.0,100.0,0.00704749933547151,1.174583222578585,0.8513658128069298,0.027143360527015815,1.4496474944328084,0.21362830044422432,0.42683156163880537,-0.8513658128069298,1.0
spectral_peak,D_weak_16mm_10,0.016,10.0,-body_x,1,8.500000000004711,53.40707511105608,0.7296289077849797,0.7296289077849797,55.5451057190445,-0.9564195238347549,-0.8186079052854145,-1.0067800437128442,12.67910190908483,12.729378294533081,12.628825523636579,65.73851714300854,197.2155514290256,6000000.0,500.0,0.0031517375170997787,0.5252895861832965,1.903711831155656,0.13571680263507907,7.248237472164042,0.21362830044422432,0.14901447484331765,-1.903711831155656,0.893024019171379
spectral_peak,D_weak_16mm_10,0.016,10.0,-body_x,1,8.500000000004711,53.40707511105608,0.7296289077849797,0.7296289077849797,55.5451057190445,-0.9564195238347549,-0.8186079052854145,-1.0067800437128442,12.67910190908483,12.729378294533081,12.628825523636579,65.73851714300854,197.2155514290256,10000000.0,10.0,0.01726277733450873,2.8771295557514547,0.34756863763780627,0.004523893421169303,0.24160791573880142,0.21362830044422432,0.7064035263961577,-0.34756863763780627,1.0
spectral_peak,D_weak_16mm_10,0.016,10.0,-body_x,1,8.500000000004711,53.40707511105608,0.7296289077849797,0.7296289077849797,55.5451057190445,-0.9564195238347549,-0.8186079052854145,-1.0067800437128442,12.67910190908483,12.729378294533081,12.628825523636579,65.73851714300854,197.2155514290256,10000000.0,50.0,0.007720148720080829,1.2866914533468048,0.7771871006051269,0.022619467105846513,1.208039578694007,0.21362830044422432,0.45969727654521886,-0.7771871006051269,1.0
spectral_peak,D_weak_16mm_10,0.016,10.0,-body_x,1,8.500000000004711,53.40707511105608,0.7296289077849797,0.7296289077849797,55.5451057190445,-0.9564195238347549,-0.8186079052854145,-1.0067800437128442,12.67910190908483,12.729378294533081,12.628825523636579,65.73851714300854,197.2155514290256,10000000.0,100.0,0.0054589695117378,0.9098282519562999,1.0991085381771935,0.045238934211693026,2.416079157388014,0.21362830044422432,0.33316795786744613,-1.0991085381771935,0.9992668185531766
spectral_peak,D_weak_16mm_10,0.016,10.0,-body_x,1,8.500000000004711,53.40707511105608,0.7296289077849797,0.7296289077849797,55.5451057190445,-0.9564195238347549,-0.8186079052854145,-1.0067800437128442,12.67910190908483,12.729378294533081,12.628825523636579,65.73851714300854,197.2155514290256,10000000.0,500.0,0.0024413253830689115,0.40688756384481856,2.457681406014627,0.2261946710584651,12.08039578694007,0.21362830044422432,0.08563326975230094,-2.457681406014627,0.791353506324058
spectral_peak,D_weak_16mm_10,0.016,10.0,-body_x,2,10.000000000005542,62.831853071830686,0.11605504376952763,0.8456839515545074,55.5451057190445,-0.9564195238347549,-0.8186079052854145,-1.0067800437128442,12.67910190908483,12.729378294533081,12.628825523636579,65.73851714300854,197.2155514290256,1000000.0,10.0,0.05032921210447309,8.388202017412182,0.11921505918958625,0.0004523893421169302,0.028424460675153102,0.25132741228732275,0.8876168900650956,-0.11921505918958625,1.0
spectral_peak,D_weak_16mm_10,0.016,10.0,-body_x,2,10.000000000005542,62.831853071830686,0.11605504376952763,0.8456839515545074,55.5451057190445,-0.9564195238347549,-0.8186079052854145,-1.0067800437128442,12.67910190908483,12.729378294533081,12.628825523636579,65.73851714300854,197.2155514290256,1000000.0,50.0,0.022507907903921414,3.7513179839869024,0.2665729762895759,0.0022619467105846514,0.14212230337576554,0.25132741228732275,0.7660001018412157,-0.2665729762895759,1.0
spectral_peak,D_weak_16mm_10,0.016,10.0,-body_x,2,10.000000000005542,62.831853071830686,0.11605504376952763,0.8456839515545074,55.5451057190445,-0.9564195238347549,-0.8186079052854145,-1.0067800437128442,12.67910190908483,12.729378294533081,12.628825523636579,65.73851714300854,197.2155514290256,1000000.0,100.0,0.015915494309185124,2.6525823848641874,0.3769911184308796,0.004523893421169303,0.28424460675153107,0.25132741228732275,0.6859221659340946,-0.3769911184308796,1.0
spectral_peak,D_weak_16mm_10,0.016,10.0,-body_x,2,10.000000000005542,62.831853071830686,0.11605504376952763,0.8456839515545074,55.5451057190445,-0.9564195238347549,-0.8186079052854145,-1.0067800437128442,12.67910190908483,12.729378294533081,12.628825523636579,65.73851714300854,197.2155514290256,1000000.0,500.0,0.007117625434169799,1.1862709056949665,0.8429777677251207,0.022619467105846513,1.4212230337576555,0.25132741228732275,0.430426901877731,-0.8429777677251207,1.0
spectral_peak,D_weak_16mm_10,0.016,10.0,-body_x,2,10.000000000005542,62.831853071830686,0.11605504376952763,0.8456839515545074,55.5451057190445,-0.9564195238347549,-0.8186079052854145,-1.0067800437128442,12.67910190908483,12.729378294533081,12.628825523636579,65.73851714300854,197.2155514290256,3000000.0,10.0,0.02905758415661931,4.842930692769885,0.20648653954369436,0.0013571680263507906,0.08527338202545931,0.25132741228732275,0.8134372106193014,-0.20648653954369436,1.0
spectral_peak,D_weak_16mm_10,0.016,10.0,-body_x,2,10.000000000005542,62.831853071830686,0.11605504376952763,0.8456839515545074,55.5451057190445,-0.9564195238347549,-0.8186079052854145,-1.0067800437128442,12.67910190908483,12.729378294533081,12.628825523636579,65.73851714300854,197.2155514290256,3000000.0,50.0,0.012994946687224333,2.165824447870722,0.46171793885839907,0.006785840131753954,0.4263669101272966,0.25132741228732275,0.6302000698265191,-0.46171793885839907,1.0
spectral_peak,D_weak_16mm_10,0.016,10.0,-body_x,2,10.000000000005542,62.831853071830686,0.11605504376952763,0.8456839515545074,55.5451057190445,-0.9564195238347549,-0.8186079052854145,-1.0067800437128442,12.67910190908483,12.729378294533081,12.628825523636579,65.73851714300854,197.2155514290256,3000000.0,100.0,0.009188814923693988,1.531469153948998,0.6529677711244994,0.013571680263507907,0.8527338202545932,0.25132741228732275,0.520498761108735,-0.6529677711244994,1.0
spectral_peak,D_weak_16mm_10,0.016,10.0,-body_x,2,10.000000000005542,62.831853071830686,0.11605504376952763,0.8456839515545074,55.5451057190445,-0.9564195238347549,-0.8186079052854145,-1.0067800437128442,12.67910190908483,12.729378294533081,12.628825523636579,65.73851714300854,197.2155514290256,3000000.0,500.0,0.00410936296040886,0.68489382673481,1.4600803233509048,0.06785840131753954,4.263669101272966,0.25132741228732275,0.23221762148312655,-1.4600803233509048,0.9687125092193274
spectral_peak,D_weak_16mm_10,0.016,10.0,-body_x,2,10.000000000005542,62.831853071830686,0.11605504376952763,0.8456839515545074,55.5451057190445,-0.9564195238347549,-0.8186079052854145,-1.0067800437128442,12.67910190908483,12.729378294533081,12.628825523636579,65.73851714300854,197.2155514290256,6000000.0,10.0,0.0205468148020443,3.42446913367405,0.292016064670181,0.0027143360527015813,0.17054676405091862,0.25132741228732275,0.7467565394794853,-0.292016064670181,1.0
spectral_peak,D_weak_16mm_10,0.016,10.0,-body_x,2,10.000000000005542,62.831853071830686,0.11605504376952763,0.8456839515545074,55.5451057190445,-0.9564195238347549,-0.8186079052854145,-1.0067800437128442,12.67910190908483,12.729378294533081,12.628825523636579,65.73851714300854,197.2155514290256,6000000.0,50.0,0.009188814923693988,1.531469153948998,0.6529677711244994,0.013571680263507907,0.8527338202545932,0.25132741228732275,0.520498761108735,-0.6529677711244994,1.0
spectral_peak,D_weak_16mm_10,0.016,10.0,-body_x,2,10.000000000005542,62.831853071830686,0.11605504376952763,0.8456839515545074,55.5451057190445,-0.9564195238347549,-0.8186079052854145,-1.0067800437128442,12.67910190908483,12.729378294533081,12.628825523636579,65.73851714300854,197.2155514290256,6000000.0,100.0,0.006497473343612167,1.082912223935361,0.9234358777167981,0.027143360527015815,1.7054676405091864,0.25132741228732275,0.3971521280093496,-0.9234358777167981,1.0
spectral_peak,D_weak_16mm_10,0.016,10.0,-body_x,2,10.000000000005542,62.831853071830686,0.11605504376952763,0.8456839515545074,55.5451057190445,-0.9564195238347549,-0.8186079052854145,-1.0067800437128442,12.67910190908483,12.729378294533081,12.628825523636579,65.73851714300854,197.2155514290256,6000000.0,500.0,0.0029057584156619307,0.48429306927698845,2.064865395436944,0.13571680263507907,8.527338202545932,0.25132741228732275,0.1268353620375076,-2.064865395436944,0.8628458654283107
spectral_peak,D_weak_16mm_10,0.016,10.0,-body_x,2,10.000000000005542,62.831853071830686,0.11605504376952763,0.8456839515545074,55.5451057190445,-0.9564195238347549,-0.8186079052854145,-1.0067800437128442,12.67910190908483,12.729378294533081,12.628825523636579,65.73851714300854,197.2155514290256,10000000.0,10.0,0.015915494309185124,2.6525823848641874,0.3769911184308796,0.004523893421169303,0.28424460675153107,0.25132741228732275,0.6859221659340946,-0.3769911184308796,1.0
spectral_peak,D_weak_16mm_10,0.016,10.0,-body_x,2,10.000000000005542,62.831853071830686,0.11605504376952763,0.8456839515545074,55.5451057190445,-0.9564195238347549,-0.8186079052854145,-1.0067800437128442,12.67910190908483,12.729378294533081,12.628825523636579,65.73851714300854,197.2155514290256,10000000.0,50.0,0.007117625434169799,1.1862709056949665,0.8429777677251207,0.022619467105846513,1.4212230337576555,0.25132741228732275,0.430426901877731,-0.8429777677251207,1.0
spectral_peak,D_weak_16mm_10,0.016,10.0,-body_x,2,10.000000000005542,62.831853071830686,0.11605504376952763,0.8456839515545074,55.5451057190445,-0.9564195238347549,-0.8186079052854145,-1.0067800437128442,12.67910190908483,12.729378294533081,12.628825523636579,65.73851714300854,197.2155514290256,10000000.0,100.0,0.005032921210447309,0.8388202017412182,1.1921505918958626,0.045238934211693026,2.842446067515311,0.25132741228732275,0.3035677112961916,-1.1921505918958626,0.995812721728049
spectral_peak,D_weak_16mm_10,0.016,10.0,-body_x,2,10.000000000005542,62.831853071830686,0.11605504376952763,0.8456839515545074,55.5451057190445,-0.9564195238347549,-0.8186079052854145,-1.0067800437128442,12.67910190908483,12.729378294533081,12.628825523636579,65.73851714300854,197.2155514290256,10000000.0,500.0,0.002250790790392142,0.3751317983986903,2.665729762895758,0.2261946710584651,14.212230337576553,0.25132741228732275,0.0695485810356874,-2.665729762895758,0.7560137936804712
spectral_peak,D_weak_16mm_10,0.016,10.0,-body_x,3,7.500000000004157,47.12388980387301,0.035241810371197724,0.8809257619257052,55.5451057190445,-0.9564195238347549,-0.8186079052854145,-1.0067800437128442,12.67910190908483,12.729378294533081,12.628825523636579,65.73851714300854,197.2155514290256,1000000.0,10.0,0.05811516831323862,9.68586138553977,0.10324326977184718,0.0004523893421169302,0.021318345506364828,0.18849555921549205,0.9019075399503551,-0.10324326977184718,1.0
spectral_peak,D_weak_16mm_10,0.016,10.0,-body_x,3,7.500000000004157,47.12388980387301,0.035241810371197724,0.8809257619257052,55.5451057190445,-0.9564195238347549,-0.8186079052854145,-1.0067800437128442,12.67910190908483,12.729378294533081,12.628825523636579,65.73851714300854,197.2155514290256,1000000.0,50.0,0.025989893374448667,4.331648895741444,0.23085896942919953,0.0022619467105846514,0.10659172753182415,0.18849555921549205,0.7938514154591646,-0.23085896942919953,1.0
spectral_peak,D_weak_16mm_10,0.016,10.0,-body_x,3,7.500000000004157,47.12388980387301,0.035241810371197724,0.8809257619257052,55.5451057190445,-0.9564195238347549,-0.8186079052854145,-1.0067800437128442,12.67910190908483,12.729378294533081,12.628825523636579,65.73851714300854,197.2155514290256,1000000.0,100.0,0.018377629847387975,3.062938307897996,0.3264838855622497,0.004523893421169303,0.2131834550636483,0.18849555921549205,0.7214560008127557,-0.3264838855622497,1.0
spectral_peak,D_weak_16mm_10,0.016,10.0,-body_x,3,7.500000000004157,47.12388980387301,0.035241810371197724,0.8809257619257052,55.5451057190445,-0.9564195238347549,-0.8186079052854145,-1.0067800437128442,12.67910190908483,12.729378294533081,12.628825523636579,65.73851714300854,197.2155514290256,1000000.0,500.0,0.00821872592081772,1.36978765346962,0.7300401616754524,0.022619467105846513,1.0659172753182415,0.18849555921549205,0.48188963620638964,-0.7300401616754524,1.0
spectral_peak,D_weak_16mm_10,0.016,10.0,-body_x,3,7.500000000004157,47.12388980387301,0.035241810371197724,0.8809257619257052,55.5451057190445,-0.9564195238347549,-0.8186079052854145,-1.0067800437128442,12.67910190908483,12.729378294533081,12.628825523636579,65.73851714300854,197.2155514290256,3000000.0,10.0,0.03355280806964873,5.592134678274788,0.17882258878437937,0.0013571680263507906,0.06395503651909448,0.18849555921549205,0.8362542471199209,-0.17882258878437937,1.0
spectral_peak,D_weak_16mm_10,0.016,10.0,-body_x,3,7.500000000004157,47.12388980387301,0.035241810371197724,0.8809257619257052,55.5451057190445,-0.9564195238347549,-0.8186079052854145,-1.0067800437128442,12.67910190908483,12.729378294533081,12.628825523636579,65.73851714300854,197.2155514290256,3000000.0,50.0,0.01500527193594761,2.500878655991268,0.39985946443436376,0.006785840131753954,0.31977518259547244,0.18849555921549205,0.6704142564622689,-0.39985946443436376,1.0
spectral_peak,D_weak_16mm_10,0.016,10.0,-body_x,3,7.500000000004157,47.12388980387301,0.035241810371197724,0.8809257619257052,55.5451057190445,-0.9564195238347549,-0.8186079052854145,-1.0067800437128442,12.67910190908483,12.729378294533081,12.628825523636579,65.73851714300854,197.2155514290256,3000000.0,100.0,0.010610329539456748,1.7683882565761246,0.5654866776463195,0.013571680263507907,0.6395503651909449,0.18849555921549205,0.5680836058776453,-0.5654866776463195,1.0
spectral_peak,D_weak_16mm_10,0.016,10.0,-body_x,3,7.500000000004157,47.12388980387301,0.035241810371197724,0.8809257619257052,55.5451057190445,-0.9564195238347549,-0.8186079052854145,-1.0067800437128442,12.67910190908483,12.729378294533081,12.628825523636579,65.73851714300854,197.2155514290256,3000000.0,500.0,0.004745083622779866,0.7908472704633109,1.2644666515876812,0.06785840131753954,3.1977518259547244,0.18849555921549205,0.28238986817112127,-1.2644666515876812,0.9908506422341639
spectral_peak,D_weak_16mm_10,0.016,10.0,-body_x,3,7.500000000004157,47.12388980387301,0.035241810371197724,0.8809257619257052,55.5451057190445,-0.9564195238347549,-0.8186079052854145,-1.0067800437128442,12.67910190908483,12.729378294533081,12.628825523636579,65.73851714300854,197.2155514290256,6000000.0,10.0,0.023725418113899326,3.954236352316554,0.25289333031753625,0.0027143360527015813,0.12791007303818897,0.18849555921549205,0.7765507118237817,-0.25289333031753625,1.0
spectral_peak,D_weak_16mm_10,0.016,10.0,-body_x,3,7.500000000004157,47.12388980387301,0.035241810371197724,0.8809257619257052,55.5451057190445,-0.9564195238347549,-0.8186079052854145,-1.0067800437128442,12.67910190908483,12.729378294533081,12.628825523636579,65.73851714300854,197.2155514290256,6000000.0,50.0,0.010610329539456748,1.7683882565761246,0.5654866776463195,0.013571680263507907,0.6395503651909449,0.18849555921549205,0.5680836058776453,-0.5654866776463195,1.0
spectral_peak,D_weak_16mm_10,0.016,10.0,-body_x,3,7.500000000004157,47.12388980387301,0.035241810371197724,0.8809257619257052,55.5451057190445,-0.9564195238347549,-0.8186079052854145,-1.0067800437128442,12.67910190908483,12.729378294533081,12.628825523636579,65.73851714300854,197.2155514290256,6000000.0,100.0,0.007502635967973805,1.250439327995634,0.7997189288687275,0.027143360527015815,1.2791007303818898,0.18849555921549205,0.44945527526785695,-0.7997189288687275,1.0
spectral_peak,D_weak_16mm_10,0.016,10.0,-body_x,3,7.500000000004157,47.12388980387301,0.035241810371197724,0.8809257619257052,55.5451057190445,-0.9564195238347549,-0.8186079052854145,-1.0067800437128442,12.67910190908483,12.729378294533081,12.628825523636579,65.73851714300854,197.2155514290256,6000000.0,500.0,0.003355280806964873,0.5592134678274788,1.7882258878437935,0.13571680263507907,6.395503651909449,0.18849555921549205,0.16725663864049348,-1.7882258878437935,0.914358365032252
spectral_peak,D_weak_16mm_10,0.016,10.0,-body_x,3,7.500000000004157,47.12388980387301,0.035241810371197724,0.8809257619257052,55.5451057190445,-0.9564195238347549,-0.8186079052854145,-1.0067800437128442,12.67910190908483,12.729378294533081,12.628825523636579,65.73851714300854,197.2155514290256,10000000.0,10.0,0.018377629847387975,3.062938307897996,0.3264838855622497,0.004523893421169303,0.2131834550636483,0.18849555921549205,0.7214560008127557,-0.3264838855622497,1.0
spectral_peak,D_weak_16mm_10,0.016,10.0,-body_x,3,7.500000000004157,47.12388980387301,0.035241810371197724,0.8809257619257052,55.5451057190445,-0.9564195238347549,-0.8186079052854145,-1.0067800437128442,12.67910190908483,12.729378294533081,12.628825523636579,65.73851714300854,197.2155514290256,10000000.0,50.0,0.00821872592081772,1.36978765346962,0.7300401616754524,0.022619467105846513,1.0659172753182415,0.18849555921549205,0.48188963620638964,-0.7300401616754524,1.0
spectral_peak,D_weak_16mm_10,0.016,10.0,-body_x,3,7.500000000004157,47.12388980387301,0.035241810371197724,0.8809257619257052,55.5451057190445,-0.9564195238347549,-0.8186079052854145,-1.0067800437128442,12.67910190908483,12.729378294533081,12.628825523636579,65.73851714300854,197.2155514290256,10000000.0,100.0,0.005811516831323861,0.9685861385539769,1.032432697718472,0.045238934211693026,2.131834550636483,0.18849555921549205,0.35613952608143284,-1.032432697718472,0.9999689998374038
spectral_peak,D_weak_16mm_10,0.016,10.0,-body_x,3,7.500000000004157,47.12388980387301,0.035241810371197724,0.8809257619257052,55.5451057190445,-0.9564195238347549,-0.8186079052854145,-1.0067800437128442,12.67910190908483,12.729378294533081,12.628825523636579,65.73851714300854,197.2155514290256,10000000.0,500.0,0.002598989337444867,0.4331648895741445,2.308589694291995,0.2261946710584651,10.659172753182414,0.18849555921549205,0.09940133902916383,-2.308589694291995,0.8178747213096291
spectral_peak,D_weak_16mm_10,0.016,10.0,+body_y,1,8.500000000004711,53.40707511105608,0.423742436297496,0.423742436297496,52.76761662692173,-0.9564195238347549,-0.8186079052854145,-1.0067800437128442,12.67910190908483,12.729378294533081,12.628825523636579,65.73851714300854,197.2155514290256,1000000.0,10.0,0.054589695117378,9.098282519563,0.10991085381771934,0.0004523893421169302,0.02416079157388014,0.21362830044422432,0.8959139990493681,-0.10991085381771934,1.0
spectral_peak,D_weak_16mm_10,0.016,10.0,+body_y,1,8.500000000004711,53.40707511105608,0.423742436297496,0.423742436297496,52.76761662692173,-0.9564195238347549,-0.8186079052854145,-1.0067800437128442,12.67910190908483,12.729378294533081,12.628825523636579,65.73851714300854,197.2155514290256,1000000.0,50.0,0.024413253830689114,4.068875638448185,0.2457681406014627,0.0022619467105846514,0.12080395786940071,0.21362830044422432,0.7821035419614686,-0.2457681406014627,1.0
spectral_peak,D_weak_16mm_10,0.016,10.0,+body_y,1,8.500000000004711,53.40707511105608,0.423742436297496,0.423742436297496,52.76761662692173,-0.9564195238347549,-0.8186079052854145,-1.0067800437128442,12.67910190908483,12.729378294533081,12.628825523636579,65.73851714300854,197.2155514290256,1000000.0,100.0,0.01726277733450873,2.8771295557514547,0.34756863763780627,0.004523893421169303,0.24160791573880142,0.21362830044422432,0.7064035263961577,-0.34756863763780627,1.0
spectral_peak,D_weak_16mm_10,0.016,10.0,+body_y,1,8.500000000004711,53.40707511105608,0.423742436297496,0.423742436297496,52.76761662692173,-0.9564195238347549,-0.8186079052854145,-1.0067800437128442,12.67910190908483,12.729378294533081,12.628825523636579,65.73851714300854,197.2155514290256,1000000.0,500.0,0.007720148720080829,1.2866914533468048,0.7771871006051269,0.022619467105846513,1.208039578694007,0.21362830044422432,0.45969727654521886,-0.7771871006051269,1.0
spectral_peak,D_weak_16mm_10,0.016,10.0,+body_y,1,8.500000000004711,53.40707511105608,0.423742436297496,0.423742436297496,52.76761662692173,-0.9564195238347549,-0.8186079052854145,-1.0067800437128442,12.67910190908483,12.729378294533081,12.628825523636579,65.73851714300854,197.2155514290256,3000000.0,10.0,0.03151737517099779,5.2528958618329655,0.19037118311556556,0.0013571680263507906,0.07248237472164042,0.21362830044422432,0.8266522376364671,-0.19037118311556556,1.0
spectral_peak,D_weak_16mm_10,0.016,10.0,+body_y,1,8.500000000004711,53.40707511105608,0.423742436297496,0.423742436297496,52.76761662692173,-0.9564195238347549,-0.8186079052854145,-1.0067800437128442,12.67910190908483,12.729378294533081,12.628825523636579,65.73851714300854,197.2155514290256,3000000.0,50.0,0.01409499867094302,2.34916644515717,0.4256829064034649,0.006785840131753954,0.3624118736082021,0.21362830044422432,0.6533234739689103,-0.4256829064034649,1.0
spectral_peak,D_weak_16mm_10,0.016,10.0,+body_y,1,8.500000000004711,53.40707511105608,0.423742436297496,0.423742436297496,52.76761662692173,-0.9564195238347549,-0.8186079052854145,-1.0067800437128442,12.67910190908483,12.729378294533081,12.628825523636579,65.73851714300854,197.2155514290256,3000000.0,100.0,0.009966669141039185,1.6611115235065308,0.6020065395061769,0.013571680263507907,0.7248237472164042,0.21362830044422432,0.5477115279390958,-0.6020065395061769,1.0
spectral_peak,D_weak_16mm_10,0.016,10.0,+body_y,1,8.500000000004711,53.40707511105608,0.423742436297496,0.423742436297496,52.76761662692173,-0.9564195238347549,-0.8186079052854145,-1.0067800437128442,12.67910190908483,12.729378294533081,12.628825523636579,65.73851714300854,197.2155514290256,3000000.0,500.0,0.004457229941722611,0.7428716569537686,1.3461275452352242,0.06785840131753954,3.624118736082021,0.21362830044422432,0.26024610311121554,-1.3461275452352242,0.9829999635084405
spectral_peak,D_weak_16mm_10,0.016,10.0,+body_y,1,8.500000000004711,53.40707511105608,0.423742436297496,0.423742436297496,52.76761662692173,-0.9564195238347549,-0.8186079052854145,-1.0067800437128442,12.67910190908483,12.729378294533081,12.628825523636579,65.73851714300854,197.2155514290256,6000000.0,10.0,0.02228614970861306,3.714358284768843,0.2692255090470448,0.0027143360527015813,0.14496474944328083,0.21362830044422432,0.7639709538593483,-0.2692255090470448,1.0
spectral_peak,D_weak_16mm_10,0.016,10.0,+body_y,1,8.500000000004711,53.40707511105608,0.423742436297496,0.423742436297496,52.76761662692173,-0.9564195238347549,-0.8186079052854145,-1.0067800437128442,12.67910190908483,12.729378294533081,12.628825523636579,65.73851714300854,197.2155514290256,6000000.0,50.0,0.009966669141039185,1.6611115235065308,0.6020065395061769,0.013571680263507907,0.7248237472164042,0.21362830044422432,0.5477115279390958,-0.6020065395061769,1.0
spectral_peak,D_weak_16mm_10,0.016,10.0,+body_y,1,8.500000000004711,53.40707511105608,0.423742436297496,0.423742436297496,52.76761662692173,-0.9564195238347549,-0.8186079052854145,-1.0067800437128442,12.67910190908483,12.729378294533081,12.628825523636579,65.73851714300854,197.2155514290256,6000000.0,100.0,0.00704749933547151,1.174583222578585,0.8513658128069298,0.027143360527015815,1.4496474944328084,0.21362830044422432,0.42683156163880537,-0.8513658128069298,1.0
spectral_peak,D_weak_16mm_10,0.016,10.0,+body_y,1,8.500000000004711,53.40707511105608,0.423742436297496,0.423742436297496,52.76761662692173,-0.9564195238347549,-0.8186079052854145,-1.0067800437128442,12.67910190908483,12.729378294533081,12.628825523636579,65.73851714300854,197.2155514290256,6000000.0,500.0,0.0031517375170997787,0.5252895861832965,1.903711831155656,0.13571680263507907,7.248237472164042,0.21362830044422432,0.14901447484331765,-1.903711831155656,0.893024019171379
spectral_peak,D_weak_16mm_10,0.016,10.0,+body_y,1,8.500000000004711,53.40707511105608,0.423742436297496,0.423742436297496,52.76761662692173,-0.9564195238347549,-0.8186079052854145,-1.0067800437128442,12.67910190908483,12.729378294533081,12.628825523636579,65.73851714300854,197.2155514290256,10000000.0,10.0,0.01726277733450873,2.8771295557514547,0.34756863763780627,0.004523893421169303,0.24160791573880142,0.21362830044422432,0.7064035263961577,-0.34756863763780627,1.0
spectral_peak,D_weak_16mm_10,0.016,10.0,+body_y,1,8.500000000004711,53.40707511105608,0.423742436297496,0.423742436297496,52.76761662692173,-0.9564195238347549,-0.8186079052854145,-1.0067800437128442,12.67910190908483,12.729378294533081,12.628825523636579,65.73851714300854,197.2155514290256,10000000.0,50.0,0.007720148720080829,1.2866914533468048,0.7771871006051269,0.022619467105846513,1.208039578694007,0.21362830044422432,0.45969727654521886,-0.7771871006051269,1.0
spectral_peak,D_weak_16mm_10,0.016,10.0,+body_y,1,8.500000000004711,53.40707511105608,0.423742436297496,0.423742436297496,52.76761662692173,-0.9564195238347549,-0.8186079052854145,-1.0067800437128442,12.67910190908483,12.729378294533081,12.628825523636579,65.73851714300854,197.2155514290256,10000000.0,100.0,0.0054589695117378,0.9098282519562999,1.0991085381771935,0.045238934211693026,2.416079157388014,0.21362830044422432,0.33316795786744613,-1.0991085381771935,0.9992668185531766
spectral_peak,D_weak_16mm_10,0.016,10.0,+body_y,1,8.500000000004711,53.40707511105608,0.423742436297496,0.423742436297496,52.76761662692173,-0.9564195238347549,-0.8186079052854145,-1.0067800437128442,12.67910190908483,12.729378294533081,12.628825523636579,65.73851714300854,197.2155514290256,10000000.0,500.0,0.0024413253830689115,0.40688756384481856,2.457681406014627,0.2261946710584651,12.08039578694007,0.21362830044422432,0.08563326975230094,-2.457681406014627,0.791353506324058
spectral_peak,D_weak_16mm_10,0.016,10.0,+body_y,2,6.000000000003325,37.699111843098414,0.12478321476049523,0.5485256510579912,52.76761662692173,-0.9564195238347549,-0.8186079052854145,-1.0067800437128442,12.67910190908483,12.729378294533081,12.628825523636579,65.73851714300854,197.2155514290256,1000000.0,10.0,0.06497473343612167,10.829122239353612,0.09234358777167981,0.0004523893421169302,0.017054676405091864,0.15079644737239367,0.9117918152012275,-0.09234358777167981,1.0
spectral_peak,D_weak_16mm_10,0.016,10.0,+body_y,2,6.000000000003325,37.699111843098414,0.12478321476049523,0.5485256510579912,52.76761662692173,-0.9564195238347549,-0.8186079052854145,-1.0067800437128442,12.67910190908483,12.729378294533081,12.628825523636579,65.73851714300854,197.2155514290256,1000000.0,50.0,0.02905758415661931,4.842930692769885,0.20648653954369436,0.0022619467105846514,0.08527338202545934,0.15079644737239367,0.8134372106193014,-0.20648653954369436,1.0
spectral_peak,D_weak_16mm_10,0.016,10.0,+body_y,2,6.000000000003325,37.699111843098414,0.12478321476049523,0.5485256510579912,52.76761662692173,-0.9564195238347549,-0.8186079052854145,-1.0067800437128442,12.67910190908483,12.729378294533081,12.628825523636579,65.73851714300854,197.2155514290256,1000000.0,100.0,0.0205468148020443,3.42446913367405,0.292016064670181,0.004523893421169303,0.17054676405091868,0.15079644737239367,0.7467565394794853,-0.292016064670181,1.0
spectral_peak,D_weak_16mm_10,0.016,10.0,+body_y,2,6.000000000003325,37.699111843098414,0.12478321476049523,0.5485256510579912,52.76761662692173,-0.9564195238347549,-0.8186079052854145,-1.0067800437128442,12.67910190908483,12.729378294533081,12.628825523636579,65.73851714300854,197.2155514290256,1000000.0,500.0,0.009188814923693988,1.531469153948998,0.6529677711244994,0.022619467105846513,0.8527338202545933,0.15079644737239367,0.520498761108735,-0.6529677711244994,1.0
spectral_peak,D_weak_16mm_10,0.016,10.0,+body_y,2,6.000000000003325,37.699111843098414,0.12478321476049523,0.5485256510579912,52.76761662692173,-0.9564195238347549,-0.8186079052854145,-1.0067800437128442,12.67910190908483,12.729378294533081,12.628825523636579,65.73851714300854,197.2155514290256,3000000.0,10.0,0.03751317983986902,6.2521966399781705,0.15994378577374552,0.0013571680263507906,0.051164029215275596,0.15079644737239367,0.8521916929163947,-0.15994378577374552,1.0
spectral_peak,D_weak_16mm_10,0.016,10.0,+body_y,2,6.000000000003325,37.699111843098414,0.12478321476049523,0.5485256510579912,52.76761662692173,-0.9564195238347549,-0.8186079052854145,-1.0067800437128442,12.67910190908483,12.729378294533081,12.628825523636579,65.73851714300854,197.2155514290256,3000000.0,50.0,0.016776404034824364,2.796067339137394,0.35764517756875874,0.006785840131753954,0.255820146076378,0.15079644737239367,0.6993211658261058,-0.35764517756875874,1.0
spectral_peak,D_weak_16mm_10,0.016,10.0,+body_y,2,6.000000000003325,37.699111843098414,0.12478321476049523,0.5485256510579912,52.76761662692173,-0.9564195238347549,-0.8186079052854145,-1.0067800437128442,12.67910190908483,12.729378294533081,12.628825523636579,65.73851714300854,197.2155514290256,3000000.0,100.0,0.011862709056949663,1.977118176158277,0.5057866606350725,0.013571680263507907,0.511640292152756,0.15079644737239367,0.603031008034022,-0.5057866606350725,1.0
spectral_peak,D_weak_16mm_10,0.016,10.0,+body_y,2,6.000000000003325,37.699111843098414,0.12478321476049523,0.5485256510579912,52.76761662692173,-0.9564195238347549,-0.8186079052854145,-1.0067800437128442,12.67910190908483,12.729378294533081,12.628825523636579,65.73851714300854,197.2155514290256,3000000.0,500.0,0.005305164769728374,0.8841941282880623,1.130973355292639,0.06785840131753954,2.5582014607637795,0.15079644737239367,0.3227189832669478,-1.130973355292639,0.9984469274633927
spectral_peak,D_weak_16mm_10,0.016,10.0,+body_y,2,6.000000000003325,37.699111843098414,0.12478321476049523,0.5485256510579912,52.76761662692173,-0.9564195238347549,-0.8186079052854145,-1.0067800437128442,12.67910190908483,12.729378294533081,12.628825523636579,65.73851714300854,197.2155514290256,6000000.0,10.0,0.026525823848641873,4.420970641440312,0.2261946710585278,0.0027143360527015813,0.10232805843055119,0.15079644737239367,0.7975628241529255,-0.2261946710585278,1.0
spectral_peak,D_weak_16mm_10,0.016,10.0,+body_y,2,6.000000000003325,37.699111843098414,0.12478321476049523,0.5485256510579912,52.76761662692173,-0.9564195238347549,-0.8186079052854145,-1.0067800437128442,12.67910190908483,12.729378294533081,12.628825523636579,65.73851714300854,197.2155514290256,6000000.0,50.0,0.011862709056949663,1.977118176158277,0.5057866606350725,0.013571680263507907,0.511640292152756,0.15079644737239367,0.603031008034022,-0.5057866606350725,1.0
spectral_peak,D_weak_16mm_10,0.016,10.0,+body_y,2,6.000000000003325,37.699111843098414,0.12478321476049523,0.5485256510579912,52.76761662692173,-0.9564195238347549,-0.8186079052854145,-1.0067800437128442,12.67910190908483,12.729378294533081,12.628825523636579,65.73851714300854,197.2155514290256,6000000.0,100.0,0.008388202017412182,1.398033669568697,0.7152903551375175,0.027143360527015815,1.023280584305512,0.15079644737239367,0.4890500929723838,-0.7152903551375175,1.0
spectral_peak,D_weak_16mm_10,0.016,10.0,+body_y,2,6.000000000003325,37.699111843098414,0.12478321476049523,0.5485256510579912,52.76761662692173,-0.9564195238347549,-0.8186079052854145,-1.0067800437128442,12.67910190908483,12.729378294533081,12.628825523636579,65.73851714300854,197.2155514290256,6000000.0,500.0,0.0037513179839869025,0.625219663997817,1.599437857737455,0.13571680263507907,5.116402921527559,0.15079644737239367,0.20201004446610507,-1.599437857737455,0.9473582414758724
spectral_peak,D_weak_16mm_10,0.016,10.0,+body_y,2,6.000000000003325,37.699111843098414,0.12478321476049523,0.5485256510579912,52.76761662692173,-0.9564195238347549,-0.8186079052854145,-1.0067800437128442,12.67910190908483,12.729378294533081,12.628825523636579,65.73851714300854,197.2155514290256,10000000.0,10.0,0.0205468148020443,3.42446913367405,0.292016064670181,0.004523893421169303,0.17054676405091868,0.15079644737239367,0.7467565394794853,-0.292016064670181,1.0
spectral_peak,D_weak_16mm_10,0.016,10.0,+body_y,2,6.000000000003325,37.699111843098414,0.12478321476049523,0.5485256510579912,52.76761662692173,-0.9564195238347549,-0.8186079052854145,-1.0067800437128442,12.67910190908483,12.729378294533081,12.628825523636579,65.73851714300854,197.2155514290256,10000000.0,50.0,0.009188814923693988,1.531469153948998,0.6529677711244994,0.022619467105846513,0.8527338202545933,0.15079644737239367,0.520498761108735,-0.6529677711244994,1.0
spectral_peak,D_weak_16mm_10,0.016,10.0,+body_y,2,6.000000000003325,37.699111843098414,0.12478321476049523,0.5485256510579912,52.76761662692173,-0.9564195238347549,-0.8186079052854145,-1.0067800437128442,12.67910190908483,12.729378294533081,12.628825523636579,65.73851714300854,197.2155514290256,10000000.0,100.0,0.006497473343612167,1.082912223935361,0.9234358777167981,0.045238934211693026,1.7054676405091866,0.15079644737239367,0.3971521280093496,-0.9234358777167981,1.0
spectral_peak,D_weak_16mm_10,0.016,10.0,+body_y,2,6.000000000003325,37.699111843098414,0.12478321476049523,0.5485256510579912,52.76761662692173,-0.9564195238347549,-0.8186079052854145,-1.0067800437128442,12.67910190908483,12.729378294533081,12.628825523636579,65.73851714300854,197.2155514290256,10000000.0,500.0,0.0029057584156619307,0.48429306927698845,2.064865395436944,0.2261946710584651,8.527338202545932,0.15079644737239367,0.1268353620375076,-2.064865395436944,0.8628458654283107
spectral_peak,D_weak_16mm_10,0.016,10.0,+body_y,3,10.000000000005542,62.831853071830686,0.09400766527931162,0.6425333163373028,52.76761662692173,-0.9564195238347549,-0.8186079052854145,-1.0067800437128442,12.67910190908483,12.729378294533081,12.628825523636579,65.73851714300854,197.2155514290256,1000000.0,10.0,0.05032921210447309,8.388202017412182,0.11921505918958625,0.0004523893421169302,0.028424460675153102,0.25132741228732275,0.8876168900650956,-0.11921505918958625,1.0
spectral_peak,D_weak_16mm_10,0.016,10.0,+body_y,3,10.000000000005542,62.831853071830686,0.09400766527931162,0.6425333163373028,52.76761662692173,-0.9564195238347549,-0.8186079052854145,-1.0067800437128442,12.67910190908483,12.729378294533081,12.628825523636579,65.73851714300854,197.2155514290256,1000000.0,50.0,0.022507907903921414,3.7513179839869024,0.2665729762895759,0.0022619467105846514,0.14212230337576554,0.25132741228732275,0.7660001018412157,-0.2665729762895759,1.0
spectral_peak,D_weak_16mm_10,0.016,10.0,+body_y,3,10.000000000005542,62.831853071830686,0.09400766527931162,0.6425333163373028,52.76761662692173,-0.9564195238347549,-0.8186079052854145,-1.0067800437128442,12.67910190908483,12.729378294533081,12.628825523636579,65.73851714300854,197.2155514290256,1000000.0,100.0,0.015915494309185124,2.6525823848641874,0.3769911184308796,0.004523893421169303,0.28424460675153107,0.25132741228732275,0.6859221659340946,-0.3769911184308796,1.0
spectral_peak,D_weak_16mm_10,0.016,10.0,+body_y,3,10.000000000005542,62.831853071830686,0.09400766527931162,0.6425333163373028,52.76761662692173,-0.9564195238347549,-0.8186079052854145,-1.0067800437128442,12.67910190908483,12.729378294533081,12.628825523636579,65.73851714300854,197.2155514290256,1000000.0,500.0,0.007117625434169799,1.1862709056949665,0.8429777677251207,0.022619467105846513,1.4212230337576555,0.25132741228732275,0.430426901877731,-0.8429777677251207,1.0
spectral_peak,D_weak_16mm_10,0.016,10.0,+body_y,3,10.000000000005542,62.831853071830686,0.09400766527931162,0.6425333163373028,52.76761662692173,-0.9564195238347549,-0.8186079052854145,-1.0067800437128442,12.67910190908483,12.729378294533081,12.628825523636579,65.73851714300854,197.2155514290256,3000000.0,10.0,0.02905758415661931,4.842930692769885,0.20648653954369436,0.0013571680263507906,0.08527338202545931,0.25132741228732275,0.8134372106193014,-0.20648653954369436,1.0
spectral_peak,D_weak_16mm_10,0.016,10.0,+body_y,3,10.000000000005542,62.831853071830686,0.09400766527931162,0.6425333163373028,52.76761662692173,-0.9564195238347549,-0.8186079052854145,-1.0067800437128442,12.67910190908483,12.729378294533081,12.628825523636579,65.73851714300854,197.2155514290256,3000000.0,50.0,0.012994946687224333,2.165824447870722,0.46171793885839907,0.006785840131753954,0.4263669101272966,0.25132741228732275,0.6302000698265191,-0.46171793885839907,1.0
spectral_peak,D_weak_16mm_10,0.016,10.0,+body_y,3,10.000000000005542,62.831853071830686,0.09400766527931162,0.6425333163373028,52.76761662692173,-0.9564195238347549,-0.8186079052854145,-1.0067800437128442,12.67910190908483,12.729378294533081,12.628825523636579,65.73851714300854,197.2155514290256,3000000.0,100.0,0.009188814923693988,1.531469153948998,0.6529677711244994,0.013571680263507907,0.8527338202545932,0.25132741228732275,0.520498761108735,-0.6529677711244994,1.0
spectral_peak,D_weak_16mm_10,0.016,10.0,+body_y,3,10.000000000005542,62.831853071830686,0.09400766527931162,0.6425333163373028,52.76761662692173,-0.9564195238347549,-0.8186079052854145,-1.0067800437128442,12.67910190908483,12.729378294533081,12.628825523636579,65.73851714300854,197.2155514290256,3000000.0,500.0,0.00410936296040886,0.68489382673481,1.4600803233509048,0.06785840131753954,4.263669101272966,0.25132741228732275,0.23221762148312655,-1.4600803233509048,0.9687125092193274
spectral_peak,D_weak_16mm_10,0.016,10.0,+body_y,3,10.000000000005542,62.831853071830686,0.09400766527931162,0.6425333163373028,52.76761662692173,-0.9564195238347549,-0.8186079052854145,-1.0067800437128442,12.67910190908483,12.729378294533081,12.628825523636579,65.73851714300854,197.2155514290256,6000000.0,10.0,0.0205468148020443,3.42446913367405,0.292016064670181,0.0027143360527015813,0.17054676405091862,0.25132741228732275,0.7467565394794853,-0.292016064670181,1.0
spectral_peak,D_weak_16mm_10,0.016,10.0,+body_y,3,10.000000000005542,62.831853071830686,0.09400766527931162,0.6425333163373028,52.76761662692173,-0.9564195238347549,-0.8186079052854145,-1.0067800437128442,12.67910190908483,12.729378294533081,12.628825523636579,65.73851714300854,197.2155514290256,6000000.0,50.0,0.009188814923693988,1.531469153948998,0.6529677711244994,0.013571680263507907,0.8527338202545932,0.25132741228732275,0.520498761108735,-0.6529677711244994,1.0
spectral_peak,D_weak_16mm_10,0.016,10.0,+body_y,3,10.000000000005542,62.831853071830686,0.09400766527931162,0.6425333163373028,52.76761662692173,-0.9564195238347549,-0.8186079052854145,-1.0067800437128442,12.67910190908483,12.729378294533081,12.628825523636579,65.73851714300854,197.2155514290256,6000000.0,100.0,0.006497473343612167,1.082912223935361,0.9234358777167981,0.027143360527015815,1.7054676405091864,0.25132741228732275,0.3971521280093496,-0.9234358777167981,1.0
spectral_peak,D_weak_16mm_10,0.016,10.0,+body_y,3,10.000000000005542,62.831853071830686,0.09400766527931162,0.6425333163373028,52.76761662692173,-0.9564195238347549,-0.8186079052854145,-1.0067800437128442,12.67910190908483,12.729378294533081,12.628825523636579,65.73851714300854,197.2155514290256,6000000.0,500.0,0.0029057584156619307,0.48429306927698845,2.064865395436944,0.13571680263507907,8.527338202545932,0.25132741228732275,0.1268353620375076,-2.064865395436944,0.8628458654283107
spectral_peak,D_weak_16mm_10,0.016,10.0,+body_y,3,10.000000000005542,62.831853071830686,0.09400766527931162,0.6425333163373028,52.76761662692173,-0.9564195238347549,-0.8186079052854145,-1.0067800437128442,12.67910190908483,12.729378294533081,12.628825523636579,65.73851714300854,197.2155514290256,10000000.0,10.0,0.015915494309185124,2.6525823848641874,0.3769911184308796,0.004523893421169303,0.28424460675153107,0.25132741228732275,0.6859221659340946,-0.3769911184308796,1.0
spectral_peak,D_weak_16mm_10,0.016,10.0,+body_y,3,10.000000000005542,62.831853071830686,0.09400766527931162,0.6425333163373028,52.76761662692173,-0.9564195238347549,-0.8186079052854145,-1.0067800437128442,12.67910190908483,12.729378294533081,12.628825523636579,65.73851714300854,197.2155514290256,10000000.0,50.0,0.007117625434169799,1.1862709056949665,0.8429777677251207,0.022619467105846513,1.4212230337576555,0.25132741228732275,0.430426901877731,-0.8429777677251207,1.0
spectral_peak,D_weak_16mm_10,0.016,10.0,+body_y,3,10.000000000005542,62.831853071830686,0.09400766527931162,0.6425333163373028,52.76761662692173,-0.9564195238347549,-0.8186079052854145,-1.0067800437128442,12.67910190908483,12.729378294533081,12.628825523636579,65.73851714300854,197.2155514290256,10000000.0,100.0,0.005032921210447309,0.8388202017412182,1.1921505918958626,0.045238934211693026,2.842446067515311,0.25132741228732275,0.3035677112961916,-1.1921505918958626,0.995812721728049
spectral_peak,D_weak_16mm_10,0.016,10.0,+body_y,3,10.000000000005542,62.831853071830686,0.09400766527931162,0.6425333163373028,52.76761662692173,-0.9564195238347549,-0.8186079052854145,-1.0067800437128442,12.67910190908483,12.729378294533081,12.628825523636579,65.73851714300854,197.2155514290256,10000000.0,500.0,0.002250790790392142,0.3751317983986903,2.665729762895758,0.2261946710584651,14.212230337576553,0.25132741228732275,0.0695485810356874,-2.665729762895758,0.7560137936804712
spectral_peak,D_weak_16mm_10,0.016,10.0,-body_y,1,8.500000000004711,53.40707511105608,0.517801248272356,0.517801248272356,52.59733103032925,-0.9564195238347549,-0.8186079052854145,-1.0067800437128442,12.67910190908483,12.729378294533081,12.628825523636579,65.73851714300854,197.2155514290256,1000000.0,10.0,0.054589695117378,9.098282519563,0.10991085381771934,0.0004523893421169302,0.02416079157388014,0.21362830044422432,0.8959139990493681,-0.10991085381771934,1.0
spectral_peak,D_weak_16mm_10,0.016,10.0,-body_y,1,8.500000000004711,53.40707511105608,0.517801248272356,0.517801248272356,52.59733103032925,-0.9564195238347549,-0.8186079052854145,-1.0067800437128442,12.67910190908483,12.729378294533081,12.628825523636579,65.73851714300854,197.2155514290256,1000000.0,50.0,0.024413253830689114,4.068875638448185,0.2457681406014627,0.0022619467105846514,0.12080395786940071,0.21362830044422432,0.7821035419614686,-0.2457681406014627,1.0
spectral_peak,D_weak_16mm_10,0.016,10.0,-body_y,1,8.500000000004711,53.40707511105608,0.517801248272356,0.517801248272356,52.59733103032925,-0.9564195238347549,-0.8186079052854145,-1.0067800437128442,12.67910190908483,12.729378294533081,12.628825523636579,65.73851714300854,197.2155514290256,1000000.0,100.0,0.01726277733450873,2.8771295557514547,0.34756863763780627,0.004523893421169303,0.24160791573880142,0.21362830044422432,0.7064035263961577,-0.34756863763780627,1.0
spectral_peak,D_weak_16mm_10,0.016,10.0,-body_y,1,8.500000000004711,53.40707511105608,0.517801248272356,0.517801248272356,52.59733103032925,-0.9564195238347549,-0.8186079052854145,-1.0067800437128442,12.67910190908483,12.729378294533081,12.628825523636579,65.73851714300854,197.2155514290256,1000000.0,500.0,0.007720148720080829,1.2866914533468048,0.7771871006051269,0.022619467105846513,1.208039578694007,0.21362830044422432,0.45969727654521886,-0.7771871006051269,1.0
spectral_peak,D_weak_16mm_10,0.016,10.0,-body_y,1,8.500000000004711,53.40707511105608,0.517801248272356,0.517801248272356,52.59733103032925,-0.9564195238347549,-0.8186079052854145,-1.0067800437128442,12.67910190908483,12.729378294533081,12.628825523636579,65.73851714300854,197.2155514290256,3000000.0,10.0,0.03151737517099779,5.2528958618329655,0.19037118311556556,0.0013571680263507906,0.07248237472164042,0.21362830044422432,0.8266522376364671,-0.19037118311556556,1.0
spectral_peak,D_weak_16mm_10,0.016,10.0,-body_y,1,8.500000000004711,53.40707511105608,0.517801248272356,0.517801248272356,52.59733103032925,-0.9564195238347549,-0.8186079052854145,-1.0067800437128442,12.67910190908483,12.729378294533081,12.628825523636579,65.73851714300854,197.2155514290256,3000000.0,50.0,0.01409499867094302,2.34916644515717,0.4256829064034649,0.006785840131753954,0.3624118736082021,0.21362830044422432,0.6533234739689103,-0.4256829064034649,1.0
spectral_peak,D_weak_16mm_10,0.016,10.0,-body_y,1,8.500000000004711,53.40707511105608,0.517801248272356,0.517801248272356,52.59733103032925,-0.9564195238347549,-0.8186079052854145,-1.0067800437128442,12.67910190908483,12.729378294533081,12.628825523636579,65.73851714300854,197.2155514290256,3000000.0,100.0,0.009966669141039185,1.6611115235065308,0.6020065395061769,0.013571680263507907,0.7248237472164042,0.21362830044422432,0.5477115279390958,-0.6020065395061769,1.0
spectral_peak,D_weak_16mm_10,0.016,10.0,-body_y,1,8.500000000004711,53.40707511105608,0.517801248272356,0.517801248272356,52.59733103032925,-0.9564195238347549,-0.8186079052854145,-1.0067800437128442,12.67910190908483,12.729378294533081,12.628825523636579,65.73851714300854,197.2155514290256,3000000.0,500.0,0.004457229941722611,0.7428716569537686,1.3461275452352242,0.06785840131753954,3.624118736082021,0.21362830044422432,0.26024610311121554,-1.3461275452352242,0.9829999635084405
spectral_peak,D_weak_16mm_10,0.016,10.0,-body_y,1,8.500000000004711,53.40707511105608,0.517801248272356,0.517801248272356,52.59733103032925,-0.9564195238347549,-0.8186079052854145,-1.0067800437128442,12.67910190908483,12.729378294533081,12.628825523636579,65.73851714300854,197.2155514290256,6000000.0,10.0,0.02228614970861306,3.714358284768843,0.2692255090470448,0.0027143360527015813,0.14496474944328083,0.21362830044422432,0.7639709538593483,-0.2692255090470448,1.0
spectral_peak,D_weak_16mm_10,0.016,10.0,-body_y,1,8.500000000004711,53.40707511105608,0.517801248272356,0.517801248272356,52.59733103032925,-0.9564195238347549,-0.8186079052854145,-1.0067800437128442,12.67910190908483,12.729378294533081,12.628825523636579,65.73851714300854,197.2155514290256,6000000.0,50.0,0.009966669141039185,1.6611115235065308,0.6020065395061769,0.013571680263507907,0.7248237472164042,0.21362830044422432,0.5477115279390958,-0.6020065395061769,1.0
spectral_peak,D_weak_16mm_10,0.016,10.0,-body_y,1,8.500000000004711,53.40707511105608,0.517801248272356,0.517801248272356,52.59733103032925,-0.9564195238347549,-0.8186079052854145,-1.0067800437128442,12.67910190908483,12.729378294533081,12.628825523636579,65.73851714300854,197.2155514290256,6000000.0,100.0,0.00704749933547151,1.174583222578585,0.8513658128069298,0.027143360527015815,1.4496474944328084,0.21362830044422432,0.42683156163880537,-0.8513658128069298,1.0
spectral_peak,D_weak_16mm_10,0.016,10.0,-body_y,1,8.500000000004711,53.40707511105608,0.517801248272356,0.517801248272356,52.59733103032925,-0.9564195238347549,-0.8186079052854145,-1.0067800437128442,12.67910190908483,12.729378294533081,12.628825523636579,65.73851714300854,197.2155514290256,6000000.0,500.0,0.0031517375170997787,0.5252895861832965,1.903711831155656,0.13571680263507907,7.248237472164042,0.21362830044422432,0.14901447484331765,-1.903711831155656,0.893024019171379
spectral_peak,D_weak_16mm_10,0.016,10.0,-body_y,1,8.500000000004711,53.40707511105608,0.517801248272356,0.517801248272356,52.59733103032925,-0.9564195238347549,-0.8186079052854145,-1.0067800437128442,12.67910190908483,12.729378294533081,12.628825523636579,65.73851714300854,197.2155514290256,10000000.0,10.0,0.01726277733450873,2.8771295557514547,0.34756863763780627,0.004523893421169303,0.24160791573880142,0.21362830044422432,0.7064035263961577,-0.34756863763780627,1.0
spectral_peak,D_weak_16mm_10,0.016,10.0,-body_y,1,8.500000000004711,53.40707511105608,0.517801248272356,0.517801248272356,52.59733103032925,-0.9564195238347549,-0.8186079052854145,-1.0067800437128442,12.67910190908483,12.729378294533081,12.628825523636579,65.73851714300854,197.2155514290256,10000000.0,50.0,0.007720148720080829,1.2866914533468048,0.7771871006051269,0.022619467105846513,1.208039578694007,0.21362830044422432,0.45969727654521886,-0.7771871006051269,1.0
spectral_peak,D_weak_16mm_10,0.016,10.0,-body_y,1,8.500000000004711,53.40707511105608,0.517801248272356,0.517801248272356,52.59733103032925,-0.9564195238347549,-0.8186079052854145,-1.0067800437128442,12.67910190908483,12.729378294533081,12.628825523636579,65.73851714300854,197.2155514290256,10000000.0,100.0,0.0054589695117378,0.9098282519562999,1.0991085381771935,0.045238934211693026,2.416079157388014,0.21362830044422432,0.33316795786744613,-1.0991085381771935,0.9992668185531766
spectral_peak,D_weak_16mm_10,0.016,10.0,-body_y,1,8.500000000004711,53.40707511105608,0.517801248272356,0.517801248272356,52.59733103032925,-0.9564195238347549,-0.8186079052854145,-1.0067800437128442,12.67910190908483,12.729378294533081,12.628825523636579,65.73851714300854,197.2155514290256,10000000.0,500.0,0.0024413253830689115,0.40688756384481856,2.457681406014627,0.2261946710584651,12.08039578694007,0.21362830044422432,0.08563326975230094,-2.457681406014627,0.791353506324058
spectral_peak,D_weak_16mm_10,0.016,10.0,-body_y,2,6.000000000003325,37.699111843098414,0.11157544574093024,0.6293766940132862,52.59733103032925,-0.9564195238347549,-0.8186079052854145,-1.0067800437128442,12.67910190908483,12.729378294533081,12.628825523636579,65.73851714300854,197.2155514290256,1000000.0,10.0,0.06497473343612167,10.829122239353612,0.09234358777167981,0.0004523893421169302,0.017054676405091864,0.15079644737239367,0.9117918152012275,-0.09234358777167981,1.0
spectral_peak,D_weak_16mm_10,0.016,10.0,-body_y,2,6.000000000003325,37.699111843098414,0.11157544574093024,0.6293766940132862,52.59733103032925,-0.9564195238347549,-0.8186079052854145,-1.0067800437128442,12.67910190908483,12.729378294533081,12.628825523636579,65.73851714300854,197.2155514290256,1000000.0,50.0,0.02905758415661931,4.842930692769885,0.20648653954369436,0.0022619467105846514,0.08527338202545934,0.15079644737239367,0.8134372106193014,-0.20648653954369436,1.0
spectral_peak,D_weak_16mm_10,0.016,10.0,-body_y,2,6.000000000003325,37.699111843098414,0.11157544574093024,0.6293766940132862,52.59733103032925,-0.9564195238347549,-0.8186079052854145,-1.0067800437128442,12.67910190908483,12.729378294533081,12.628825523636579,65.73851714300854,197.2155514290256,1000000.0,100.0,0.0205468148020443,3.42446913367405,0.292016064670181,0.004523893421169303,0.17054676405091868,0.15079644737239367,0.7467565394794853,-0.292016064670181,1.0
spectral_peak,D_weak_16mm_10,0.016,10.0,-body_y,2,6.000000000003325,37.699111843098414,0.11157544574093024,0.6293766940132862,52.59733103032925,-0.9564195238347549,-0.8186079052854145,-1.0067800437128442,12.67910190908483,12.729378294533081,12.628825523636579,65.73851714300854,197.2155514290256,1000000.0,500.0,0.009188814923693988,1.531469153948998,0.6529677711244994,0.022619467105846513,0.8527338202545933,0.15079644737239367,0.520498761108735,-0.6529677711244994,1.0
spectral_peak,D_weak_16mm_10,0.016,10.0,-body_y,2,6.000000000003325,37.699111843098414,0.11157544574093024,0.6293766940132862,52.59733103032925,-0.9564195238347549,-0.8186079052854145,-1.0067800437128442,12.67910190908483,12.729378294533081,12.628825523636579,65.73851714300854,197.2155514290256,3000000.0,10.0,0.03751317983986902,6.2521966399781705,0.15994378577374552,0.0013571680263507906,0.051164029215275596,0.15079644737239367,0.8521916929163947,-0.15994378577374552,1.0
spectral_peak,D_weak_16mm_10,0.016,10.0,-body_y,2,6.000000000003325,37.699111843098414,0.11157544574093024,0.6293766940132862,52.59733103032925,-0.9564195238347549,-0.8186079052854145,-1.0067800437128442,12.67910190908483,12.729378294533081,12.628825523636579,65.73851714300854,197.2155514290256,3000000.0,50.0,0.016776404034824364,2.796067339137394,0.35764517756875874,0.006785840131753954,0.255820146076378,0.15079644737239367,0.6993211658261058,-0.35764517756875874,1.0
spectral_peak,D_weak_16mm_10,0.016,10.0,-body_y,2,6.000000000003325,37.699111843098414,0.11157544574093024,0.6293766940132862,52.59733103032925,-0.9564195238347549,-0.8186079052854145,-1.0067800437128442,12.67910190908483,12.729378294533081,12.628825523636579,65.73851714300854,197.2155514290256,3000000.0,100.0,0.011862709056949663,1.977118176158277,0.5057866606350725,0.013571680263507907,0.511640292152756,0.15079644737239367,0.603031008034022,-0.5057866606350725,1.0
spectral_peak,D_weak_16mm_10,0.016,10.0,-body_y,2,6.000000000003325,37.699111843098414,0.11157544574093024,0.6293766940132862,52.59733103032925,-0.9564195238347549,-0.8186079052854145,-1.0067800437128442,12.67910190908483,12.729378294533081,12.628825523636579,65.73851714300854,197.2155514290256,3000000.0,500.0,0.005305164769728374,0.8841941282880623,1.130973355292639,0.06785840131753954,2.5582014607637795,0.15079644737239367,0.3227189832669478,-1.130973355292639,0.9984469274633927
spectral_peak,D_weak_16mm_10,0.016,10.0,-body_y,2,6.000000000003325,37.699111843098414,0.11157544574093024,0.6293766940132862,52.59733103032925,-0.9564195238347549,-0.8186079052854145,-1.0067800437128442,12.67910190908483,12.729378294533081,12.628825523636579,65.73851714300854,197.2155514290256,6000000.0,10.0,0.026525823848641873,4.420970641440312,0.2261946710585278,0.0027143360527015813,0.10232805843055119,0.15079644737239367,0.7975628241529255,-0.2261946710585278,1.0
spectral_peak,D_weak_16mm_10,0.016,10.0,-body_y,2,6.000000000003325,37.699111843098414,0.11157544574093024,0.6293766940132862,52.59733103032925,-0.9564195238347549,-0.8186079052854145,-1.0067800437128442,12.67910190908483,12.729378294533081,12.628825523636579,65.73851714300854,197.2155514290256,6000000.0,50.0,0.011862709056949663,1.977118176158277,0.5057866606350725,0.013571680263507907,0.511640292152756,0.15079644737239367,0.603031008034022,-0.5057866606350725,1.0
spectral_peak,D_weak_16mm_10,0.016,10.0,-body_y,2,6.000000000003325,37.699111843098414,0.11157544574093024,0.6293766940132862,52.59733103032925,-0.9564195238347549,-0.8186079052854145,-1.0067800437128442,12.67910190908483,12.729378294533081,12.628825523636579,65.73851714300854,197.2155514290256,6000000.0,100.0,0.008388202017412182,1.398033669568697,0.7152903551375175,0.027143360527015815,1.023280584305512,0.15079644737239367,0.4890500929723838,-0.7152903551375175,1.0
spectral_peak,D_weak_16mm_10,0.016,10.0,-body_y,2,6.000000000003325,37.699111843098414,0.11157544574093024,0.6293766940132862,52.59733103032925,-0.9564195238347549,-0.8186079052854145,-1.0067800437128442,12.67910190908483,12.729378294533081,12.628825523636579,65.73851714300854,197.2155514290256,6000000.0,500.0,0.0037513179839869025,0.625219663997817,1.599437857737455,0.13571680263507907,5.116402921527559,0.15079644737239367,0.20201004446610507,-1.599437857737455,0.9473582414758724
spectral_peak,D_weak_16mm_10,0.016,10.0,-body_y,2,6.000000000003325,37.699111843098414,0.11157544574093024,0.6293766940132862,52.59733103032925,-0.9564195238347549,-0.8186079052854145,-1.0067800437128442,12.67910190908483,12.729378294533081,12.628825523636579,65.73851714300854,197.2155514290256,10000000.0,10.0,0.0205468148020443,3.42446913367405,0.292016064670181,0.004523893421169303,0.17054676405091868,0.15079644737239367,0.7467565394794853,-0.292016064670181,1.0
spectral_peak,D_weak_16mm_10,0.016,10.0,-body_y,2,6.000000000003325,37.699111843098414,0.11157544574093024,0.6293766940132862,52.59733103032925,-0.9564195238347549,-0.8186079052854145,-1.0067800437128442,12.67910190908483,12.729378294533081,12.628825523636579,65.73851714300854,197.2155514290256,10000000.0,50.0,0.009188814923693988,1.531469153948998,0.6529677711244994,0.022619467105846513,0.8527338202545933,0.15079644737239367,0.520498761108735,-0.6529677711244994,1.0
spectral_peak,D_weak_16mm_10,0.016,10.0,-body_y,2,6.000000000003325,37.699111843098414,0.11157544574093024,0.6293766940132862,52.59733103032925,-0.9564195238347549,-0.8186079052854145,-1.0067800437128442,12.67910190908483,12.729378294533081,12.628825523636579,65.73851714300854,197.2155514290256,10000000.0,100.0,0.006497473343612167,1.082912223935361,0.9234358777167981,0.045238934211693026,1.7054676405091866,0.15079644737239367,0.3971521280093496,-0.9234358777167981,1.0
spectral_peak,D_weak_16mm_10,0.016,10.0,-body_y,2,6.000000000003325,37.699111843098414,0.11157544574093024,0.6293766940132862,52.59733103032925,-0.9564195238347549,-0.8186079052854145,-1.0067800437128442,12.67910190908483,12.729378294533081,12.628825523636579,65.73851714300854,197.2155514290256,10000000.0,500.0,0.0029057584156619307,0.48429306927698845,2.064865395436944,0.2261946710584651,8.527338202545932,0.15079644737239367,0.1268353620375076,-2.064865395436944,0.8628458654283107
spectral_peak,D_weak_16mm_10,0.016,10.0,-body_y,3,10.000000000005542,62.831853071830686,0.09010394186699738,0.7194806358802837,52.59733103032925,-0.9564195238347549,-0.8186079052854145,-1.0067800437128442,12.67910190908483,12.729378294533081,12.628825523636579,65.73851714300854,197.2155514290256,1000000.0,10.0,0.05032921210447309,8.388202017412182,0.11921505918958625,0.0004523893421169302,0.028424460675153102,0.25132741228732275,0.8876168900650956,-0.11921505918958625,1.0
spectral_peak,D_weak_16mm_10,0.016,10.0,-body_y,3,10.000000000005542,62.831853071830686,0.09010394186699738,0.7194806358802837,52.59733103032925,-0.9564195238347549,-0.8186079052854145,-1.0067800437128442,12.67910190908483,12.729378294533081,12.628825523636579,65.73851714300854,197.2155514290256,1000000.0,50.0,0.022507907903921414,3.7513179839869024,0.2665729762895759,0.0022619467105846514,0.14212230337576554,0.25132741228732275,0.7660001018412157,-0.2665729762895759,1.0
spectral_peak,D_weak_16mm_10,0.016,10.0,-body_y,3,10.000000000005542,62.831853071830686,0.09010394186699738,0.7194806358802837,52.59733103032925,-0.9564195238347549,-0.8186079052854145,-1.0067800437128442,12.67910190908483,12.729378294533081,12.628825523636579,65.73851714300854,197.2155514290256,1000000.0,100.0,0.015915494309185124,2.6525823848641874,0.3769911184308796,0.004523893421169303,0.28424460675153107,0.25132741228732275,0.6859221659340946,-0.3769911184308796,1.0
spectral_peak,D_weak_16mm_10,0.016,10.0,-body_y,3,10.000000000005542,62.831853071830686,0.09010394186699738,0.7194806358802837,52.59733103032925,-0.9564195238347549,-0.8186079052854145,-1.0067800437128442,12.67910190908483,12.729378294533081,12.628825523636579,65.73851714300854,197.2155514290256,1000000.0,500.0,0.007117625434169799,1.1862709056949665,0.8429777677251207,0.022619467105846513,1.4212230337576555,0.25132741228732275,0.430426901877731,-0.8429777677251207,1.0
spectral_peak,D_weak_16mm_10,0.016,10.0,-body_y,3,10.000000000005542,62.831853071830686,0.09010394186699738,0.7194806358802837,52.59733103032925,-0.9564195238347549,-0.8186079052854145,-1.0067800437128442,12.67910190908483,12.729378294533081,12.628825523636579,65.73851714300854,197.2155514290256,3000000.0,10.0,0.02905758415661931,4.842930692769885,0.20648653954369436,0.0013571680263507906,0.08527338202545931,0.25132741228732275,0.8134372106193014,-0.20648653954369436,1.0
spectral_peak,D_weak_16mm_10,0.016,10.0,-body_y,3,10.000000000005542,62.831853071830686,0.09010394186699738,0.7194806358802837,52.59733103032925,-0.9564195238347549,-0.8186079052854145,-1.0067800437128442,12.67910190908483,12.729378294533081,12.628825523636579,65.73851714300854,197.2155514290256,3000000.0,50.0,0.012994946687224333,2.165824447870722,0.46171793885839907,0.006785840131753954,0.4263669101272966,0.25132741228732275,0.6302000698265191,-0.46171793885839907,1.0
spectral_peak,D_weak_16mm_10,0.016,10.0,-body_y,3,10.000000000005542,62.831853071830686,0.09010394186699738,0.7194806358802837,52.59733103032925,-0.9564195238347549,-0.8186079052854145,-1.0067800437128442,12.67910190908483,12.729378294533081,12.628825523636579,65.73851714300854,197.2155514290256,3000000.0,100.0,0.009188814923693988,1.531469153948998,0.6529677711244994,0.013571680263507907,0.8527338202545932,0.25132741228732275,0.520498761108735,-0.6529677711244994,1.0
spectral_peak,D_weak_16mm_10,0.016,10.0,-body_y,3,10.000000000005542,62.831853071830686,0.09010394186699738,0.7194806358802837,52.59733103032925,-0.9564195238347549,-0.8186079052854145,-1.0067800437128442,12.67910190908483,12.729378294533081,12.628825523636579,65.73851714300854,197.2155514290256,3000000.0,500.0,0.00410936296040886,0.68489382673481,1.4600803233509048,0.06785840131753954,4.263669101272966,0.25132741228732275,0.23221762148312655,-1.4600803233509048,0.9687125092193274
spectral_peak,D_weak_16mm_10,0.016,10.0,-body_y,3,10.000000000005542,62.831853071830686,0.09010394186699738,0.7194806358802837,52.59733103032925,-0.9564195238347549,-0.8186079052854145,-1.0067800437128442,12.67910190908483,12.729378294533081,12.628825523636579,65.73851714300854,197.2155514290256,6000000.0,10.0,0.0205468148020443,3.42446913367405,0.292016064670181,0.0027143360527015813,0.17054676405091862,0.25132741228732275,0.7467565394794853,-0.292016064670181,1.0
spectral_peak,D_weak_16mm_10,0.016,10.0,-body_y,3,10.000000000005542,62.831853071830686,0.09010394186699738,0.7194806358802837,52.59733103032925,-0.9564195238347549,-0.8186079052854145,-1.0067800437128442,12.67910190908483,12.729378294533081,12.628825523636579,65.73851714300854,197.2155514290256,6000000.0,50.0,0.009188814923693988,1.531469153948998,0.6529677711244994,0.013571680263507907,0.8527338202545932,0.25132741228732275,0.520498761108735,-0.6529677711244994,1.0
spectral_peak,D_weak_16mm_10,0.016,10.0,-body_y,3,10.000000000005542,62.831853071830686,0.09010394186699738,0.7194806358802837,52.59733103032925,-0.9564195238347549,-0.8186079052854145,-1.0067800437128442,12.67910190908483,12.729378294533081,12.628825523636579,65.73851714300854,197.2155514290256,6000000.0,100.0,0.006497473343612167,1.082912223935361,0.9234358777167981,0.027143360527015815,1.7054676405091864,0.25132741228732275,0.3971521280093496,-0.9234358777167981,1.0
spectral_peak,D_weak_16mm_10,0.016,10.0,-body_y,3,10.000000000005542,62.831853071830686,0.09010394186699738,0.7194806358802837,52.59733103032925,-0.9564195238347549,-0.8186079052854145,-1.0067800437128442,12.67910190908483,12.729378294533081,12.628825523636579,65.73851714300854,197.2155514290256,6000000.0,500.0,0.0029057584156619307,0.48429306927698845,2.064865395436944,0.13571680263507907,8.527338202545932,0.25132741228732275,0.1268353620375076,-2.064865395436944,0.8628458654283107
spectral_peak,D_weak_16mm_10,0.016,10.0,-body_y,3,10.000000000005542,62.831853071830686,0.09010394186699738,0.7194806358802837,52.59733103032925,-0.9564195238347549,-0.8186079052854145,-1.0067800437128442,12.67910190908483,12.729378294533081,12.628825523636579,65.73851714300854,197.2155514290256,10000000.0,10.0,0.015915494309185124,2.6525823848641874,0.3769911184308796,0.004523893421169303,0.28424460675153107,0.25132741228732275,0.6859221659340946,-0.3769911184308796,1.0
spectral_peak,D_weak_16mm_10,0.016,10.0,-body_y,3,10.000000000005542,62.831853071830686,0.09010394186699738,0.7194806358802837,52.59733103032925,-0.9564195238347549,-0.8186079052854145,-1.0067800437128442,12.67910190908483,12.729378294533081,12.628825523636579,65.73851714300854,197.2155514290256,10000000.0,50.0,0.007117625434169799,1.1862709056949665,0.8429777677251207,0.022619467105846513,1.4212230337576555,0.25132741228732275,0.430426901877731,-0.8429777677251207,1.0
spectral_peak,D_weak_16mm_10,0.016,10.0,-body_y,3,10.000000000005542,62.831853071830686,0.09010394186699738,0.7194806358802837,52.59733103032925,-0.9564195238347549,-0.8186079052854145,-1.0067800437128442,12.67910190908483,12.729378294533081,12.628825523636579,65.73851714300854,197.2155514290256,10000000.0,100.0,0.005032921210447309,0.8388202017412182,1.1921505918958626,0.045238934211693026,2.842446067515311,0.25132741228732275,0.3035677112961916,-1.1921505918958626,0.995812721728049
spectral_peak,D_weak_16mm_10,0.016,10.0,-body_y,3,10.000000000005542,62.831853071830686,0.09010394186699738,0.7194806358802837,52.59733103032925,-0.9564195238347549,-0.8186079052854145,-1.0067800437128442,12.67910190908483,12.729378294533081,12.628825523636579,65.73851714300854,197.2155514290256,10000000.0,500.0,0.002250790790392142,0.3751317983986903,2.665729762895758,0.2261946710584651,14.212230337576553,0.25132741228732275,0.0695485810356874,-2.665729762895758,0.7560137936804712
spectral_peak,D_weak_16mm_10,0.016,10.0,+body_z,1,8.500000000004711,53.40707511105608,0.45849300460765297,0.45849300460765297,52.56318374919428,-0.9564195238347549,-0.8186079052854145,-1.0067800437128442,12.67910190908483,12.729378294533081,12.628825523636579,65.73851714300854,197.2155514290256,1000000.0,10.0,0.054589695117378,9.098282519563,0.10991085381771934,0.0004523893421169302,0.02416079157388014,0.21362830044422432,0.8959139990493681,-0.10991085381771934,1.0
spectral_peak,D_weak_16mm_10,0.016,10.0,+body_z,1,8.500000000004711,53.40707511105608,0.45849300460765297,0.45849300460765297,52.56318374919428,-0.9564195238347549,-0.8186079052854145,-1.0067800437128442,12.67910190908483,12.729378294533081,12.628825523636579,65.73851714300854,197.2155514290256,1000000.0,50.0,0.024413253830689114,4.068875638448185,0.2457681406014627,0.0022619467105846514,0.12080395786940071,0.21362830044422432,0.7821035419614686,-0.2457681406014627,1.0
spectral_peak,D_weak_16mm_10,0.016,10.0,+body_z,1,8.500000000004711,53.40707511105608,0.45849300460765297,0.45849300460765297,52.56318374919428,-0.9564195238347549,-0.8186079052854145,-1.0067800437128442,12.67910190908483,12.729378294533081,12.628825523636579,65.73851714300854,197.2155514290256,1000000.0,100.0,0.01726277733450873,2.8771295557514547,0.34756863763780627,0.004523893421169303,0.24160791573880142,0.21362830044422432,0.7064035263961577,-0.34756863763780627,1.0
spectral_peak,D_weak_16mm_10,0.016,10.0,+body_z,1,8.500000000004711,53.40707511105608,0.45849300460765297,0.45849300460765297,52.56318374919428,-0.9564195238347549,-0.8186079052854145,-1.0067800437128442,12.67910190908483,12.729378294533081,12.628825523636579,65.73851714300854,197.2155514290256,1000000.0,500.0,0.007720148720080829,1.2866914533468048,0.7771871006051269,0.022619467105846513,1.208039578694007,0.21362830044422432,0.45969727654521886,-0.7771871006051269,1.0
spectral_peak,D_weak_16mm_10,0.016,10.0,+body_z,1,8.500000000004711,53.40707511105608,0.45849300460765297,0.45849300460765297,52.56318374919428,-0.9564195238347549,-0.8186079052854145,-1.0067800437128442,12.67910190908483,12.729378294533081,12.628825523636579,65.73851714300854,197.2155514290256,3000000.0,10.0,0.03151737517099779,5.2528958618329655,0.19037118311556556,0.0013571680263507906,0.07248237472164042,0.21362830044422432,0.8266522376364671,-0.19037118311556556,1.0
spectral_peak,D_weak_16mm_10,0.016,10.0,+body_z,1,8.500000000004711,53.40707511105608,0.45849300460765297,0.45849300460765297,52.56318374919428,-0.9564195238347549,-0.8186079052854145,-1.0067800437128442,12.67910190908483,12.729378294533081,12.628825523636579,65.73851714300854,197.2155514290256,3000000.0,50.0,0.01409499867094302,2.34916644515717,0.4256829064034649,0.006785840131753954,0.3624118736082021,0.21362830044422432,0.6533234739689103,-0.4256829064034649,1.0
spectral_peak,D_weak_16mm_10,0.016,10.0,+body_z,1,8.500000000004711,53.40707511105608,0.45849300460765297,0.45849300460765297,52.56318374919428,-0.9564195238347549,-0.8186079052854145,-1.0067800437128442,12.67910190908483,12.729378294533081,12.628825523636579,65.73851714300854,197.2155514290256,3000000.0,100.0,0.009966669141039185,1.6611115235065308,0.6020065395061769,0.013571680263507907,0.7248237472164042,0.21362830044422432,0.5477115279390958,-0.6020065395061769,1.0
spectral_peak,D_weak_16mm_10,0.016,10.0,+body_z,1,8.500000000004711,53.40707511105608,0.45849300460765297,0.45849300460765297,52.56318374919428,-0.9564195238347549,-0.8186079052854145,-1.0067800437128442,12.67910190908483,12.729378294533081,12.628825523636579,65.73851714300854,197.2155514290256,3000000.0,500.0,0.004457229941722611,0.7428716569537686,1.3461275452352242,0.06785840131753954,3.624118736082021,0.21362830044422432,0.26024610311121554,-1.3461275452352242,0.9829999635084405
spectral_peak,D_weak_16mm_10,0.016,10.0,+body_z,1,8.500000000004711,53.40707511105608,0.45849300460765297,0.45849300460765297,52.56318374919428,-0.9564195238347549,-0.8186079052854145,-1.0067800437128442,12.67910190908483,12.729378294533081,12.628825523636579,65.73851714300854,197.2155514290256,6000000.0,10.0,0.02228614970861306,3.714358284768843,0.2692255090470448,0.0027143360527015813,0.14496474944328083,0.21362830044422432,0.7639709538593483,-0.2692255090470448,1.0
spectral_peak,D_weak_16mm_10,0.016,10.0,+body_z,1,8.500000000004711,53.40707511105608,0.45849300460765297,0.45849300460765297,52.56318374919428,-0.9564195238347549,-0.8186079052854145,-1.0067800437128442,12.67910190908483,12.729378294533081,12.628825523636579,65.73851714300854,197.2155514290256,6000000.0,50.0,0.009966669141039185,1.6611115235065308,0.6020065395061769,0.013571680263507907,0.7248237472164042,0.21362830044422432,0.5477115279390958,-0.6020065395061769,1.0
spectral_peak,D_weak_16mm_10,0.016,10.0,+body_z,1,8.500000000004711,53.40707511105608,0.45849300460765297,0.45849300460765297,52.56318374919428,-0.9564195238347549,-0.8186079052854145,-1.0067800437128442,12.67910190908483,12.729378294533081,12.628825523636579,65.73851714300854,197.2155514290256,6000000.0,100.0,0.00704749933547151,1.174583222578585,0.8513658128069298,0.027143360527015815,1.4496474944328084,0.21362830044422432,0.42683156163880537,-0.8513658128069298,1.0
spectral_peak,D_weak_16mm_10,0.016,10.0,+body_z,1,8.500000000004711,53.40707511105608,0.45849300460765297,0.45849300460765297,52.56318374919428,-0.9564195238347549,-0.8186079052854145,-1.0067800437128442,12.67910190908483,12.729378294533081,12.628825523636579,65.73851714300854,197.2155514290256,6000000.0,500.0,0.0031517375170997787,0.5252895861832965,1.903711831155656,0.13571680263507907,7.248237472164042,0.21362830044422432,0.14901447484331765,-1.903711831155656,0.893024019171379
spectral_peak,D_weak_16mm_10,0.016,10.0,+body_z,1,8.500000000004711,53.40707511105608,0.45849300460765297,0.45849300460765297,52.56318374919428,-0.9564195238347549,-0.8186079052854145,-1.0067800437128442,12.67910190908483,12.729378294533081,12.628825523636579,65.73851714300854,197.2155514290256,10000000.0,10.0,0.01726277733450873,2.8771295557514547,0.34756863763780627,0.004523893421169303,0.24160791573880142,0.21362830044422432,0.7064035263961577,-0.34756863763780627,1.0
spectral_peak,D_weak_16mm_10,0.016,10.0,+body_z,1,8.500000000004711,53.40707511105608,0.45849300460765297,0.45849300460765297,52.56318374919428,-0.9564195238347549,-0.8186079052854145,-1.0067800437128442,12.67910190908483,12.729378294533081,12.628825523636579,65.73851714300854,197.2155514290256,10000000.0,50.0,0.007720148720080829,1.2866914533468048,0.7771871006051269,0.022619467105846513,1.208039578694007,0.21362830044422432,0.45969727654521886,-0.7771871006051269,1.0
spectral_peak,D_weak_16mm_10,0.016,10.0,+body_z,1,8.500000000004711,53.40707511105608,0.45849300460765297,0.45849300460765297,52.56318374919428,-0.9564195238347549,-0.8186079052854145,-1.0067800437128442,12.67910190908483,12.729378294533081,12.628825523636579,65.73851714300854,197.2155514290256,10000000.0,100.0,0.0054589695117378,0.9098282519562999,1.0991085381771935,0.045238934211693026,2.416079157388014,0.21362830044422432,0.33316795786744613,-1.0991085381771935,0.9992668185531766
spectral_peak,D_weak_16mm_10,0.016,10.0,+body_z,1,8.500000000004711,53.40707511105608,0.45849300460765297,0.45849300460765297,52.56318374919428,-0.9564195238347549,-0.8186079052854145,-1.0067800437128442,12.67910190908483,12.729378294533081,12.628825523636579,65.73851714300854,197.2155514290256,10000000.0,500.0,0.0024413253830689115,0.40688756384481856,2.457681406014627,0.2261946710584651,12.08039578694007,0.21362830044422432,0.08563326975230094,-2.457681406014627,0.791353506324058
spectral_peak,D_weak_16mm_10,0.016,10.0,+body_z,2,6.000000000003325,37.699111843098414,0.13567099310395503,0.594163997711608,52.56318374919428,-0.9564195238347549,-0.8186079052854145,-1.0067800437128442,12.67910190908483,12.729378294533081,12.628825523636579,65.73851714300854,197.2155514290256,1000000.0,10.0,0.06497473343612167,10.829122239353612,0.09234358777167981,0.0004523893421169302,0.017054676405091864,0.15079644737239367,0.9117918152012275,-0.09234358777167981,1.0
spectral_peak,D_weak_16mm_10,0.016,10.0,+body_z,2,6.000000000003325,37.699111843098414,0.13567099310395503,0.594163997711608,52.56318374919428,-0.9564195238347549,-0.8186079052854145,-1.0067800437128442,12.67910190908483,12.729378294533081,12.628825523636579,65.73851714300854,197.2155514290256,1000000.0,50.0,0.02905758415661931,4.842930692769885,0.20648653954369436,0.0022619467105846514,0.08527338202545934,0.15079644737239367,0.8134372106193014,-0.20648653954369436,1.0
spectral_peak,D_weak_16mm_10,0.016,10.0,+body_z,2,6.000000000003325,37.699111843098414,0.13567099310395503,0.594163997711608,52.56318374919428,-0.9564195238347549,-0.8186079052854145,-1.0067800437128442,12.67910190908483,12.729378294533081,12.628825523636579,65.73851714300854,197.2155514290256,1000000.0,100.0,0.0205468148020443,3.42446913367405,0.292016064670181,0.004523893421169303,0.17054676405091868,0.15079644737239367,0.7467565394794853,-0.292016064670181,1.0
spectral_peak,D_weak_16mm_10,0.016,10.0,+body_z,2,6.000000000003325,37.699111843098414,0.13567099310395503,0.594163997711608,52.56318374919428,-0.9564195238347549,-0.8186079052854145,-1.0067800437128442,12.67910190908483,12.729378294533081,12.628825523636579,65.73851714300854,197.2155514290256,1000000.0,500.0,0.009188814923693988,1.531469153948998,0.6529677711244994,0.022619467105846513,0.8527338202545933,0.15079644737239367,0.520498761108735,-0.6529677711244994,1.0
spectral_peak,D_weak_16mm_10,0.016,10.0,+body_z,2,6.000000000003325,37.699111843098414,0.13567099310395503,0.594163997711608,52.56318374919428,-0.9564195238347549,-0.8186079052854145,-1.0067800437128442,12.67910190908483,12.729378294533081,12.628825523636579,65.73851714300854,197.2155514290256,3000000.0,10.0,0.03751317983986902,6.2521966399781705,0.15994378577374552,0.0013571680263507906,0.051164029215275596,0.15079644737239367,0.8521916929163947,-0.15994378577374552,1.0
spectral_peak,D_weak_16mm_10,0.016,10.0,+body_z,2,6.000000000003325,37.699111843098414,0.13567099310395503,0.594163997711608,52.56318374919428,-0.9564195238347549,-0.8186079052854145,-1.0067800437128442,12.67910190908483,12.729378294533081,12.628825523636579,65.73851714300854,197.2155514290256,3000000.0,50.0,0.016776404034824364,2.796067339137394,0.35764517756875874,0.006785840131753954,0.255820146076378,0.15079644737239367,0.6993211658261058,-0.35764517756875874,1.0
spectral_peak,D_weak_16mm_10,0.016,10.0,+body_z,2,6.000000000003325,37.699111843098414,0.13567099310395503,0.594163997711608,52.56318374919428,-0.9564195238347549,-0.8186079052854145,-1.0067800437128442,12.67910190908483,12.729378294533081,12.628825523636579,65.73851714300854,197.2155514290256,3000000.0,100.0,0.011862709056949663,1.977118176158277,0.5057866606350725,0.013571680263507907,0.511640292152756,0.15079644737239367,0.603031008034022,-0.5057866606350725,1.0
spectral_peak,D_weak_16mm_10,0.016,10.0,+body_z,2,6.000000000003325,37.699111843098414,0.13567099310395503,0.594163997711608,52.56318374919428,-0.9564195238347549,-0.8186079052854145,-1.0067800437128442,12.67910190908483,12.729378294533081,12.628825523636579,65.73851714300854,197.2155514290256,3000000.0,500.0,0.005305164769728374,0.8841941282880623,1.130973355292639,0.06785840131753954,2.5582014607637795,0.15079644737239367,0.3227189832669478,-1.130973355292639,0.9984469274633927
spectral_peak,D_weak_16mm_10,0.016,10.0,+body_z,2,6.000000000003325,37.699111843098414,0.13567099310395503,0.594163997711608,52.56318374919428,-0.9564195238347549,-0.8186079052854145,-1.0067800437128442,12.67910190908483,12.729378294533081,12.628825523636579,65.73851714300854,197.2155514290256,6000000.0,10.0,0.026525823848641873,4.420970641440312,0.2261946710585278,0.0027143360527015813,0.10232805843055119,0.15079644737239367,0.7975628241529255,-0.2261946710585278,1.0
spectral_peak,D_weak_16mm_10,0.016,10.0,+body_z,2,6.000000000003325,37.699111843098414,0.13567099310395503,0.594163997711608,52.56318374919428,-0.9564195238347549,-0.8186079052854145,-1.0067800437128442,12.67910190908483,12.729378294533081,12.628825523636579,65.73851714300854,197.2155514290256,6000000.0,50.0,0.011862709056949663,1.977118176158277,0.5057866606350725,0.013571680263507907,0.511640292152756,0.15079644737239367,0.603031008034022,-0.5057866606350725,1.0
spectral_peak,D_weak_16mm_10,0.016,10.0,+body_z,2,6.000000000003325,37.699111843098414,0.13567099310395503,0.594163997711608,52.56318374919428,-0.9564195238347549,-0.8186079052854145,-1.0067800437128442,12.67910190908483,12.729378294533081,12.628825523636579,65.73851714300854,197.2155514290256,6000000.0,100.0,0.008388202017412182,1.398033669568697,0.7152903551375175,0.027143360527015815,1.023280584305512,0.15079644737239367,0.4890500929723838,-0.7152903551375175,1.0
spectral_peak,D_weak_16mm_10,0.016,10.0,+body_z,2,6.000000000003325,37.699111843098414,0.13567099310395503,0.594163997711608,52.56318374919428,-0.9564195238347549,-0.8186079052854145,-1.0067800437128442,12.67910190908483,12.729378294533081,12.628825523636579,65.73851714300854,197.2155514290256,6000000.0,500.0,0.0037513179839869025,0.625219663997817,1.599437857737455,0.13571680263507907,5.116402921527559,0.15079644737239367,0.20201004446610507,-1.599437857737455,0.9473582414758724
spectral_peak,D_weak_16mm_10,0.016,10.0,+body_z,2,6.000000000003325,37.699111843098414,0.13567099310395503,0.594163997711608,52.56318374919428,-0.9564195238347549,-0.8186079052854145,-1.0067800437128442,12.67910190908483,12.729378294533081,12.628825523636579,65.73851714300854,197.2155514290256,10000000.0,10.0,0.0205468148020443,3.42446913367405,0.292016064670181,0.004523893421169303,0.17054676405091868,0.15079644737239367,0.7467565394794853,-0.292016064670181,1.0
spectral_peak,D_weak_16mm_10,0.016,10.0,+body_z,2,6.000000000003325,37.699111843098414,0.13567099310395503,0.594163997711608,52.56318374919428,-0.9564195238347549,-0.8186079052854145,-1.0067800437128442,12.67910190908483,12.729378294533081,12.628825523636579,65.73851714300854,197.2155514290256,10000000.0,50.0,0.009188814923693988,1.531469153948998,0.6529677711244994,0.022619467105846513,0.8527338202545933,0.15079644737239367,0.520498761108735,-0.6529677711244994,1.0
spectral_peak,D_weak_16mm_10,0.016,10.0,+body_z,2,6.000000000003325,37.699111843098414,0.13567099310395503,0.594163997711608,52.56318374919428,-0.9564195238347549,-0.8186079052854145,-1.0067800437128442,12.67910190908483,12.729378294533081,12.628825523636579,65.73851714300854,197.2155514290256,10000000.0,100.0,0.006497473343612167,1.082912223935361,0.9234358777167981,0.045238934211693026,1.7054676405091866,0.15079644737239367,0.3971521280093496,-0.9234358777167981,1.0
spectral_peak,D_weak_16mm_10,0.016,10.0,+body_z,2,6.000000000003325,37.699111843098414,0.13567099310395503,0.594163997711608,52.56318374919428,-0.9564195238347549,-0.8186079052854145,-1.0067800437128442,12.67910190908483,12.729378294533081,12.628825523636579,65.73851714300854,197.2155514290256,10000000.0,500.0,0.0029057584156619307,0.48429306927698845,2.064865395436944,0.2261946710584651,8.527338202545932,0.15079644737239367,0.1268353620375076,-2.064865395436944,0.8628458654283107
spectral_peak,D_weak_16mm_10,0.016,10.0,+body_z,3,10.000000000005542,62.831853071830686,0.07686379484879716,0.6710277925604051,52.56318374919428,-0.9564195238347549,-0.8186079052854145,-1.0067800437128442,12.67910190908483,12.729378294533081,12.628825523636579,65.73851714300854,197.2155514290256,1000000.0,10.0,0.05032921210447309,8.388202017412182,0.11921505918958625,0.0004523893421169302,0.028424460675153102,0.25132741228732275,0.8876168900650956,-0.11921505918958625,1.0
spectral_peak,D_weak_16mm_10,0.016,10.0,+body_z,3,10.000000000005542,62.831853071830686,0.07686379484879716,0.6710277925604051,52.56318374919428,-0.9564195238347549,-0.8186079052854145,-1.0067800437128442,12.67910190908483,12.729378294533081,12.628825523636579,65.73851714300854,197.2155514290256,1000000.0,50.0,0.022507907903921414,3.7513179839869024,0.2665729762895759,0.0022619467105846514,0.14212230337576554,0.25132741228732275,0.7660001018412157,-0.2665729762895759,1.0
spectral_peak,D_weak_16mm_10,0.016,10.0,+body_z,3,10.000000000005542,62.831853071830686,0.07686379484879716,0.6710277925604051,52.56318374919428,-0.9564195238347549,-0.8186079052854145,-1.0067800437128442,12.67910190908483,12.729378294533081,12.628825523636579,65.73851714300854,197.2155514290256,1000000.0,100.0,0.015915494309185124,2.6525823848641874,0.3769911184308796,0.004523893421169303,0.28424460675153107,0.25132741228732275,0.6859221659340946,-0.3769911184308796,1.0
spectral_peak,D_weak_16mm_10,0.016,10.0,+body_z,3,10.000000000005542,62.831853071830686,0.07686379484879716,0.6710277925604051,52.56318374919428,-0.9564195238347549,-0.8186079052854145,-1.0067800437128442,12.67910190908483,12.729378294533081,12.628825523636579,65.73851714300854,197.2155514290256,1000000.0,500.0,0.007117625434169799,1.1862709056949665,0.8429777677251207,0.022619467105846513,1.4212230337576555,0.25132741228732275,0.430426901877731,-0.8429777677251207,1.0
spectral_peak,D_weak_16mm_10,0.016,10.0,+body_z,3,10.000000000005542,62.831853071830686,0.07686379484879716,0.6710277925604051,52.56318374919428,-0.9564195238347549,-0.8186079052854145,-1.0067800437128442,12.67910190908483,12.729378294533081,12.628825523636579,65.73851714300854,197.2155514290256,3000000.0,10.0,0.02905758415661931,4.842930692769885,0.20648653954369436,0.0013571680263507906,0.08527338202545931,0.25132741228732275,0.8134372106193014,-0.20648653954369436,1.0
spectral_peak,D_weak_16mm_10,0.016,10.0,+body_z,3,10.000000000005542,62.831853071830686,0.07686379484879716,0.6710277925604051,52.56318374919428,-0.9564195238347549,-0.8186079052854145,-1.0067800437128442,12.67910190908483,12.729378294533081,12.628825523636579,65.73851714300854,197.2155514290256,3000000.0,50.0,0.012994946687224333,2.165824447870722,0.46171793885839907,0.006785840131753954,0.4263669101272966,0.25132741228732275,0.6302000698265191,-0.46171793885839907,1.0
spectral_peak,D_weak_16mm_10,0.016,10.0,+body_z,3,10.000000000005542,62.831853071830686,0.07686379484879716,0.6710277925604051,52.56318374919428,-0.9564195238347549,-0.8186079052854145,-1.0067800437128442,12.67910190908483,12.729378294533081,12.628825523636579,65.73851714300854,197.2155514290256,3000000.0,100.0,0.009188814923693988,1.531469153948998,0.6529677711244994,0.013571680263507907,0.8527338202545932,0.25132741228732275,0.520498761108735,-0.6529677711244994,1.0
spectral_peak,D_weak_16mm_10,0.016,10.0,+body_z,3,10.000000000005542,62.831853071830686,0.07686379484879716,0.6710277925604051,52.56318374919428,-0.9564195238347549,-0.8186079052854145,-1.0067800437128442,12.67910190908483,12.729378294533081,12.628825523636579,65.73851714300854,197.2155514290256,3000000.0,500.0,0.00410936296040886,0.68489382673481,1.4600803233509048,0.06785840131753954,4.263669101272966,0.25132741228732275,0.23221762148312655,-1.4600803233509048,0.9687125092193274
spectral_peak,D_weak_16mm_10,0.016,10.0,+body_z,3,10.000000000005542,62.831853071830686,0.07686379484879716,0.6710277925604051,52.56318374919428,-0.9564195238347549,-0.8186079052854145,-1.0067800437128442,12.67910190908483,12.729378294533081,12.628825523636579,65.73851714300854,197.2155514290256,6000000.0,10.0,0.0205468148020443,3.42446913367405,0.292016064670181,0.0027143360527015813,0.17054676405091862,0.25132741228732275,0.7467565394794853,-0.292016064670181,1.0
spectral_peak,D_weak_16mm_10,0.016,10.0,+body_z,3,10.000000000005542,62.831853071830686,0.07686379484879716,0.6710277925604051,52.56318374919428,-0.9564195238347549,-0.8186079052854145,-1.0067800437128442,12.67910190908483,12.729378294533081,12.628825523636579,65.73851714300854,197.2155514290256,6000000.0,50.0,0.009188814923693988,1.531469153948998,0.6529677711244994,0.013571680263507907,0.8527338202545932,0.25132741228732275,0.520498761108735,-0.6529677711244994,1.0
spectral_peak,D_weak_16mm_10,0.016,10.0,+body_z,3,10.000000000005542,62.831853071830686,0.07686379484879716,0.6710277925604051,52.56318374919428,-0.9564195238347549,-0.8186079052854145,-1.0067800437128442,12.67910190908483,12.729378294533081,12.628825523636579,65.73851714300854,197.2155514290256,6000000.0,100.0,0.006497473343612167,1.082912223935361,0.9234358777167981,0.027143360527015815,1.7054676405091864,0.25132741228732275,0.3971521280093496,-0.9234358777167981,1.0
spectral_peak,D_weak_16mm_10,0.016,10.0,+body_z,3,10.000000000005542,62.831853071830686,0.07686379484879716,0.6710277925604051,52.56318374919428,-0.9564195238347549,-0.8186079052854145,-1.0067800437128442,12.67910190908483,12.729378294533081,12.628825523636579,65.73851714300854,197.2155514290256,6000000.0,500.0,0.0029057584156619307,0.48429306927698845,2.064865395436944,0.13571680263507907,8.527338202545932,0.25132741228732275,0.1268353620375076,-2.064865395436944,0.8628458654283107
spectral_peak,D_weak_16mm_10,0.016,10.0,+body_z,3,10.000000000005542,62.831853071830686,0.07686379484879716,0.6710277925604051,52.56318374919428,-0.9564195238347549,-0.8186079052854145,-1.0067800437128442,12.67910190908483,12.729378294533081,12.628825523636579,65.73851714300854,197.2155514290256,10000000.0,10.0,0.015915494309185124,2.6525823848641874,0.3769911184308796,0.004523893421169303,0.28424460675153107,0.25132741228732275,0.6859221659340946,-0.3769911184308796,1.0
spectral_peak,D_weak_16mm_10,0.016,10.0,+body_z,3,10.000000000005542,62.831853071830686,0.07686379484879716,0.6710277925604051,52.56318374919428,-0.9564195238347549,-0.8186079052854145,-1.0067800437128442,12.67910190908483,12.729378294533081,12.628825523636579,65.73851714300854,197.2155514290256,10000000.0,50.0,0.007117625434169799,1.1862709056949665,0.8429777677251207,0.022619467105846513,1.4212230337576555,0.25132741228732275,0.430426901877731,-0.8429777677251207,1.0
spectral_peak,D_weak_16mm_10,0.016,10.0,+body_z,3,10.000000000005542,62.831853071830686,0.07686379484879716,0.6710277925604051,52.56318374919428,-0.9564195238347549,-0.8186079052854145,-1.0067800437128442,12.67910190908483,12.729378294533081,12.628825523636579,65.73851714300854,197.2155514290256,10000000.0,100.0,0.005032921210447309,0.8388202017412182,1.1921505918958626,0.045238934211693026,2.842446067515311,0.25132741228732275,0.3035677112961916,-1.1921505918958626,0.995812721728049
spectral_peak,D_weak_16mm_10,0.016,10.0,+body_z,3,10.000000000005542,62.831853071830686,0.07686379484879716,0.6710277925604051,52.56318374919428,-0.9564195238347549,-0.8186079052854145,-1.0067800437128442,12.67910190908483,12.729378294533081,12.628825523636579,65.73851714300854,197.2155514290256,10000000.0,500.0,0.002250790790392142,0.3751317983986903,2.665729762895758,0.2261946710584651,14.212230337576553,0.25132741228732275,0.0695485810356874,-2.665729762895758,0.7560137936804712
spectral_peak,D_weak_16mm_10,0.016,10.0,-body_z,1,8.500000000004711,53.40707511105608,0.48324690320626457,0.48324690320626457,52.88804747024879,-0.9564195238347549,-0.8186079052854145,-1.0067800437128442,12.67910190908483,12.729378294533081,12.628825523636579,65.73851714300854,197.2155514290256,1000000.0,10.0,0.054589695117378,9.098282519563,0.10991085381771934,0.0004523893421169302,0.02416079157388014,0.21362830044422432,0.8959139990493681,-0.10991085381771934,1.0
spectral_peak,D_weak_16mm_10,0.016,10.0,-body_z,1,8.500000000004711,53.40707511105608,0.48324690320626457,0.48324690320626457,52.88804747024879,-0.9564195238347549,-0.8186079052854145,-1.0067800437128442,12.67910190908483,12.729378294533081,12.628825523636579,65.73851714300854,197.2155514290256,1000000.0,50.0,0.024413253830689114,4.068875638448185,0.2457681406014627,0.0022619467105846514,0.12080395786940071,0.21362830044422432,0.7821035419614686,-0.2457681406014627,1.0
spectral_peak,D_weak_16mm_10,0.016,10.0,-body_z,1,8.500000000004711,53.40707511105608,0.48324690320626457,0.48324690320626457,52.88804747024879,-0.9564195238347549,-0.8186079052854145,-1.0067800437128442,12.67910190908483,12.729378294533081,12.628825523636579,65.73851714300854,197.2155514290256,1000000.0,100.0,0.01726277733450873,2.8771295557514547,0.34756863763780627,0.004523893421169303,0.24160791573880142,0.21362830044422432,0.7064035263961577,-0.34756863763780627,1.0
spectral_peak,D_weak_16mm_10,0.016,10.0,-body_z,1,8.500000000004711,53.40707511105608,0.48324690320626457,0.48324690320626457,52.88804747024879,-0.9564195238347549,-0.8186079052854145,-1.0067800437128442,12.67910190908483,12.729378294533081,12.628825523636579,65.73851714300854,197.2155514290256,1000000.0,500.0,0.007720148720080829,1.2866914533468048,0.7771871006051269,0.022619467105846513,1.208039578694007,0.21362830044422432,0.45969727654521886,-0.7771871006051269,1.0
spectral_peak,D_weak_16mm_10,0.016,10.0,-body_z,1,8.500000000004711,53.40707511105608,0.48324690320626457,0.48324690320626457,52.88804747024879,-0.9564195238347549,-0.8186079052854145,-1.0067800437128442,12.67910190908483,12.729378294533081,12.628825523636579,65.73851714300854,197.2155514290256,3000000.0,10.0,0.03151737517099779,5.2528958618329655,0.19037118311556556,0.0013571680263507906,0.07248237472164042,0.21362830044422432,0.8266522376364671,-0.19037118311556556,1.0
spectral_peak,D_weak_16mm_10,0.016,10.0,-body_z,1,8.500000000004711,53.40707511105608,0.48324690320626457,0.48324690320626457,52.88804747024879,-0.9564195238347549,-0.8186079052854145,-1.0067800437128442,12.67910190908483,12.729378294533081,12.628825523636579,65.73851714300854,197.2155514290256,3000000.0,50.0,0.01409499867094302,2.34916644515717,0.4256829064034649,0.006785840131753954,0.3624118736082021,0.21362830044422432,0.6533234739689103,-0.4256829064034649,1.0
spectral_peak,D_weak_16mm_10,0.016,10.0,-body_z,1,8.500000000004711,53.40707511105608,0.48324690320626457,0.48324690320626457,52.88804747024879,-0.9564195238347549,-0.8186079052854145,-1.0067800437128442,12.67910190908483,12.729378294533081,12.628825523636579,65.73851714300854,197.2155514290256,3000000.0,100.0,0.009966669141039185,1.6611115235065308,0.6020065395061769,0.013571680263507907,0.7248237472164042,0.21362830044422432,0.5477115279390958,-0.6020065395061769,1.0
spectral_peak,D_weak_16mm_10,0.016,10.0,-body_z,1,8.500000000004711,53.40707511105608,0.48324690320626457,0.48324690320626457,52.88804747024879,-0.9564195238347549,-0.8186079052854145,-1.0067800437128442,12.67910190908483,12.729378294533081,12.628825523636579,65.73851714300854,197.2155514290256,3000000.0,500.0,0.004457229941722611,0.7428716569537686,1.3461275452352242,0.06785840131753954,3.624118736082021,0.21362830044422432,0.26024610311121554,-1.3461275452352242,0.9829999635084405
spectral_peak,D_weak_16mm_10,0.016,10.0,-body_z,1,8.500000000004711,53.40707511105608,0.48324690320626457,0.48324690320626457,52.88804747024879,-0.9564195238347549,-0.8186079052854145,-1.0067800437128442,12.67910190908483,12.729378294533081,12.628825523636579,65.73851714300854,197.2155514290256,6000000.0,10.0,0.02228614970861306,3.714358284768843,0.2692255090470448,0.0027143360527015813,0.14496474944328083,0.21362830044422432,0.7639709538593483,-0.2692255090470448,1.0
spectral_peak,D_weak_16mm_10,0.016,10.0,-body_z,1,8.500000000004711,53.40707511105608,0.48324690320626457,0.48324690320626457,52.88804747024879,-0.9564195238347549,-0.8186079052854145,-1.0067800437128442,12.67910190908483,12.729378294533081,12.628825523636579,65.73851714300854,197.2155514290256,6000000.0,50.0,0.009966669141039185,1.6611115235065308,0.6020065395061769,0.013571680263507907,0.7248237472164042,0.21362830044422432,0.5477115279390958,-0.6020065395061769,1.0
spectral_peak,D_weak_16mm_10,0.016,10.0,-body_z,1,8.500000000004711,53.40707511105608,0.48324690320626457,0.48324690320626457,52.88804747024879,-0.9564195238347549,-0.8186079052854145,-1.0067800437128442,12.67910190908483,12.729378294533081,12.628825523636579,65.73851714300854,197.2155514290256,6000000.0,100.0,0.00704749933547151,1.174583222578585,0.8513658128069298,0.027143360527015815,1.4496474944328084,0.21362830044422432,0.42683156163880537,-0.8513658128069298,1.0
spectral_peak,D_weak_16mm_10,0.016,10.0,-body_z,1,8.500000000004711,53.40707511105608,0.48324690320626457,0.48324690320626457,52.88804747024879,-0.9564195238347549,-0.8186079052854145,-1.0067800437128442,12.67910190908483,12.729378294533081,12.628825523636579,65.73851714300854,197.2155514290256,6000000.0,500.0,0.0031517375170997787,0.5252895861832965,1.903711831155656,0.13571680263507907,7.248237472164042,0.21362830044422432,0.14901447484331765,-1.903711831155656,0.893024019171379
spectral_peak,D_weak_16mm_10,0.016,10.0,-body_z,1,8.500000000004711,53.40707511105608,0.48324690320626457,0.48324690320626457,52.88804747024879,-0.9564195238347549,-0.8186079052854145,-1.0067800437128442,12.67910190908483,12.729378294533081,12.628825523636579,65.73851714300854,197.2155514290256,10000000.0,10.0,0.01726277733450873,2.8771295557514547,0.34756863763780627,0.004523893421169303,0.24160791573880142,0.21362830044422432,0.7064035263961577,-0.34756863763780627,1.0
spectral_peak,D_weak_16mm_10,0.016,10.0,-body_z,1,8.500000000004711,53.40707511105608,0.48324690320626457,0.48324690320626457,52.88804747024879,-0.9564195238347549,-0.8186079052854145,-1.0067800437128442,12.67910190908483,12.729378294533081,12.628825523636579,65.73851714300854,197.2155514290256,10000000.0,50.0,0.007720148720080829,1.2866914533468048,0.7771871006051269,0.022619467105846513,1.208039578694007,0.21362830044422432,0.45969727654521886,-0.7771871006051269,1.0
spectral_peak,D_weak_16mm_10,0.016,10.0,-body_z,1,8.500000000004711,53.40707511105608,0.48324690320626457,0.48324690320626457,52.88804747024879,-0.9564195238347549,-0.8186079052854145,-1.0067800437128442,12.67910190908483,12.729378294533081,12.628825523636579,65.73851714300854,197.2155514290256,10000000.0,100.0,0.0054589695117378,0.9098282519562999,1.0991085381771935,0.045238934211693026,2.416079157388014,0.21362830044422432,0.33316795786744613,-1.0991085381771935,0.9992668185531766
spectral_peak,D_weak_16mm_10,0.016,10.0,-body_z,1,8.500000000004711,53.40707511105608,0.48324690320626457,0.48324690320626457,52.88804747024879,-0.9564195238347549,-0.8186079052854145,-1.0067800437128442,12.67910190908483,12.729378294533081,12.628825523636579,65.73851714300854,197.2155514290256,10000000.0,500.0,0.0024413253830689115,0.40688756384481856,2.457681406014627,0.2261946710584651,12.08039578694007,0.21362830044422432,0.08563326975230094,-2.457681406014627,0.791353506324058
spectral_peak,D_weak_16mm_10,0.016,10.0,-body_z,2,10.000000000005542,62.831853071830686,0.11146877241153012,0.5947156756177947,52.88804747024879,-0.9564195238347549,-0.8186079052854145,-1.0067800437128442,12.67910190908483,12.729378294533081,12.628825523636579,65.73851714300854,197.2155514290256,1000000.0,10.0,0.05032921210447309,8.388202017412182,0.11921505918958625,0.0004523893421169302,0.028424460675153102,0.25132741228732275,0.8876168900650956,-0.11921505918958625,1.0
spectral_peak,D_weak_16mm_10,0.016,10.0,-body_z,2,10.000000000005542,62.831853071830686,0.11146877241153012,0.5947156756177947,52.88804747024879,-0.9564195238347549,-0.8186079052854145,-1.0067800437128442,12.67910190908483,12.729378294533081,12.628825523636579,65.73851714300854,197.2155514290256,1000000.0,50.0,0.022507907903921414,3.7513179839869024,0.2665729762895759,0.0022619467105846514,0.14212230337576554,0.25132741228732275,0.7660001018412157,-0.2665729762895759,1.0
spectral_peak,D_weak_16mm_10,0.016,10.0,-body_z,2,10.000000000005542,62.831853071830686,0.11146877241153012,0.5947156756177947,52.88804747024879,-0.9564195238347549,-0.8186079052854145,-1.0067800437128442,12.67910190908483,12.729378294533081,12.628825523636579,65.73851714300854,197.2155514290256,1000000.0,100.0,0.015915494309185124,2.6525823848641874,0.3769911184308796,0.004523893421169303,0.28424460675153107,0.25132741228732275,0.6859221659340946,-0.3769911184308796,1.0
spectral_peak,D_weak_16mm_10,0.016,10.0,-body_z,2,10.000000000005542,62.831853071830686,0.11146877241153012,0.5947156756177947,52.88804747024879,-0.9564195238347549,-0.8186079052854145,-1.0067800437128442,12.67910190908483,12.729378294533081,12.628825523636579,65.73851714300854,197.2155514290256,1000000.0,500.0,0.007117625434169799,1.1862709056949665,0.8429777677251207,0.022619467105846513,1.4212230337576555,0.25132741228732275,0.430426901877731,-0.8429777677251207,1.0
spectral_peak,D_weak_16mm_10,0.016,10.0,-body_z,2,10.000000000005542,62.831853071830686,0.11146877241153012,0.5947156756177947,52.88804747024879,-0.9564195238347549,-0.8186079052854145,-1.0067800437128442,12.67910190908483,12.729378294533081,12.628825523636579,65.73851714300854,197.2155514290256,3000000.0,10.0,0.02905758415661931,4.842930692769885,0.20648653954369436,0.0013571680263507906,0.08527338202545931,0.25132741228732275,0.8134372106193014,-0.20648653954369436,1.0
spectral_peak,D_weak_16mm_10,0.016,10.0,-body_z,2,10.000000000005542,62.831853071830686,0.11146877241153012,0.5947156756177947,52.88804747024879,-0.9564195238347549,-0.8186079052854145,-1.0067800437128442,12.67910190908483,12.729378294533081,12.628825523636579,65.73851714300854,197.2155514290256,3000000.0,50.0,0.012994946687224333,2.165824447870722,0.46171793885839907,0.006785840131753954,0.4263669101272966,0.25132741228732275,0.6302000698265191,-0.46171793885839907,1.0
spectral_peak,D_weak_16mm_10,0.016,10.0,-body_z,2,10.000000000005542,62.831853071830686,0.11146877241153012,0.5947156756177947,52.88804747024879,-0.9564195238347549,-0.8186079052854145,-1.0067800437128442,12.67910190908483,12.729378294533081,12.628825523636579,65.73851714300854,197.2155514290256,3000000.0,100.0,0.009188814923693988,1.531469153948998,0.6529677711244994,0.013571680263507907,0.8527338202545932,0.25132741228732275,0.520498761108735,-0.6529677711244994,1.0
spectral_peak,D_weak_16mm_10,0.016,10.0,-body_z,2,10.000000000005542,62.831853071830686,0.11146877241153012,0.5947156756177947,52.88804747024879,-0.9564195238347549,-0.8186079052854145,-1.0067800437128442,12.67910190908483,12.729378294533081,12.628825523636579,65.73851714300854,197.2155514290256,3000000.0,500.0,0.00410936296040886,0.68489382673481,1.4600803233509048,0.06785840131753954,4.263669101272966,0.25132741228732275,0.23221762148312655,-1.4600803233509048,0.9687125092193274
spectral_peak,D_weak_16mm_10,0.016,10.0,-body_z,2,10.000000000005542,62.831853071830686,0.11146877241153012,0.5947156756177947,52.88804747024879,-0.9564195238347549,-0.8186079052854145,-1.0067800437128442,12.67910190908483,12.729378294533081,12.628825523636579,65.73851714300854,197.2155514290256,6000000.0,10.0,0.0205468148020443,3.42446913367405,0.292016064670181,0.0027143360527015813,0.17054676405091862,0.25132741228732275,0.7467565394794853,-0.292016064670181,1.0
spectral_peak,D_weak_16mm_10,0.016,10.0,-body_z,2,10.000000000005542,62.831853071830686,0.11146877241153012,0.5947156756177947,52.88804747024879,-0.9564195238347549,-0.8186079052854145,-1.0067800437128442,12.67910190908483,12.729378294533081,12.628825523636579,65.73851714300854,197.2155514290256,6000000.0,50.0,0.009188814923693988,1.531469153948998,0.6529677711244994,0.013571680263507907,0.8527338202545932,0.25132741228732275,0.520498761108735,-0.6529677711244994,1.0
spectral_peak,D_weak_16mm_10,0.016,10.0,-body_z,2,10.000000000005542,62.831853071830686,0.11146877241153012,0.5947156756177947,52.88804747024879,-0.9564195238347549,-0.8186079052854145,-1.0067800437128442,12.67910190908483,12.729378294533081,12.628825523636579,65.73851714300854,197.2155514290256,6000000.0,100.0,0.006497473343612167,1.082912223935361,0.9234358777167981,0.027143360527015815,1.7054676405091864,0.25132741228732275,0.3971521280093496,-0.9234358777167981,1.0
spectral_peak,D_weak_16mm_10,0.016,10.0,-body_z,2,10.000000000005542,62.831853071830686,0.11146877241153012,0.5947156756177947,52.88804747024879,-0.9564195238347549,-0.8186079052854145,-1.0067800437128442,12.67910190908483,12.729378294533081,12.628825523636579,65.73851714300854,197.2155514290256,6000000.0,500.0,0.0029057584156619307,0.48429306927698845,2.064865395436944,0.13571680263507907,8.527338202545932,0.25132741228732275,0.1268353620375076,-2.064865395436944,0.8628458654283107
spectral_peak,D_weak_16mm_10,0.016,10.0,-body_z,2,10.000000000005542,62.831853071830686,0.11146877241153012,0.5947156756177947,52.88804747024879,-0.9564195238347549,-0.8186079052854145,-1.0067800437128442,12.67910190908483,12.729378294533081,12.628825523636579,65.73851714300854,197.2155514290256,10000000.0,10.0,0.015915494309185124,2.6525823848641874,0.3769911184308796,0.004523893421169303,0.28424460675153107,0.25132741228732275,0.6859221659340946,-0.3769911184308796,1.0
spectral_peak,D_weak_16mm_10,0.016,10.0,-body_z,2,10.000000000005542,62.831853071830686,0.11146877241153012,0.5947156756177947,52.88804747024879,-0.9564195238347549,-0.8186079052854145,-1.0067800437128442,12.67910190908483,12.729378294533081,12.628825523636579,65.73851714300854,197.2155514290256,10000000.0,50.0,0.007117625434169799,1.1862709056949665,0.8429777677251207,0.022619467105846513,1.4212230337576555,0.25132741228732275,0.430426901877731,-0.8429777677251207,1.0
spectral_peak,D_weak_16mm_10,0.016,10.0,-body_z,2,10.000000000005542,62.831853071830686,0.11146877241153012,0.5947156756177947,52.88804747024879,-0.9564195238347549,-0.8186079052854145,-1.0067800437128442,12.67910190908483,12.729378294533081,12.628825523636579,65.73851714300854,197.2155514290256,10000000.0,100.0,0.005032921210447309,0.8388202017412182,1.1921505918958626,0.045238934211693026,2.842446067515311,0.25132741228732275,0.3035677112961916,-1.1921505918958626,0.995812721728049
spectral_peak,D_weak_16mm_10,0.016,10.0,-body_z,2,10.000000000005542,62.831853071830686,0.11146877241153012,0.5947156756177947,52.88804747024879,-0.9564195238347549,-0.8186079052854145,-1.0067800437128442,12.67910190908483,12.729378294533081,12.628825523636579,65.73851714300854,197.2155514290256,10000000.0,500.0,0.002250790790392142,0.3751317983986903,2.665729762895758,0.2261946710584651,14.212230337576553,0.25132741228732275,0.0695485810356874,-2.665729762895758,0.7560137936804712
spectral_peak,D_weak_16mm_10,0.016,10.0,-body_z,3,6.000000000003325,37.699111843098414,0.09864021436652556,0.6933558899843203,52.88804747024879,-0.9564195238347549,-0.8186079052854145,-1.0067800437128442,12.67910190908483,12.729378294533081,12.628825523636579,65.73851714300854,197.2155514290256,1000000.0,10.0,0.06497473343612167,10.829122239353612,0.09234358777167981,0.0004523893421169302,0.017054676405091864,0.15079644737239367,0.9117918152012275,-0.09234358777167981,1.0
spectral_peak,D_weak_16mm_10,0.016,10.0,-body_z,3,6.000000000003325,37.699111843098414,0.09864021436652556,0.6933558899843203,52.88804747024879,-0.9564195238347549,-0.8186079052854145,-1.0067800437128442,12.67910190908483,12.729378294533081,12.628825523636579,65.73851714300854,197.2155514290256,1000000.0,50.0,0.02905758415661931,4.842930692769885,0.20648653954369436,0.0022619467105846514,0.08527338202545934,0.15079644737239367,0.8134372106193014,-0.20648653954369436,1.0
spectral_peak,D_weak_16mm_10,0.016,10.0,-body_z,3,6.000000000003325,37.699111843098414,0.09864021436652556,0.6933558899843203,52.88804747024879,-0.9564195238347549,-0.8186079052854145,-1.0067800437128442,12.67910190908483,12.729378294533081,12.628825523636579,65.73851714300854,197.2155514290256,1000000.0,100.0,0.0205468148020443,3.42446913367405,0.292016064670181,0.004523893421169303,0.17054676405091868,0.15079644737239367,0.7467565394794853,-0.292016064670181,1.0
spectral_peak,D_weak_16mm_10,0.016,10.0,-body_z,3,6.000000000003325,37.699111843098414,0.09864021436652556,0.6933558899843203,52.88804747024879,-0.9564195238347549,-0.8186079052854145,-1.0067800437128442,12.67910190908483,12.729378294533081,12.628825523636579,65.73851714300854,197.2155514290256,1000000.0,500.0,0.009188814923693988,1.531469153948998,0.6529677711244994,0.022619467105846513,0.8527338202545933,0.15079644737239367,0.520498761108735,-0.6529677711244994,1.0
spectral_peak,D_weak_16mm_10,0.016,10.0,-body_z,3,6.000000000003325,37.699111843098414,0.09864021436652556,0.6933558899843203,52.88804747024879,-0.9564195238347549,-0.8186079052854145,-1.0067800437128442,12.67910190908483,12.729378294533081,12.628825523636579,65.73851714300854,197.2155514290256,3000000.0,10.0,0.03751317983986902,6.2521966399781705,0.15994378577374552,0.0013571680263507906,0.051164029215275596,0.15079644737239367,0.8521916929163947,-0.15994378577374552,1.0
spectral_peak,D_weak_16mm_10,0.016,10.0,-body_z,3,6.000000000003325,37.699111843098414,0.09864021436652556,0.6933558899843203,52.88804747024879,-0.9564195238347549,-0.8186079052854145,-1.0067800437128442,12.67910190908483,12.729378294533081,12.628825523636579,65.73851714300854,197.2155514290256,3000000.0,50.0,0.016776404034824364,2.796067339137394,0.35764517756875874,0.006785840131753954,0.255820146076378,0.15079644737239367,0.6993211658261058,-0.35764517756875874,1.0
spectral_peak,D_weak_16mm_10,0.016,10.0,-body_z,3,6.000000000003325,37.699111843098414,0.09864021436652556,0.6933558899843203,52.88804747024879,-0.9564195238347549,-0.8186079052854145,-1.0067800437128442,12.67910190908483,12.729378294533081,12.628825523636579,65.73851714300854,197.2155514290256,3000000.0,100.0,0.011862709056949663,1.977118176158277,0.5057866606350725,0.013571680263507907,0.511640292152756,0.15079644737239367,0.603031008034022,-0.5057866606350725,1.0
spectral_peak,D_weak_16mm_10,0.016,10.0,-body_z,3,6.000000000003325,37.699111843098414,0.09864021436652556,0.6933558899843203,52.88804747024879,-0.9564195238347549,-0.8186079052854145,-1.0067800437128442,12.67910190908483,12.729378294533081,12.628825523636579,65.73851714300854,197.2155514290256,3000000.0,500.0,0.005305164769728374,0.8841941282880623,1.130973355292639,0.06785840131753954,2.5582014607637795,0.15079644737239367,0.3227189832669478,-1.130973355292639,0.9984469274633927
spectral_peak,D_weak_16mm_10,0.016,10.0,-body_z,3,6.000000000003325,37.699111843098414,0.09864021436652556,0.6933558899843203,52.88804747024879,-0.9564195238347549,-0.8186079052854145,-1.0067800437128442,12.67910190908483,12.729378294533081,12.628825523636579,65.73851714300854,197.2155514290256,6000000.0,10.0,0.026525823848641873,4.420970641440312,0.2261946710585278,0.0027143360527015813,0.10232805843055119,0.15079644737239367,0.7975628241529255,-0.2261946710585278,1.0
spectral_peak,D_weak_16mm_10,0.016,10.0,-body_z,3,6.000000000003325,37.699111843098414,0.09864021436652556,0.6933558899843203,52.88804747024879,-0.9564195238347549,-0.8186079052854145,-1.0067800437128442,12.67910190908483,12.729378294533081,12.628825523636579,65.73851714300854,197.2155514290256,6000000.0,50.0,0.011862709056949663,1.977118176158277,0.5057866606350725,0.013571680263507907,0.511640292152756,0.15079644737239367,0.603031008034022,-0.5057866606350725,1.0
spectral_peak,D_weak_16mm_10,0.016,10.0,-body_z,3,6.000000000003325,37.699111843098414,0.09864021436652556,0.6933558899843203,52.88804747024879,-0.9564195238347549,-0.8186079052854145,-1.0067800437128442,12.67910190908483,12.729378294533081,12.628825523636579,65.73851714300854,197.2155514290256,6000000.0,100.0,0.008388202017412182,1.398033669568697,0.7152903551375175,0.027143360527015815,1.023280584305512,0.15079644737239367,0.4890500929723838,-0.7152903551375175,1.0
spectral_peak,D_weak_16mm_10,0.016,10.0,-body_z,3,6.000000000003325,37.699111843098414,0.09864021436652556,0.6933558899843203,52.88804747024879,-0.9564195238347549,-0.8186079052854145,-1.0067800437128442,12.67910190908483,12.729378294533081,12.628825523636579,65.73851714300854,197.2155514290256,6000000.0,500.0,0.0037513179839869025,0.625219663997817,1.599437857737455,0.13571680263507907,5.116402921527559,0.15079644737239367,0.20201004446610507,-1.599437857737455,0.9473582414758724
spectral_peak,D_weak_16mm_10,0.016,10.0,-body_z,3,6.000000000003325,37.699111843098414,0.09864021436652556,0.6933558899843203,52.88804747024879,-0.9564195238347549,-0.8186079052854145,-1.0067800437128442,12.67910190908483,12.729378294533081,12.628825523636579,65.73851714300854,197.2155514290256,10000000.0,10.0,0.0205468148020443,3.42446913367405,0.292016064670181,0.004523893421169303,0.17054676405091868,0.15079644737239367,0.7467565394794853,-0.292016064670181,1.0
spectral_peak,D_weak_16mm_10,0.016,10.0,-body_z,3,6.000000000003325,37.699111843098414,0.09864021436652556,0.6933558899843203,52.88804747024879,-0.9564195238347549,-0.8186079052854145,-1.0067800437128442,12.67910190908483,12.729378294533081,12.628825523636579,65.73851714300854,197.2155514290256,10000000.0,50.0,0.009188814923693988,1.531469153948998,0.6529677711244994,0.022619467105846513,0.8527338202545933,0.15079644737239367,0.520498761108735,-0.6529677711244994,1.0
spectral_peak,D_weak_16mm_10,0.016,10.0,-body_z,3,6.000000000003325,37.699111843098414,0.09864021436652556,0.6933558899843203,52.88804747024879,-0.9564195238347549,-0.8186079052854145,-1.0067800437128442,12.67910190908483,12.729378294533081,12.628825523636579,65.73851714300854,197.2155514290256,10000000.0,100.0,0.006497473343612167,1.082912223935361,0.9234358777167981,0.045238934211693026,1.7054676405091866,0.15079644737239367,0.3971521280093496,-0.9234358777167981,1.0
spectral_peak,D_weak_16mm_10,0.016,10.0,-body_z,3,6.000000000003325,37.699111843098414,0.09864021436652556,0.6933558899843203,52.88804747024879,-0.9564195238347549,-0.8186079052854145,-1.0067800437128442,12.67910190908483,12.729378294533081,12.628825523636579,65.73851714300854,197.2155514290256,10000000.0,500.0,0.0029057584156619307,0.48429306927698845,2.064865395436944,0.2261946710584651,8.527338202545932,0.15079644737239367,0.1268353620375076,-2.064865395436944,0.8628458654283107
spectral_peak,D_weak_16mm_10,0.016,10.0,inner_xyz,1,8.500000000004711,53.40707511105608,0.6121296712458978,0.6121296712458978,54.949661148350785,-0.9564195238347549,-0.8186079052854145,-1.0067800437128442,12.67910190908483,12.729378294533081,12.628825523636579,65.73851714300854,197.2155514290256,1000000.0,10.0,0.054589695117378,9.098282519563,0.10991085381771934,0.0004523893421169302,0.02416079157388014,0.21362830044422432,0.8959139990493681,-0.10991085381771934,1.0
spectral_peak,D_weak_16mm_10,0.016,10.0,inner_xyz,1,8.500000000004711,53.40707511105608,0.6121296712458978,0.6121296712458978,54.949661148350785,-0.9564195238347549,-0.8186079052854145,-1.0067800437128442,12.67910190908483,12.729378294533081,12.628825523636579,65.73851714300854,197.2155514290256,1000000.0,50.0,0.024413253830689114,4.068875638448185,0.2457681406014627,0.0022619467105846514,0.12080395786940071,0.21362830044422432,0.7821035419614686,-0.2457681406014627,1.0
spectral_peak,D_weak_16mm_10,0.016,10.0,inner_xyz,1,8.500000000004711,53.40707511105608,0.6121296712458978,0.6121296712458978,54.949661148350785,-0.9564195238347549,-0.8186079052854145,-1.0067800437128442,12.67910190908483,12.729378294533081,12.628825523636579,65.73851714300854,197.2155514290256,1000000.0,100.0,0.01726277733450873,2.8771295557514547,0.34756863763780627,0.004523893421169303,0.24160791573880142,0.21362830044422432,0.7064035263961577,-0.34756863763780627,1.0
spectral_peak,D_weak_16mm_10,0.016,10.0,inner_xyz,1,8.500000000004711,53.40707511105608,0.6121296712458978,0.6121296712458978,54.949661148350785,-0.9564195238347549,-0.8186079052854145,-1.0067800437128442,12.67910190908483,12.729378294533081,12.628825523636579,65.73851714300854,197.2155514290256,1000000.0,500.0,0.007720148720080829,1.2866914533468048,0.7771871006051269,0.022619467105846513,1.208039578694007,0.21362830044422432,0.45969727654521886,-0.7771871006051269,1.0
spectral_peak,D_weak_16mm_10,0.016,10.0,inner_xyz,1,8.500000000004711,53.40707511105608,0.6121296712458978,0.6121296712458978,54.949661148350785,-0.9564195238347549,-0.8186079052854145,-1.0067800437128442,12.67910190908483,12.729378294533081,12.628825523636579,65.73851714300854,197.2155514290256,3000000.0,10.0,0.03151737517099779,5.2528958618329655,0.19037118311556556,0.0013571680263507906,0.07248237472164042,0.21362830044422432,0.8266522376364671,-0.19037118311556556,1.0
spectral_peak,D_weak_16mm_10,0.016,10.0,inner_xyz,1,8.500000000004711,53.40707511105608,0.6121296712458978,0.6121296712458978,54.949661148350785,-0.9564195238347549,-0.8186079052854145,-1.0067800437128442,12.67910190908483,12.729378294533081,12.628825523636579,65.73851714300854,197.2155514290256,3000000.0,50.0,0.01409499867094302,2.34916644515717,0.4256829064034649,0.006785840131753954,0.3624118736082021,0.21362830044422432,0.6533234739689103,-0.4256829064034649,1.0
spectral_peak,D_weak_16mm_10,0.016,10.0,inner_xyz,1,8.500000000004711,53.40707511105608,0.6121296712458978,0.6121296712458978,54.949661148350785,-0.9564195238347549,-0.8186079052854145,-1.0067800437128442,12.67910190908483,12.729378294533081,12.628825523636579,65.73851714300854,197.2155514290256,3000000.0,100.0,0.009966669141039185,1.6611115235065308,0.6020065395061769,0.013571680263507907,0.7248237472164042,0.21362830044422432,0.5477115279390958,-0.6020065395061769,1.0
spectral_peak,D_weak_16mm_10,0.016,10.0,inner_xyz,1,8.500000000004711,53.40707511105608,0.6121296712458978,0.6121296712458978,54.949661148350785,-0.9564195238347549,-0.8186079052854145,-1.0067800437128442,12.67910190908483,12.729378294533081,12.628825523636579,65.73851714300854,197.2155514290256,3000000.0,500.0,0.004457229941722611,0.7428716569537686,1.3461275452352242,0.06785840131753954,3.624118736082021,0.21362830044422432,0.26024610311121554,-1.3461275452352242,0.9829999635084405
spectral_peak,D_weak_16mm_10,0.016,10.0,inner_xyz,1,8.500000000004711,53.40707511105608,0.6121296712458978,0.6121296712458978,54.949661148350785,-0.9564195238347549,-0.8186079052854145,-1.0067800437128442,12.67910190908483,12.729378294533081,12.628825523636579,65.73851714300854,197.2155514290256,6000000.0,10.0,0.02228614970861306,3.714358284768843,0.2692255090470448,0.0027143360527015813,0.14496474944328083,0.21362830044422432,0.7639709538593483,-0.2692255090470448,1.0
spectral_peak,D_weak_16mm_10,0.016,10.0,inner_xyz,1,8.500000000004711,53.40707511105608,0.6121296712458978,0.6121296712458978,54.949661148350785,-0.9564195238347549,-0.8186079052854145,-1.0067800437128442,12.67910190908483,12.729378294533081,12.628825523636579,65.73851714300854,197.2155514290256,6000000.0,50.0,0.009966669141039185,1.6611115235065308,0.6020065395061769,0.013571680263507907,0.7248237472164042,0.21362830044422432,0.5477115279390958,-0.6020065395061769,1.0
spectral_peak,D_weak_16mm_10,0.016,10.0,inner_xyz,1,8.500000000004711,53.40707511105608,0.6121296712458978,0.6121296712458978,54.949661148350785,-0.9564195238347549,-0.8186079052854145,-1.0067800437128442,12.67910190908483,12.729378294533081,12.628825523636579,65.73851714300854,197.2155514290256,6000000.0,100.0,0.00704749933547151,1.174583222578585,0.8513658128069298,0.027143360527015815,1.4496474944328084,0.21362830044422432,0.42683156163880537,-0.8513658128069298,1.0
spectral_peak,D_weak_16mm_10,0.016,10.0,inner_xyz,1,8.500000000004711,53.40707511105608,0.6121296712458978,0.6121296712458978,54.949661148350785,-0.9564195238347549,-0.8186079052854145,-1.0067800437128442,12.67910190908483,12.729378294533081,12.628825523636579,65.73851714300854,197.2155514290256,6000000.0,500.0,0.0031517375170997787,0.5252895861832965,1.903711831155656,0.13571680263507907,7.248237472164042,0.21362830044422432,0.14901447484331765,-1.903711831155656,0.893024019171379
spectral_peak,D_weak_16mm_10,0.016,10.0,inner_xyz,1,8.500000000004711,53.40707511105608,0.6121296712458978,0.6121296712458978,54.949661148350785,-0.9564195238347549,-0.8186079052854145,-1.0067800437128442,12.67910190908483,12.729378294533081,12.628825523636579,65.73851714300854,197.2155514290256,10000000.0,10.0,0.01726277733450873,2.8771295557514547,0.34756863763780627,0.004523893421169303,0.24160791573880142,0.21362830044422432,0.7064035263961577,-0.34756863763780627,1.0
spectral_peak,D_weak_16mm_10,0.016,10.0,inner_xyz,1,8.500000000004711,53.40707511105608,0.6121296712458978,0.6121296712458978,54.949661148350785,-0.9564195238347549,-0.8186079052854145,-1.0067800437128442,12.67910190908483,12.729378294533081,12.628825523636579,65.73851714300854,197.2155514290256,10000000.0,50.0,0.007720148720080829,1.2866914533468048,0.7771871006051269,0.022619467105846513,1.208039578694007,0.21362830044422432,0.45969727654521886,-0.7771871006051269,1.0
spectral_peak,D_weak_16mm_10,0.016,10.0,inner_xyz,1,8.500000000004711,53.40707511105608,0.6121296712458978,0.6121296712458978,54.949661148350785,-0.9564195238347549,-0.8186079052854145,-1.0067800437128442,12.67910190908483,12.729378294533081,12.628825523636579,65.73851714300854,197.2155514290256,10000000.0,100.0,0.0054589695117378,0.9098282519562999,1.0991085381771935,0.045238934211693026,2.416079157388014,0.21362830044422432,0.33316795786744613,-1.0991085381771935,0.9992668185531766
spectral_peak,D_weak_16mm_10,0.016,10.0,inner_xyz,1,8.500000000004711,53.40707511105608,0.6121296712458978,0.6121296712458978,54.949661148350785,-0.9564195238347549,-0.8186079052854145,-1.0067800437128442,12.67910190908483,12.729378294533081,12.628825523636579,65.73851714300854,197.2155514290256,10000000.0,500.0,0.0024413253830689115,0.40688756384481856,2.457681406014627,0.2261946710584651,12.08039578694007,0.21362830044422432,0.08563326975230094,-2.457681406014627,0.791353506324058
spectral_peak,D_weak_16mm_10,0.016,10.0,inner_xyz,2,10.000000000005542,62.831853071830686,0.09589274175721904,0.7080224130031169,54.949661148350785,-0.9564195238347549,-0.8186079052854145,-1.0067800437128442,12.67910190908483,12.729378294533081,12.628825523636579,65.73851714300854,197.2155514290256,1000000.0,10.0,0.05032921210447309,8.388202017412182,0.11921505918958625,0.0004523893421169302,0.028424460675153102,0.25132741228732275,0.8876168900650956,-0.11921505918958625,1.0
spectral_peak,D_weak_16mm_10,0.016,10.0,inner_xyz,2,10.000000000005542,62.831853071830686,0.09589274175721904,0.7080224130031169,54.949661148350785,-0.9564195238347549,-0.8186079052854145,-1.0067800437128442,12.67910190908483,12.729378294533081,12.628825523636579,65.73851714300854,197.2155514290256,1000000.0,50.0,0.022507907903921414,3.7513179839869024,0.2665729762895759,0.0022619467105846514,0.14212230337576554,0.25132741228732275,0.7660001018412157,-0.2665729762895759,1.0
spectral_peak,D_weak_16mm_10,0.016,10.0,inner_xyz,2,10.000000000005542,62.831853071830686,0.09589274175721904,0.7080224130031169,54.949661148350785,-0.9564195238347549,-0.8186079052854145,-1.0067800437128442,12.67910190908483,12.729378294533081,12.628825523636579,65.73851714300854,197.2155514290256,1000000.0,100.0,0.015915494309185124,2.6525823848641874,0.3769911184308796,0.004523893421169303,0.28424460675153107,0.25132741228732275,0.6859221659340946,-0.3769911184308796,1.0
spectral_peak,D_weak_16mm_10,0.016,10.0,inner_xyz,2,10.000000000005542,62.831853071830686,0.09589274175721904,0.7080224130031169,54.949661148350785,-0.9564195238347549,-0.8186079052854145,-1.0067800437128442,12.67910190908483,12.729378294533081,12.628825523636579,65.73851714300854,197.2155514290256,1000000.0,500.0,0.007117625434169799,1.1862709056949665,0.8429777677251207,0.022619467105846513,1.4212230337576555,0.25132741228732275,0.430426901877731,-0.8429777677251207,1.0
spectral_peak,D_weak_16mm_10,0.016,10.0,inner_xyz,2,10.000000000005542,62.831853071830686,0.09589274175721904,0.7080224130031169,54.949661148350785,-0.9564195238347549,-0.8186079052854145,-1.0067800437128442,12.67910190908483,12.729378294533081,12.628825523636579,65.73851714300854,197.2155514290256,3000000.0,10.0,0.02905758415661931,4.842930692769885,0.20648653954369436,0.0013571680263507906,0.08527338202545931,0.25132741228732275,0.8134372106193014,-0.20648653954369436,1.0
spectral_peak,D_weak_16mm_10,0.016,10.0,inner_xyz,2,10.000000000005542,62.831853071830686,0.09589274175721904,0.7080224130031169,54.949661148350785,-0.9564195238347549,-0.8186079052854145,-1.0067800437128442,12.67910190908483,12.729378294533081,12.628825523636579,65.73851714300854,197.2155514290256,3000000.0,50.0,0.012994946687224333,2.165824447870722,0.46171793885839907,0.006785840131753954,0.4263669101272966,0.25132741228732275,0.6302000698265191,-0.46171793885839907,1.0
spectral_peak,D_weak_16mm_10,0.016,10.0,inner_xyz,2,10.000000000005542,62.831853071830686,0.09589274175721904,0.7080224130031169,54.949661148350785,-0.9564195238347549,-0.8186079052854145,-1.0067800437128442,12.67910190908483,12.729378294533081,12.628825523636579,65.73851714300854,197.2155514290256,3000000.0,100.0,0.009188814923693988,1.531469153948998,0.6529677711244994,0.013571680263507907,0.8527338202545932,0.25132741228732275,0.520498761108735,-0.6529677711244994,1.0
spectral_peak,D_weak_16mm_10,0.016,10.0,inner_xyz,2,10.000000000005542,62.831853071830686,0.09589274175721904,0.7080224130031169,54.949661148350785,-0.9564195238347549,-0.8186079052854145,-1.0067800437128442,12.67910190908483,12.729378294533081,12.628825523636579,65.73851714300854,197.2155514290256,3000000.0,500.0,0.00410936296040886,0.68489382673481,1.4600803233509048,0.06785840131753954,4.263669101272966,0.25132741228732275,0.23221762148312655,-1.4600803233509048,0.9687125092193274
spectral_peak,D_weak_16mm_10,0.016,10.0,inner_xyz,2,10.000000000005542,62.831853071830686,0.09589274175721904,0.7080224130031169,54.949661148350785,-0.9564195238347549,-0.8186079052854145,-1.0067800437128442,12.67910190908483,12.729378294533081,12.628825523636579,65.73851714300854,197.2155514290256,6000000.0,10.0,0.0205468148020443,3.42446913367405,0.292016064670181,0.0027143360527015813,0.17054676405091862,0.25132741228732275,0.7467565394794853,-0.292016064670181,1.0
spectral_peak,D_weak_16mm_10,0.016,10.0,inner_xyz,2,10.000000000005542,62.831853071830686,0.09589274175721904,0.7080224130031169,54.949661148350785,-0.9564195238347549,-0.8186079052854145,-1.0067800437128442,12.67910190908483,12.729378294533081,12.628825523636579,65.73851714300854,197.2155514290256,6000000.0,50.0,0.009188814923693988,1.531469153948998,0.6529677711244994,0.013571680263507907,0.8527338202545932,0.25132741228732275,0.520498761108735,-0.6529677711244994,1.0
spectral_peak,D_weak_16mm_10,0.016,10.0,inner_xyz,2,10.000000000005542,62.831853071830686,0.09589274175721904,0.7080224130031169,54.949661148350785,-0.9564195238347549,-0.8186079052854145,-1.0067800437128442,12.67910190908483,12.729378294533081,12.628825523636579,65.73851714300854,197.2155514290256,6000000.0,100.0,0.006497473343612167,1.082912223935361,0.9234358777167981,0.027143360527015815,1.7054676405091864,0.25132741228732275,0.3971521280093496,-0.9234358777167981,1.0
spectral_peak,D_weak_16mm_10,0.016,10.0,inner_xyz,2,10.000000000005542,62.831853071830686,0.09589274175721904,0.7080224130031169,54.949661148350785,-0.9564195238347549,-0.8186079052854145,-1.0067800437128442,12.67910190908483,12.729378294533081,12.628825523636579,65.73851714300854,197.2155514290256,6000000.0,500.0,0.0029057584156619307,0.48429306927698845,2.064865395436944,0.13571680263507907,8.527338202545932,0.25132741228732275,0.1268353620375076,-2.064865395436944,0.8628458654283107
spectral_peak,D_weak_16mm_10,0.016,10.0,inner_xyz,2,10.000000000005542,62.831853071830686,0.09589274175721904,0.7080224130031169,54.949661148350785,-0.9564195238347549,-0.8186079052854145,-1.0067800437128442,12.67910190908483,12.729378294533081,12.628825523636579,65.73851714300854,197.2155514290256,10000000.0,10.0,0.015915494309185124,2.6525823848641874,0.3769911184308796,0.004523893421169303,0.28424460675153107,0.25132741228732275,0.6859221659340946,-0.3769911184308796,1.0
spectral_peak,D_weak_16mm_10,0.016,10.0,inner_xyz,2,10.000000000005542,62.831853071830686,0.09589274175721904,0.7080224130031169,54.949661148350785,-0.9564195238347549,-0.8186079052854145,-1.0067800437128442,12.67910190908483,12.729378294533081,12.628825523636579,65.73851714300854,197.2155514290256,10000000.0,50.0,0.007117625434169799,1.1862709056949665,0.8429777677251207,0.022619467105846513,1.4212230337576555,0.25132741228732275,0.430426901877731,-0.8429777677251207,1.0
spectral_peak,D_weak_16mm_10,0.016,10.0,inner_xyz,2,10.000000000005542,62.831853071830686,0.09589274175721904,0.7080224130031169,54.949661148350785,-0.9564195238347549,-0.8186079052854145,-1.0067800437128442,12.67910190908483,12.729378294533081,12.628825523636579,65.73851714300854,197.2155514290256,10000000.0,100.0,0.005032921210447309,0.8388202017412182,1.1921505918958626,0.045238934211693026,2.842446067515311,0.25132741228732275,0.3035677112961916,-1.1921505918958626,0.995812721728049
spectral_peak,D_weak_16mm_10,0.016,10.0,inner_xyz,2,10.000000000005542,62.831853071830686,0.09589274175721904,0.7080224130031169,54.949661148350785,-0.9564195238347549,-0.8186079052854145,-1.0067800437128442,12.67910190908483,12.729378294533081,12.628825523636579,65.73851714300854,197.2155514290256,10000000.0,500.0,0.002250790790392142,0.3751317983986903,2.665729762895758,0.2261946710584651,14.212230337576553,0.25132741228732275,0.0695485810356874,-2.665729762895758,0.7560137936804712
spectral_peak,D_weak_16mm_10,0.016,10.0,inner_xyz,3,6.000000000003325,37.699111843098414,0.030973117659753815,0.7389955306628707,54.949661148350785,-0.9564195238347549,-0.8186079052854145,-1.0067800437128442,12.67910190908483,12.729378294533081,12.628825523636579,65.73851714300854,197.2155514290256,1000000.0,10.0,0.06497473343612167,10.829122239353612,0.09234358777167981,0.0004523893421169302,0.017054676405091864,0.15079644737239367,0.9117918152012275,-0.09234358777167981,1.0
spectral_peak,D_weak_16mm_10,0.016,10.0,inner_xyz,3,6.000000000003325,37.699111843098414,0.030973117659753815,0.7389955306628707,54.949661148350785,-0.9564195238347549,-0.8186079052854145,-1.0067800437128442,12.67910190908483,12.729378294533081,12.628825523636579,65.73851714300854,197.2155514290256,1000000.0,50.0,0.02905758415661931,4.842930692769885,0.20648653954369436,0.0022619467105846514,0.08527338202545934,0.15079644737239367,0.8134372106193014,-0.20648653954369436,1.0
spectral_peak,D_weak_16mm_10,0.016,10.0,inner_xyz,3,6.000000000003325,37.699111843098414,0.030973117659753815,0.7389955306628707,54.949661148350785,-0.9564195238347549,-0.8186079052854145,-1.0067800437128442,12.67910190908483,12.729378294533081,12.628825523636579,65.73851714300854,197.2155514290256,1000000.0,100.0,0.0205468148020443,3.42446913367405,0.292016064670181,0.004523893421169303,0.17054676405091868,0.15079644737239367,0.7467565394794853,-0.292016064670181,1.0
spectral_peak,D_weak_16mm_10,0.016,10.0,inner_xyz,3,6.000000000003325,37.699111843098414,0.030973117659753815,0.7389955306628707,54.949661148350785,-0.9564195238347549,-0.8186079052854145,-1.0067800437128442,12.67910190908483,12.729378294533081,12.628825523636579,65.73851714300854,197.2155514290256,1000000.0,500.0,0.009188814923693988,1.531469153948998,0.6529677711244994,0.022619467105846513,0.8527338202545933,0.15079644737239367,0.520498761108735,-0.6529677711244994,1.0
spectral_peak,D_weak_16mm_10,0.016,10.0,inner_xyz,3,6.000000000003325,37.699111843098414,0.030973117659753815,0.7389955306628707,54.949661148350785,-0.9564195238347549,-0.8186079052854145,-1.0067800437128442,12.67910190908483,12.729378294533081,12.628825523636579,65.73851714300854,197.2155514290256,3000000.0,10.0,0.03751317983986902,6.2521966399781705,0.15994378577374552,0.0013571680263507906,0.051164029215275596,0.15079644737239367,0.8521916929163947,-0.15994378577374552,1.0
spectral_peak,D_weak_16mm_10,0.016,10.0,inner_xyz,3,6.000000000003325,37.699111843098414,0.030973117659753815,0.7389955306628707,54.949661148350785,-0.9564195238347549,-0.8186079052854145,-1.0067800437128442,12.67910190908483,12.729378294533081,12.628825523636579,65.73851714300854,197.2155514290256,3000000.0,50.0,0.016776404034824364,2.796067339137394,0.35764517756875874,0.006785840131753954,0.255820146076378,0.15079644737239367,0.6993211658261058,-0.35764517756875874,1.0
spectral_peak,D_weak_16mm_10,0.016,10.0,inner_xyz,3,6.000000000003325,37.699111843098414,0.030973117659753815,0.7389955306628707,54.949661148350785,-0.9564195238347549,-0.8186079052854145,-1.0067800437128442,12.67910190908483,12.729378294533081,12.628825523636579,65.73851714300854,197.2155514290256,3000000.0,100.0,0.011862709056949663,1.977118176158277,0.5057866606350725,0.013571680263507907,0.511640292152756,0.15079644737239367,0.603031008034022,-0.5057866606350725,1.0
spectral_peak,D_weak_16mm_10,0.016,10.0,inner_xyz,3,6.000000000003325,37.699111843098414,0.030973117659753815,0.7389955306628707,54.949661148350785,-0.9564195238347549,-0.8186079052854145,-1.0067800437128442,12.67910190908483,12.729378294533081,12.628825523636579,65.73851714300854,197.2155514290256,3000000.0,500.0,0.005305164769728374,0.8841941282880623,1.130973355292639,0.06785840131753954,2.5582014607637795,0.15079644737239367,0.3227189832669478,-1.130973355292639,0.9984469274633927
spectral_peak,D_weak_16mm_10,0.016,10.0,inner_xyz,3,6.000000000003325,37.699111843098414,0.030973117659753815,0.7389955306628707,54.949661148350785,-0.9564195238347549,-0.8186079052854145,-1.0067800437128442,12.67910190908483,12.729378294533081,12.628825523636579,65.73851714300854,197.2155514290256,6000000.0,10.0,0.026525823848641873,4.420970641440312,0.2261946710585278,0.0027143360527015813,0.10232805843055119,0.15079644737239367,0.7975628241529255,-0.2261946710585278,1.0
spectral_peak,D_weak_16mm_10,0.016,10.0,inner_xyz,3,6.000000000003325,37.699111843098414,0.030973117659753815,0.7389955306628707,54.949661148350785,-0.9564195238347549,-0.8186079052854145,-1.0067800437128442,12.67910190908483,12.729378294533081,12.628825523636579,65.73851714300854,197.2155514290256,6000000.0,50.0,0.011862709056949663,1.977118176158277,0.5057866606350725,0.013571680263507907,0.511640292152756,0.15079644737239367,0.603031008034022,-0.5057866606350725,1.0
spectral_peak,D_weak_16mm_10,0.016,10.0,inner_xyz,3,6.000000000003325,37.699111843098414,0.030973117659753815,0.7389955306628707,54.949661148350785,-0.9564195238347549,-0.8186079052854145,-1.0067800437128442,12.67910190908483,12.729378294533081,12.628825523636579,65.73851714300854,197.2155514290256,6000000.0,100.0,0.008388202017412182,1.398033669568697,0.7152903551375175,0.027143360527015815,1.023280584305512,0.15079644737239367,0.4890500929723838,-0.7152903551375175,1.0
spectral_peak,D_weak_16mm_10,0.016,10.0,inner_xyz,3,6.000000000003325,37.699111843098414,0.030973117659753815,0.7389955306628707,54.949661148350785,-0.9564195238347549,-0.8186079052854145,-1.0067800437128442,12.67910190908483,12.729378294533081,12.628825523636579,65.73851714300854,197.2155514290256,6000000.0,500.0,0.0037513179839869025,0.625219663997817,1.599437857737455,0.13571680263507907,5.116402921527559,0.15079644737239367,0.20201004446610507,-1.599437857737455,0.9473582414758724
spectral_peak,D_weak_16mm_10,0.016,10.0,inner_xyz,3,6.000000000003325,37.699111843098414,0.030973117659753815,0.7389955306628707,54.949661148350785,-0.9564195238347549,-0.8186079052854145,-1.0067800437128442,12.67910190908483,12.729378294533081,12.628825523636579,65.73851714300854,197.2155514290256,10000000.0,10.0,0.0205468148020443,3.42446913367405,0.292016064670181,0.004523893421169303,0.17054676405091868,0.15079644737239367,0.7467565394794853,-0.292016064670181,1.0
spectral_peak,D_weak_16mm_10,0.016,10.0,inner_xyz,3,6.000000000003325,37.699111843098414,0.030973117659753815,0.7389955306628707,54.949661148350785,-0.9564195238347549,-0.8186079052854145,-1.0067800437128442,12.67910190908483,12.729378294533081,12.628825523636579,65.73851714300854,197.2155514290256,10000000.0,50.0,0.009188814923693988,1.531469153948998,0.6529677711244994,0.022619467105846513,0.8527338202545933,0.15079644737239367,0.520498761108735,-0.6529677711244994,1.0
spectral_peak,D_weak_16mm_10,0.016,10.0,inner_xyz,3,6.000000000003325,37.699111843098414,0.030973117659753815,0.7389955306628707,54.949661148350785,-0.9564195238347549,-0.8186079052854145,-1.0067800437128442,12.67910190908483,12.729378294533081,12.628825523636579,65.73851714300854,197.2155514290256,10000000.0,100.0,0.006497473343612167,1.082912223935361,0.9234358777167981,0.045238934211693026,1.7054676405091866,0.15079644737239367,0.3971521280093496,-0.9234358777167981,1.0
spectral_peak,D_weak_16mm_10,0.016,10.0,inner_xyz,3,6.000000000003325,37.699111843098414,0.030973117659753815,0.7389955306628707,54.949661148350785,-0.9564195238347549,-0.8186079052854145,-1.0067800437128442,12.67910190908483,12.729378294533081,12.628825523636579,65.73851714300854,197.2155514290256,10000000.0,500.0,0.0029057584156619307,0.48429306927698845,2.064865395436944,0.2261946710584651,8.527338202545932,0.15079644737239367,0.1268353620375076,-2.064865395436944,0.8628458654283107
case_aggregate,D_weak_16mm_10,0.016,10.0,aggregate,1,8.500000000004711,53.40707511105608,0.5630421256111799,0.5630421256111799,54.0296710537425,-0.9564195238347549,-0.8186079052854145,-1.0067800437128442,12.67910190908483,12.729378294533081,12.628825523636579,65.73851714300854,197.2155514290256,6000000.0,100.0,0.00704749933547151,1.174583222578585,0.8513658128069298,0.027143360527015815,1.4496474944328084,0.21362830044422432,0.42683156163880537,-0.8513658128069298,1.0
case_aggregate,D_weak_16mm_10,0.016,10.0,aggregate,2,10.000000000005542,62.831853071830686,0.09509255032062806,0.658134675931808,54.0296710537425,-0.9564195238347549,-0.8186079052854145,-1.0067800437128442,12.67910190908483,12.729378294533081,12.628825523636579,65.73851714300854,197.2155514290256,6000000.0,100.0,0.006497473343612167,1.082912223935361,0.9234358777167981,0.027143360527015815,1.7054676405091864,0.25132741228732275,0.3971521280093496,-0.9234358777167981,1.0
case_aggregate,D_weak_16mm_10,0.016,10.0,aggregate,3,6.000000000003325,37.699111843098414,0.06319170899183474,0.7213263849236426,54.0296710537425,-0.9564195238347549,-0.8186079052854145,-1.0067800437128442,12.67910190908483,12.729378294533081,12.628825523636579,65.73851714300854,197.2155514290256,6000000.0,100.0,0.008388202017412182,1.398033669568697,0.7152903551375175,0.027143360527015815,1.023280584305512,0.15079644737239367,0.4890500929723838,-0.7152903551375175,1.0
spectral_peak,E_5mm_16,0.005,16.0,center,1,3.0000000000016627,18.849555921549207,0.5419597965254769,0.5419597965254769,62.27021306021695,-3.6178975524405117,-4.3598081711315775,-2.9120557510418212,103.79516697655262,112.96443055395223,94.625903399153,117.70738531464306,353.1221559439292,1000000.0,10.0,0.09188814923693987,15.314691539489978,0.06529677711244994,0.0004523893421169302,0.008527338202545932,0.07539822368619684,0.9367894044642531,-0.06529677711244994,1.0
spectral_peak,E_5mm_16,0.005,16.0,center,1,3.0000000000016627,18.849555921549207,0.5419597965254769,0.5419597965254769,62.27021306021695,-3.6178975524405117,-4.3598081711315775,-2.9120557510418212,103.79516697655262,112.96443055395223,94.625903399153,117.70738531464306,353.1221559439292,1000000.0,50.0,0.0410936296040886,6.8489382673481,0.1460080323350905,0.0022619467105846514,0.04263669101272967,0.07539822368619684,0.8641507620082767,-0.1460080323350905,1.0
spectral_peak,E_5mm_16,0.005,16.0,center,1,3.0000000000016627,18.849555921549207,0.5419597965254769,0.5419597965254769,62.27021306021695,-3.6178975524405117,-4.3598081711315775,-2.9120557510418212,103.79516697655262,112.96443055395223,94.625903399153,117.70738531464306,353.1221559439292,1000000.0,100.0,0.02905758415661931,4.842930692769885,0.20648653954369436,0.004523893421169303,0.08527338202545934,0.07539822368619684,0.8134372106193014,-0.20648653954369436,1.0
spectral_peak,E_5mm_16,0.005,16.0,center,1,3.0000000000016627,18.849555921549207,0.5419597965254769,0.5419597965254769,62.27021306021695,-3.6178975524405117,-4.3598081711315775,-2.9120557510418212,103.79516697655262,112.96443055395223,94.625903399153,117.70738531464306,353.1221559439292,1000000.0,500.0,0.012994946687224333,2.165824447870722,0.46171793885839907,0.022619467105846513,0.42636691012729666,0.07539822368619684,0.6302000698265191,-0.46171793885839907,1.0
spectral_peak,E_5mm_16,0.005,16.0,center,1,3.0000000000016627,18.849555921549207,0.5419597965254769,0.5419597965254769,62.27021306021695,-3.6178975524405117,-4.3598081711315775,-2.9120557510418212,103.79516697655262,112.96443055395223,94.625903399153,117.70738531464306,353.1221559439292,3000000.0,10.0,0.053051647697283745,8.841941282880624,0.1130973355292639,0.0013571680263507906,0.025582014607637798,0.07539822368619684,0.8930637290546098,-0.1130973355292639,1.0
spectral_peak,E_5mm_16,0.005,16.0,center,1,3.0000000000016627,18.849555921549207,0.5419597965254769,0.5419597965254769,62.27021306021695,-3.6178975524405117,-4.3598081711315775,-2.9120557510418212,103.79516697655262,112.96443055395223,94.625903399153,117.70738531464306,353.1221559439292,3000000.0,50.0,0.023725418113899326,3.954236352316554,0.25289333031753625,0.006785840131753954,0.127910073038189,0.07539822368619684,0.7765507118237817,-0.25289333031753625,1.0
spectral_peak,E_5mm_16,0.005,16.0,center,1,3.0000000000016627,18.849555921549207,0.5419597965254769,0.5419597965254769,62.27021306021695,-3.6178975524405117,-4.3598081711315775,-2.9120557510418212,103.79516697655262,112.96443055395223,94.625903399153,117.70738531464306,353.1221559439292,3000000.0,100.0,0.016776404034824364,2.796067339137394,0.35764517756875874,0.013571680263507907,0.255820146076378,0.07539822368619684,0.6993211658261058,-0.35764517756875874,1.0
spectral_peak,E_5mm_16,0.005,16.0,center,1,3.0000000000016627,18.849555921549207,0.5419597965254769,0.5419597965254769,62.27021306021695,-3.6178975524405117,-4.3598081711315775,-2.9120557510418212,103.79516697655262,112.96443055395223,94.625903399153,117.70738531464306,353.1221559439292,3000000.0,500.0,0.007502635967973805,1.250439327995634,0.7997189288687275,0.06785840131753954,1.2791007303818898,0.07539822368619684,0.44945527526785695,-0.7997189288687275,1.0
spectral_peak,E_5mm_16,0.005,16.0,center,1,3.0000000000016627,18.849555921549207,0.5419597965254769,0.5419597965254769,62.27021306021695,-3.6178975524405117,-4.3598081711315775,-2.9120557510418212,103.79516697655262,112.96443055395223,94.625903399153,117.70738531464306,353.1221559439292,6000000.0,10.0,0.03751317983986902,6.2521966399781705,0.15994378577374552,0.0027143360527015813,0.051164029215275596,0.07539822368619684,0.8521916929163947,-0.15994378577374552,1.0
spectral_peak,E_5mm_16,0.005,16.0,center,1,3.0000000000016627,18.849555921549207,0.5419597965254769,0.5419597965254769,62.27021306021695,-3.6178975524405117,-4.3598081711315775,-2.9120557510418212,103.79516697655262,112.96443055395223,94.625903399153,117.70738531464306,353.1221559439292,6000000.0,50.0,0.016776404034824364,2.796067339137394,0.35764517756875874,0.013571680263507907,0.255820146076378,0.07539822368619684,0.6993211658261058,-0.35764517756875874,1.0
spectral_peak,E_5mm_16,0.005,16.0,center,1,3.0000000000016627,18.849555921549207,0.5419597965254769,0.5419597965254769,62.27021306021695,-3.6178975524405117,-4.3598081711315775,-2.9120557510418212,103.79516697655262,112.96443055395223,94.625903399153,117.70738531464306,353.1221559439292,6000000.0,100.0,0.011862709056949663,1.977118176158277,0.5057866606350725,0.027143360527015815,0.511640292152756,0.07539822368619684,0.603031008034022,-0.5057866606350725,1.0
spectral_peak,E_5mm_16,0.005,16.0,center,1,3.0000000000016627,18.849555921549207,0.5419597965254769,0.5419597965254769,62.27021306021695,-3.6178975524405117,-4.3598081711315775,-2.9120557510418212,103.79516697655262,112.96443055395223,94.625903399153,117.70738531464306,353.1221559439292,6000000.0,500.0,0.005305164769728374,0.8841941282880623,1.130973355292639,0.13571680263507907,2.5582014607637795,0.07539822368619684,0.3227189832669478,-1.130973355292639,0.9984469274633927
spectral_peak,E_5mm_16,0.005,16.0,center,1,3.0000000000016627,18.849555921549207,0.5419597965254769,0.5419597965254769,62.27021306021695,-3.6178975524405117,-4.3598081711315775,-2.9120557510418212,103.79516697655262,112.96443055395223,94.625903399153,117.70738531464306,353.1221559439292,10000000.0,10.0,0.02905758415661931,4.842930692769885,0.20648653954369436,0.004523893421169303,0.08527338202545934,0.07539822368619684,0.8134372106193014,-0.20648653954369436,1.0
spectral_peak,E_5mm_16,0.005,16.0,center,1,3.0000000000016627,18.849555921549207,0.5419597965254769,0.5419597965254769,62.27021306021695,-3.6178975524405117,-4.3598081711315775,-2.9120557510418212,103.79516697655262,112.96443055395223,94.625903399153,117.70738531464306,353.1221559439292,10000000.0,50.0,0.012994946687224333,2.165824447870722,0.46171793885839907,0.022619467105846513,0.42636691012729666,0.07539822368619684,0.6302000698265191,-0.46171793885839907,1.0
spectral_peak,E_5mm_16,0.005,16.0,center,1,3.0000000000016627,18.849555921549207,0.5419597965254769,0.5419597965254769,62.27021306021695,-3.6178975524405117,-4.3598081711315775,-2.9120557510418212,103.79516697655262,112.96443055395223,94.625903399153,117.70738531464306,353.1221559439292,10000000.0,100.0,0.009188814923693988,1.531469153948998,0.6529677711244994,0.045238934211693026,0.8527338202545933,0.07539822368619684,0.520498761108735,-0.6529677711244994,1.0
spectral_peak,E_5mm_16,0.005,16.0,center,1,3.0000000000016627,18.849555921549207,0.5419597965254769,0.5419597965254769,62.27021306021695,-3.6178975524405117,-4.3598081711315775,-2.9120557510418212,103.79516697655262,112.96443055395223,94.625903399153,117.70738531464306,353.1221559439292,10000000.0,500.0,0.00410936296040886,0.68489382673481,1.4600803233509048,0.2261946710584651,4.263669101272966,0.07539822368619684,0.23221762148312655,-1.4600803233509048,0.9687125092193274
spectral_peak,E_5mm_16,0.005,16.0,center,2,18.75000000001039,117.80972450968254,0.0933632352444292,0.6353230317699061,62.27021306021695,-3.6178975524405117,-4.3598081711315775,-2.9120557510418212,103.79516697655262,112.96443055395223,94.625903399153,117.70738531464306,353.1221559439292,1000000.0,10.0,0.03675525969477595,6.125876615795992,0.16324194278112486,0.0004523893421169302,0.05329586376591207,0.47123889803873015,0.8493856608236071,-0.16324194278112486,1.0
spectral_peak,E_5mm_16,0.005,16.0,center,2,18.75000000001039,117.80972450968254,0.0933632352444292,0.6353230317699061,62.27021306021695,-3.6178975524405117,-4.3598081711315775,-2.9120557510418212,103.79516697655262,112.96443055395223,94.625903399153,117.70738531464306,353.1221559439292,1000000.0,50.0,0.01643745184163544,2.73957530693924,0.3650200808377262,0.0022619467105846514,0.2664793188295604,0.47123889803873015,0.6941827109676455,-0.3650200808377262,1.0
spectral_peak,E_5mm_16,0.005,16.0,center,2,18.75000000001039,117.80972450968254,0.0933632352444292,0.6353230317699061,62.27021306021695,-3.6178975524405117,-4.3598081711315775,-2.9120557510418212,103.79516697655262,112.96443055395223,94.625903399153,117.70738531464306,353.1221559439292,1000000.0,100.0,0.011623033662647723,1.9371722771079538,0.516216348859236,0.004523893421169303,0.5329586376591208,0.47123889803873015,0.596774267274849,-0.516216348859236,1.0
spectral_peak,E_5mm_16,0.005,16.0,center,2,18.75000000001039,117.80972450968254,0.0933632352444292,0.6353230317699061,62.27021306021695,-3.6178975524405117,-4.3598081711315775,-2.9120557510418212,103.79516697655262,112.96443055395223,94.625903399153,117.70738531464306,353.1221559439292,1000000.0,500.0,0.005197978674889734,0.866329779148289,1.1542948471459975,0.022619467105846513,2.664793188295604,0.47123889803873015,0.31527977897284154,-1.1542948471459975,0.9976116168598017
spectral_peak,E_5mm_16,0.005,16.0,center,2,18.75000000001039,117.80972450968254,0.0933632352444292,0.6353230317699061,62.27021306021695,-3.6178975524405117,-4.3598081711315775,-2.9120557510418212,103.79516697655262,112.96443055395223,94.625903399153,117.70738531464306,353.1221559439292,3000000.0,10.0,0.021220659078913497,3.5367765131522493,0.2827433388231598,0.0013571680263507906,0.15988759129773622,0.47123889803873015,0.7537132119564081,-0.2827433388231598,1.0
spectral_peak,E_5mm_16,0.005,16.0,center,2,18.75000000001039,117.80972450968254,0.0933632352444292,0.6353230317699061,62.27021306021695,-3.6178975524405117,-4.3598081711315775,-2.9120557510418212,103.79516697655262,112.96443055395223,94.625903399153,117.70738531464306,353.1221559439292,3000000.0,50.0,0.009490167245559731,1.5816945409266219,0.6322333257938406,0.006785840131753954,0.7994379564886811,0.47123889803873015,0.5314036772276997,-0.6322333257938406,1.0
spectral_peak,E_5mm_16,0.005,16.0,center,2,18.75000000001039,117.80972450968254,0.0933632352444292,0.6353230317699061,62.27021306021695,-3.6178975524405117,-4.3598081711315775,-2.9120557510418212,103.79516697655262,112.96443055395223,94.625903399153,117.70738531464306,353.1221559439292,3000000.0,100.0,0.006710561613929746,1.1184269356549577,0.8941129439218968,0.013571680263507907,1.5988759129773622,0.47123889803873015,0.4089702173025482,-0.8941129439218968,1.0
spectral_peak,E_5mm_16,0.005,16.0,center,2,18.75000000001039,117.80972450968254,0.0933632352444292,0.6353230317699061,62.27021306021695,-3.6178975524405117,-4.3598081711315775,-2.9120557510418212,103.79516697655262,112.96443055395223,94.625903399153,117.70738531464306,353.1221559439292,3000000.0,500.0,0.003001054387189522,0.5001757311982536,1.9992973221718187,0.06785840131753954,7.9943795648868115,0.47123889803873015,0.13543041375865375,-1.9992973221718187,0.875131752081936
spectral_peak,E_5mm_16,0.005,16.0,center,2,18.75000000001039,117.80972450968254,0.0933632352444292,0.6353230317699061,62.27021306021695,-3.6178975524405117,-4.3598081711315775,-2.9120557510418212,103.79516697655262,112.96443055395223,94.625903399153,117.70738531464306,353.1221559439292,6000000.0,10.0,0.01500527193594761,2.500878655991268,0.39985946443436376,0.0027143360527015813,0.31977518259547244,0.47123889803873015,0.6704142564622689,-0.39985946443436376,1.0
spectral_peak,E_5mm_16,0.005,16.0,center,2,18.75000000001039,117.80972450968254,0.0933632352444292,0.6353230317699061,62.27021306021695,-3.6178975524405117,-4.3598081711315775,-2.9120557510418212,103.79516697655262,112.96443055395223,94.625903399153,117.70738531464306,353.1221559439292,6000000.0,50.0,0.006710561613929746,1.1184269356549577,0.8941129439218968,0.013571680263507907,1.5988759129773622,0.47123889803873015,0.4089702173025482,-0.8941129439218968,1.0
spectral_peak,E_5mm_16,0.005,16.0,center,2,18.75000000001039,117.80972450968254,0.0933632352444292,0.6353230317699061,62.27021306021695,-3.6178975524405117,-4.3598081711315775,-2.9120557510418212,103.79516697655262,112.96443055395223,94.625903399153,117.70738531464306,353.1221559439292,6000000.0,100.0,0.004745083622779866,0.7908472704633109,1.2644666515876812,0.027143360527015815,3.1977518259547244,0.47123889803873015,0.28238986817112127,-1.2644666515876812,0.9908506422341639
spectral_peak,E_5mm_16,0.005,16.0,center,2,18.75000000001039,117.80972450968254,0.0933632352444292,0.6353230317699061,62.27021306021695,-3.6178975524405117,-4.3598081711315775,-2.9120557510418212,103.79516697655262,112.96443055395223,94.625903399153,117.70738531464306,353.1221559439292,6000000.0,500.0,0.00212206590789135,0.353677651315225,2.827433388231597,0.13571680263507907,15.988759129773623,0.47123889803873015,0.05916451129403124,-2.827433388231597,0.7300100988002871
spectral_peak,E_5mm_16,0.005,16.0,center,2,18.75000000001039,117.80972450968254,0.0933632352444292,0.6353230317699061,62.27021306021695,-3.6178975524405117,-4.3598081711315775,-2.9120557510418212,103.79516697655262,112.96443055395223,94.625903399153,117.70738531464306,353.1221559439292,10000000.0,10.0,0.011623033662647723,1.9371722771079538,0.516216348859236,0.004523893421169303,0.5329586376591208,0.47123889803873015,0.596774267274849,-0.516216348859236,1.0
spectral_peak,E_5mm_16,0.005,16.0,center,2,18.75000000001039,117.80972450968254,0.0933632352444292,0.6353230317699061,62.27021306021695,-3.6178975524405117,-4.3598081711315775,-2.9120557510418212,103.79516697655262,112.96443055395223,94.625903399153,117.70738531464306,353.1221559439292,10000000.0,50.0,0.005197978674889734,0.866329779148289,1.1542948471459975,0.022619467105846513,2.664793188295604,0.47123889803873015,0.31527977897284154,-1.1542948471459975,0.9976116168598017
spectral_peak,E_5mm_16,0.005,16.0,center,2,18.75000000001039,117.80972450968254,0.0933632352444292,0.6353230317699061,62.27021306021695,-3.6178975524405117,-4.3598081711315775,-2.9120557510418212,103.79516697655262,112.96443055395223,94.625903399153,117.70738531464306,353.1221559439292,10000000.0,100.0,0.0036755259694775952,0.6125876615795992,1.6324194278112485,0.045238934211693026,5.329586376591208,0.47123889803873015,0.1954561096537348,-1.6324194278112485,0.9418539329945664
spectral_peak,E_5mm_16,0.005,16.0,center,2,18.75000000001039,117.80972450968254,0.0933632352444292,0.6353230317699061,62.27021306021695,-3.6178975524405117,-4.3598081711315775,-2.9120557510418212,103.79516697655262,112.96443055395223,94.625903399153,117.70738531464306,353.1221559439292,10000000.0,500.0,0.001643745184163544,0.273957530693924,3.650200808377262,0.2261946710584651,26.647931882956037,0.47123889803873015,0.025985910066360196,-3.650200808377262,0.6172756664156831
spectral_peak,E_5mm_16,0.005,16.0,center,3,34.250000000018986,215.19909677102012,0.008129812416513869,0.64345284418642,62.27021306021695,-3.6178975524405117,-4.3598081711315775,-2.9120557510418212,103.79516697655262,112.96443055395223,94.625903399153,117.70738531464306,353.1221559439292,1000000.0,10.0,0.027195048878799682,4.532508146466614,0.22062839551200045,0.0004523893421169302,0.09735377781239939,0.8607963870840805,0.8020146571680388,-0.22062839551200045,1.0
spectral_peak,E_5mm_16,0.005,16.0,center,3,34.250000000018986,215.19909677102012,0.008129812416513869,0.64345284418642,62.27021306021695,-3.6178975524405117,-4.3598081711315775,-2.9120557510418212,103.79516697655262,112.96443055395223,94.625903399153,117.70738531464306,353.1221559439292,1000000.0,50.0,0.012161995588885104,2.026999264814184,0.49334009013154256,0.0022619467105846514,0.48676888906199706,0.8607963870840805,0.610583580301294,-0.49334009013154256,1.0
spectral_peak,E_5mm_16,0.005,16.0,center,3,34.250000000018986,215.19909677102012,0.008129812416513869,0.64345284418642,62.27021306021695,-3.6178975524405117,-4.3598081711315775,-2.9120557510418212,103.79516697655262,112.96443055395223,94.625903399153,117.70738531464306,353.1221559439292,1000000.0,100.0,0.008599829553661535,1.4333049256102557,0.6976882463263926,0.004523893421169303,0.9735377781239941,0.8607963870840805,0.4977346146416528,-0.6976882463263926,1.0
spectral_peak,E_5mm_16,0.005,16.0,center,3,34.250000000018986,215.19909677102012,0.008129812416513869,0.64345284418642,62.27021306021695,-3.6178975524405117,-4.3598081711315775,-2.9120557510418212,103.79516697655262,112.96443055395223,94.625903399153,117.70738531464306,353.1221559439292,1000000.0,500.0,0.0038459606953797736,0.6409934492299623,1.5600783458884318,0.022619467105846513,4.86768889061997,0.8607963870840805,0.21011960854847395,-1.5600783458884318,0.9537291881444032
spectral_peak,E_5mm_16,0.005,16.0,center,3,34.250000000018986,215.19909677102012,0.008129812416513869,0.64345284418642,62.27021306021695,-3.6178975524405117,-4.3598081711315775,-2.9120557510418212,103.79516697655262,112.96443055395223,94.625903399153,117.70738531464306,353.1221559439292,3000000.0,10.0,0.015701068790800028,2.6168447984666714,0.38213959061918595,0.0013571680263507906,0.2920613334371982,0.8607963870840805,0.682399789947405,-0.38213959061918595,1.0
spectral_peak,E_5mm_16,0.005,16.0,center,3,34.250000000018986,215.19909677102012,0.008129812416513869,0.64345284418642,62.27021306021695,-3.6178975524405117,-4.3598081711315775,-2.9120557510418212,103.79516697655262,112.96443055395223,94.625903399153,117.70738531464306,353.1221559439292,3000000.0,50.0,0.007021731427125856,1.1702885711876427,0.854490101518441,0.006785840131753954,1.460306667185991,0.8607963870840805,0.4255000976310999,-0.854490101518441,1.0
spectral_peak,E_5mm_16,0.005,16.0,center,3,34.250000000018986,215.19909677102012,0.008129812416513869,0.64345284418642,62.27021306021695,-3.6178975524405117,-4.3598081711315775,-2.9120557510418212,103.79516697655262,112.96443055395223,94.625903399153,117.70738531464306,353.1221559439292,3000000.0,100.0,0.0049651139077913865,0.8275189846318978,1.2084314904809421,0.013571680263507907,2.920613334371982,0.8607963870840805,0.2986653717088604,-1.2084314904809421,0.9948687414228502
spectral_peak,E_5mm_16,0.005,16.0,center,3,34.250000000018986,215.19909677102012,0.008129812416513869,0.64345284418642,62.27021306021695,-3.6178975524405117,-4.3598081711315775,-2.9120557510418212,103.79516697655262,112.96443055395223,94.625903399153,117.70738531464306,353.1221559439292,3000000.0,500.0,0.0022204664427702327,0.37007774046170544,2.7021349588667762,0.06785840131753954,14.60306667185991,0.8607963870840805,0.0670621847885113,-2.7021349588667762,0.7500455541458575
spectral_peak,E_5mm_16,0.005,16.0,center,3,34.250000000018986,215.19909677102012,0.008129812416513869,0.64345284418642,62.27021306021695,-3.6178975524405117,-4.3598081711315775,-2.9120557510418212,103.79516697655262,112.96443055395223,94.625903399153,117.70738531464306,353.1221559439292,6000000.0,10.0,0.011102332213851165,1.8503887023085275,0.5404269917733552,0.0027143360527015813,0.5841226668743964,0.8607963870840805,0.5824994767806345,-0.5404269917733552,1.0
spectral_peak,E_5mm_16,0.005,16.0,center,3,34.250000000018986,215.19909677102012,0.008129812416513869,0.64345284418642,62.27021306021695,-3.6178975524405117,-4.3598081711315775,-2.9120557510418212,103.79516697655262,112.96443055395223,94.625903399153,117.70738531464306,353.1221559439292,6000000.0,50.0,0.0049651139077913865,0.8275189846318978,1.2084314904809421,0.013571680263507907,2.920613334371982,0.8607963870840805,0.2986653717088604,-1.2084314904809421,0.9948687414228502
spectral_peak,E_5mm_16,0.005,16.0,center,3,34.250000000018986,215.19909677102012,0.008129812416513869,0.64345284418642,62.27021306021695,-3.6178975524405117,-4.3598081711315775,-2.9120557510418212,103.79516697655262,112.96443055395223,94.625903399153,117.70738531464306,353.1221559439292,6000000.0,100.0,0.003510865713562928,0.5851442855938214,1.708980203036882,0.027143360527015815,5.841226668743964,0.8607963870840805,0.18105033308407556,-1.708980203036882,0.9286011478433673
spectral_peak,E_5mm_16,0.005,16.0,center,3,34.250000000018986,215.19909677102012,0.008129812416513869,0.64345284418642,62.27021306021695,-3.6178975524405117,-4.3598081711315775,-2.9120557510418212,103.79516697655262,112.96443055395223,94.625903399153,117.70738531464306,353.1221559439292,6000000.0,500.0,0.0015701068790800025,0.2616844798466671,3.8213959061918605,0.13571680263507907,29.20613334371982,0.8607963870840805,0.02189721309503543,-3.8213959061918605,0.5975369690831442
spectral_peak,E_5mm_16,0.005,16.0,center,3,34.250000000018986,215.19909677102012,0.008129812416513869,0.64345284418642,62.27021306021695,-3.6178975524405117,-4.3598081711315775,-2.9120557510418212,103.79516697655262,112.96443055395223,94.625903399153,117.70738531464306,353.1221559439292,10000000.0,10.0,0.008599829553661537,1.4333049256102561,0.6976882463263925,0.004523893421169303,0.9735377781239941,0.8607963870840805,0.49773461464165286,-0.6976882463263925,1.0
spectral_peak,E_5mm_16,0.005,16.0,center,3,34.250000000018986,215.19909677102012,0.008129812416513869,0.64345284418642,62.27021306021695,-3.6178975524405117,-4.3598081711315775,-2.9120557510418212,103.79516697655262,112.96443055395223,94.625903399153,117.70738531464306,353.1221559439292,10000000.0,50.0,0.0038459606953797736,0.6409934492299623,1.5600783458884318,0.022619467105846513,4.86768889061997,0.8607963870840805,0.21011960854847395,-1.5600783458884318,0.9537291881444032
spectral_peak,E_5mm_16,0.005,16.0,center,3,34.250000000018986,215.19909677102012,0.008129812416513869,0.64345284418642,62.27021306021695,-3.6178975524405117,-4.3598081711315775,-2.9120557510418212,103.79516697655262,112.96443055395223,94.625903399153,117.70738531464306,353.1221559439292,10000000.0,100.0,0.0027195048878799677,0.4532508146466613,2.206283955120005,0.045238934211693026,9.73537778123994,0.8607963870840805,0.11010905941539796,-2.206283955120005,0.8365577117826102
spectral_peak,E_5mm_16,0.005,16.0,center,3,34.250000000018986,215.19909677102012,0.008129812416513869,0.64345284418642,62.27021306021695,-3.6178975524405117,-4.3598081711315775,-2.9120557510418212,103.79516697655262,112.96443055395223,94.625903399153,117.70738531464306,353.1221559439292,10000000.0,500.0,0.0012161995588885106,0.20269992648141844,4.933400901315425,0.2261946710584651,48.6768889061997,0.8607963870840805,0.007201968400862409,-4.933400901315425,0.4931663834785034
spectral_peak,E_5mm_16,0.005,16.0,+body_x,1,18.75000000001039,117.80972450968254,0.3640882619283482,0.3640882619283482,90.83005662843797,-3.6178975524405117,-4.3598081711315775,-2.9120557510418212,103.79516697655262,112.96443055395223,94.625903399153,117.70738531464306,353.1221559439292,1000000.0,10.0,0.03675525969477595,6.125876615795992,0.16324194278112486,0.0004523893421169302,0.05329586376591207,0.47123889803873015,0.8493856608236071,-0.16324194278112486,1.0
spectral_peak,E_5mm_16,0.005,16.0,+body_x,1,18.75000000001039,117.80972450968254,0.3640882619283482,0.3640882619283482,90.83005662843797,-3.6178975524405117,-4.3598081711315775,-2.9120557510418212,103.79516697655262,112.96443055395223,94.625903399153,117.70738531464306,353.1221559439292,1000000.0,50.0,0.01643745184163544,2.73957530693924,0.3650200808377262,0.0022619467105846514,0.2664793188295604,0.47123889803873015,0.6941827109676455,-0.3650200808377262,1.0
spectral_peak,E_5mm_16,0.005,16.0,+body_x,1,18.75000000001039,117.80972450968254,0.3640882619283482,0.3640882619283482,90.83005662843797,-3.6178975524405117,-4.3598081711315775,-2.9120557510418212,103.79516697655262,112.96443055395223,94.625903399153,117.70738531464306,353.1221559439292,1000000.0,100.0,0.011623033662647723,1.9371722771079538,0.516216348859236,0.004523893421169303,0.5329586376591208,0.47123889803873015,0.596774267274849,-0.516216348859236,1.0
spectral_peak,E_5mm_16,0.005,16.0,+body_x,1,18.75000000001039,117.80972450968254,0.3640882619283482,0.3640882619283482,90.83005662843797,-3.6178975524405117,-4.3598081711315775,-2.9120557510418212,103.79516697655262,112.96443055395223,94.625903399153,117.70738531464306,353.1221559439292,1000000.0,500.0,0.005197978674889734,0.866329779148289,1.1542948471459975,0.022619467105846513,2.664793188295604,0.47123889803873015,0.31527977897284154,-1.1542948471459975,0.9976116168598017
spectral_peak,E_5mm_16,0.005,16.0,+body_x,1,18.75000000001039,117.80972450968254,0.3640882619283482,0.3640882619283482,90.83005662843797,-3.6178975524405117,-4.3598081711315775,-2.9120557510418212,103.79516697655262,112.96443055395223,94.625903399153,117.70738531464306,353.1221559439292,3000000.0,10.0,0.021220659078913497,3.5367765131522493,0.2827433388231598,0.0013571680263507906,0.15988759129773622,0.47123889803873015,0.7537132119564081,-0.2827433388231598,1.0
spectral_peak,E_5mm_16,0.005,16.0,+body_x,1,18.75000000001039,117.80972450968254,0.3640882619283482,0.3640882619283482,90.83005662843797,-3.6178975524405117,-4.3598081711315775,-2.9120557510418212,103.79516697655262,112.96443055395223,94.625903399153,117.70738531464306,353.1221559439292,3000000.0,50.0,0.009490167245559731,1.5816945409266219,0.6322333257938406,0.006785840131753954,0.7994379564886811,0.47123889803873015,0.5314036772276997,-0.6322333257938406,1.0
spectral_peak,E_5mm_16,0.005,16.0,+body_x,1,18.75000000001039,117.80972450968254,0.3640882619283482,0.3640882619283482,90.83005662843797,-3.6178975524405117,-4.3598081711315775,-2.9120557510418212,103.79516697655262,112.96443055395223,94.625903399153,117.70738531464306,353.1221559439292,3000000.0,100.0,0.006710561613929746,1.1184269356549577,0.8941129439218968,0.013571680263507907,1.5988759129773622,0.47123889803873015,0.4089702173025482,-0.8941129439218968,1.0
spectral_peak,E_5mm_16,0.005,16.0,+body_x,1,18.75000000001039,117.80972450968254,0.3640882619283482,0.3640882619283482,90.83005662843797,-3.6178975524405117,-4.3598081711315775,-2.9120557510418212,103.79516697655262,112.96443055395223,94.625903399153,117.70738531464306,353.1221559439292,3000000.0,500.0,0.003001054387189522,0.5001757311982536,1.9992973221718187,0.06785840131753954,7.9943795648868115,0.47123889803873015,0.13543041375865375,-1.9992973221718187,0.875131752081936
spectral_peak,E_5mm_16,0.005,16.0,+body_x,1,18.75000000001039,117.80972450968254,0.3640882619283482,0.3640882619283482,90.83005662843797,-3.6178975524405117,-4.3598081711315775,-2.9120557510418212,103.79516697655262,112.96443055395223,94.625903399153,117.70738531464306,353.1221559439292,6000000.0,10.0,0.01500527193594761,2.500878655991268,0.39985946443436376,0.0027143360527015813,0.31977518259547244,0.47123889803873015,0.6704142564622689,-0.39985946443436376,1.0
spectral_peak,E_5mm_16,0.005,16.0,+body_x,1,18.75000000001039,117.80972450968254,0.3640882619283482,0.3640882619283482,90.83005662843797,-3.6178975524405117,-4.3598081711315775,-2.9120557510418212,103.79516697655262,112.96443055395223,94.625903399153,117.70738531464306,353.1221559439292,6000000.0,50.0,0.006710561613929746,1.1184269356549577,0.8941129439218968,0.013571680263507907,1.5988759129773622,0.47123889803873015,0.4089702173025482,-0.8941129439218968,1.0
spectral_peak,E_5mm_16,0.005,16.0,+body_x,1,18.75000000001039,117.80972450968254,0.3640882619283482,0.3640882619283482,90.83005662843797,-3.6178975524405117,-4.3598081711315775,-2.9120557510418212,103.79516697655262,112.96443055395223,94.625903399153,117.70738531464306,353.1221559439292,6000000.0,100.0,0.004745083622779866,0.7908472704633109,1.2644666515876812,0.027143360527015815,3.1977518259547244,0.47123889803873015,0.28238986817112127,-1.2644666515876812,0.9908506422341639
spectral_peak,E_5mm_16,0.005,16.0,+body_x,1,18.75000000001039,117.80972450968254,0.3640882619283482,0.3640882619283482,90.83005662843797,-3.6178975524405117,-4.3598081711315775,-2.9120557510418212,103.79516697655262,112.96443055395223,94.625903399153,117.70738531464306,353.1221559439292,6000000.0,500.0,0.00212206590789135,0.353677651315225,2.827433388231597,0.13571680263507907,15.988759129773623,0.47123889803873015,0.05916451129403124,-2.827433388231597,0.7300100988002871
spectral_peak,E_5mm_16,0.005,16.0,+body_x,1,18.75000000001039,117.80972450968254,0.3640882619283482,0.3640882619283482,90.83005662843797,-3.6178975524405117,-4.3598081711315775,-2.9120557510418212,103.79516697655262,112.96443055395223,94.625903399153,117.70738531464306,353.1221559439292,10000000.0,10.0,0.011623033662647723,1.9371722771079538,0.516216348859236,0.004523893421169303,0.5329586376591208,0.47123889803873015,0.596774267274849,-0.516216348859236,1.0
spectral_peak,E_5mm_16,0.005,16.0,+body_x,1,18.75000000001039,117.80972450968254,0.3640882619283482,0.3640882619283482,90.83005662843797,-3.6178975524405117,-4.3598081711315775,-2.9120557510418212,103.79516697655262,112.96443055395223,94.625903399153,117.70738531464306,353.1221559439292,10000000.0,50.0,0.005197978674889734,0.866329779148289,1.1542948471459975,0.022619467105846513,2.664793188295604,0.47123889803873015,0.31527977897284154,-1.1542948471459975,0.9976116168598017
spectral_peak,E_5mm_16,0.005,16.0,+body_x,1,18.75000000001039,117.80972450968254,0.3640882619283482,0.3640882619283482,90.83005662843797,-3.6178975524405117,-4.3598081711315775,-2.9120557510418212,103.79516697655262,112.96443055395223,94.625903399153,117.70738531464306,353.1221559439292,10000000.0,100.0,0.0036755259694775952,0.6125876615795992,1.6324194278112485,0.045238934211693026,5.329586376591208,0.47123889803873015,0.1954561096537348,-1.6324194278112485,0.9418539329945664
spectral_peak,E_5mm_16,0.005,16.0,+body_x,1,18.75000000001039,117.80972450968254,0.3640882619283482,0.3640882619283482,90.83005662843797,-3.6178975524405117,-4.3598081711315775,-2.9120557510418212,103.79516697655262,112.96443055395223,94.625903399153,117.70738531464306,353.1221559439292,10000000.0,500.0,0.001643745184163544,0.273957530693924,3.650200808377262,0.2261946710584651,26.647931882956037,0.47123889803873015,0.025985910066360196,-3.650200808377262,0.6172756664156831
spectral_peak,E_5mm_16,0.005,16.0,+body_x,2,3.0000000000016627,18.849555921549207,0.28646136082840346,0.6505496227567517,90.83005662843797,-3.6178975524405117,-4.3598081711315775,-2.9120557510418212,103.79516697655262,112.96443055395223,94.625903399153,117.70738531464306,353.1221559439292,1000000.0,10.0,0.09188814923693987,15.314691539489978,0.06529677711244994,0.0004523893421169302,0.008527338202545932,0.07539822368619684,0.9367894044642531,-0.06529677711244994,1.0
spectral_peak,E_5mm_16,0.005,16.0,+body_x,2,3.0000000000016627,18.849555921549207,0.28646136082840346,0.6505496227567517,90.83005662843797,-3.6178975524405117,-4.3598081711315775,-2.9120557510418212,103.79516697655262,112.96443055395223,94.625903399153,117.70738531464306,353.1221559439292,1000000.0,50.0,0.0410936296040886,6.8489382673481,0.1460080323350905,0.0022619467105846514,0.04263669101272967,0.07539822368619684,0.8641507620082767,-0.1460080323350905,1.0
spectral_peak,E_5mm_16,0.005,16.0,+body_x,2,3.0000000000016627,18.849555921549207,0.28646136082840346,0.6505496227567517,90.83005662843797,-3.6178975524405117,-4.3598081711315775,-2.9120557510418212,103.79516697655262,112.96443055395223,94.625903399153,117.70738531464306,353.1221559439292,1000000.0,100.0,0.02905758415661931,4.842930692769885,0.20648653954369436,0.004523893421169303,0.08527338202545934,0.07539822368619684,0.8134372106193014,-0.20648653954369436,1.0
spectral_peak,E_5mm_16,0.005,16.0,+body_x,2,3.0000000000016627,18.849555921549207,0.28646136082840346,0.6505496227567517,90.83005662843797,-3.6178975524405117,-4.3598081711315775,-2.9120557510418212,103.79516697655262,112.96443055395223,94.625903399153,117.70738531464306,353.1221559439292,1000000.0,500.0,0.012994946687224333,2.165824447870722,0.46171793885839907,0.022619467105846513,0.42636691012729666,0.07539822368619684,0.6302000698265191,-0.46171793885839907,1.0
spectral_peak,E_5mm_16,0.005,16.0,+body_x,2,3.0000000000016627,18.849555921549207,0.28646136082840346,0.6505496227567517,90.83005662843797,-3.6178975524405117,-4.3598081711315775,-2.9120557510418212,103.79516697655262,112.96443055395223,94.625903399153,117.70738531464306,353.1221559439292,3000000.0,10.0,0.053051647697283745,8.841941282880624,0.1130973355292639,0.0013571680263507906,0.025582014607637798,0.07539822368619684,0.8930637290546098,-0.1130973355292639,1.0
spectral_peak,E_5mm_16,0.005,16.0,+body_x,2,3.0000000000016627,18.849555921549207,0.28646136082840346,0.6505496227567517,90.83005662843797,-3.6178975524405117,-4.3598081711315775,-2.9120557510418212,103.79516697655262,112.96443055395223,94.625903399153,117.70738531464306,353.1221559439292,3000000.0,50.0,0.023725418113899326,3.954236352316554,0.25289333031753625,0.006785840131753954,0.127910073038189,0.07539822368619684,0.7765507118237817,-0.25289333031753625,1.0
spectral_peak,E_5mm_16,0.005,16.0,+body_x,2,3.0000000000016627,18.849555921549207,0.28646136082840346,0.6505496227567517,90.83005662843797,-3.6178975524405117,-4.3598081711315775,-2.9120557510418212,103.79516697655262,112.96443055395223,94.625903399153,117.70738531464306,353.1221559439292,3000000.0,100.0,0.016776404034824364,2.796067339137394,0.35764517756875874,0.013571680263507907,0.255820146076378,0.07539822368619684,0.6993211658261058,-0.35764517756875874,1.0
spectral_peak,E_5mm_16,0.005,16.0,+body_x,2,3.0000000000016627,18.849555921549207,0.28646136082840346,0.6505496227567517,90.83005662843797,-3.6178975524405117,-4.3598081711315775,-2.9120557510418212,103.79516697655262,112.96443055395223,94.625903399153,117.70738531464306,353.1221559439292,3000000.0,500.0,0.007502635967973805,1.250439327995634,0.7997189288687275,0.06785840131753954,1.2791007303818898,0.07539822368619684,0.44945527526785695,-0.7997189288687275,1.0
spectral_peak,E_5mm_16,0.005,16.0,+body_x,2,3.0000000000016627,18.849555921549207,0.28646136082840346,0.6505496227567517,90.83005662843797,-3.6178975524405117,-4.3598081711315775,-2.9120557510418212,103.79516697655262,112.96443055395223,94.625903399153,117.70738531464306,353.1221559439292,6000000.0,10.0,0.03751317983986902,6.2521966399781705,0.15994378577374552,0.0027143360527015813,0.051164029215275596,0.07539822368619684,0.8521916929163947,-0.15994378577374552,1.0
spectral_peak,E_5mm_16,0.005,16.0,+body_x,2,3.0000000000016627,18.849555921549207,0.28646136082840346,0.6505496227567517,90.83005662843797,-3.6178975524405117,-4.3598081711315775,-2.9120557510418212,103.79516697655262,112.96443055395223,94.625903399153,117.70738531464306,353.1221559439292,6000000.0,50.0,0.016776404034824364,2.796067339137394,0.35764517756875874,0.013571680263507907,0.255820146076378,0.07539822368619684,0.6993211658261058,-0.35764517756875874,1.0
spectral_peak,E_5mm_16,0.005,16.0,+body_x,2,3.0000000000016627,18.849555921549207,0.28646136082840346,0.6505496227567517,90.83005662843797,-3.6178975524405117,-4.3598081711315775,-2.9120557510418212,103.79516697655262,112.96443055395223,94.625903399153,117.70738531464306,353.1221559439292,6000000.0,100.0,0.011862709056949663,1.977118176158277,0.5057866606350725,0.027143360527015815,0.511640292152756,0.07539822368619684,0.603031008034022,-0.5057866606350725,1.0
spectral_peak,E_5mm_16,0.005,16.0,+body_x,2,3.0000000000016627,18.849555921549207,0.28646136082840346,0.6505496227567517,90.83005662843797,-3.6178975524405117,-4.3598081711315775,-2.9120557510418212,103.79516697655262,112.96443055395223,94.625903399153,117.70738531464306,353.1221559439292,6000000.0,500.0,0.005305164769728374,0.8841941282880623,1.130973355292639,0.13571680263507907,2.5582014607637795,0.07539822368619684,0.3227189832669478,-1.130973355292639,0.9984469274633927
spectral_peak,E_5mm_16,0.005,16.0,+body_x,2,3.0000000000016627,18.849555921549207,0.28646136082840346,0.6505496227567517,90.83005662843797,-3.6178975524405117,-4.3598081711315775,-2.9120557510418212,103.79516697655262,112.96443055395223,94.625903399153,117.70738531464306,353.1221559439292,10000000.0,10.0,0.02905758415661931,4.842930692769885,0.20648653954369436,0.004523893421169303,0.08527338202545934,0.07539822368619684,0.8134372106193014,-0.20648653954369436,1.0
spectral_peak,E_5mm_16,0.005,16.0,+body_x,2,3.0000000000016627,18.849555921549207,0.28646136082840346,0.6505496227567517,90.83005662843797,-3.6178975524405117,-4.3598081711315775,-2.9120557510418212,103.79516697655262,112.96443055395223,94.625903399153,117.70738531464306,353.1221559439292,10000000.0,50.0,0.012994946687224333,2.165824447870722,0.46171793885839907,0.022619467105846513,0.42636691012729666,0.07539822368619684,0.6302000698265191,-0.46171793885839907,1.0
spectral_peak,E_5mm_16,0.005,16.0,+body_x,2,3.0000000000016627,18.849555921549207,0.28646136082840346,0.6505496227567517,90.83005662843797,-3.6178975524405117,-4.3598081711315775,-2.9120557510418212,103.79516697655262,112.96443055395223,94.625903399153,117.70738531464306,353.1221559439292,10000000.0,100.0,0.009188814923693988,1.531469153948998,0.6529677711244994,0.045238934211693026,0.8527338202545933,0.07539822368619684,0.520498761108735,-0.6529677711244994,1.0
spectral_peak,E_5mm_16,0.005,16.0,+body_x,2,3.0000000000016627,18.849555921549207,0.28646136082840346,0.6505496227567517,90.83005662843797,-3.6178975524405117,-4.3598081711315775,-2.9120557510418212,103.79516697655262,112.96443055395223,94.625903399153,117.70738531464306,353.1221559439292,10000000.0,500.0,0.00410936296040886,0.68489382673481,1.4600803233509048,0.2261946710584651,4.263669101272966,0.07539822368619684,0.23221762148312655,-1.4600803233509048,0.9687125092193274
spectral_peak,E_5mm_16,0.005,16.0,+body_x,3,12.500000000006928,78.53981633978836,0.0019768734544568494,0.6525264962112085,90.83005662843797,-3.6178975524405117,-4.3598081711315775,-2.9120557510418212,103.79516697655262,112.96443055395223,94.625903399153,117.70738531464306,353.1221559439292,1000000.0,10.0,0.04501581580784283,7.502635967973805,0.13328648814478794,0.0004523893421169302,0.035530575843941384,0.31415926535915345,0.8752143176623745,-0.13328648814478794,1.0
spectral_peak,E_5mm_16,0.005,16.0,+body_x,3,12.500000000006928,78.53981633978836,0.0019768734544568494,0.6525264962112085,90.83005662843797,-3.6178975524405117,-4.3598081711315775,-2.9120557510418212,103.79516697655262,112.96443055395223,94.625903399153,117.70738531464306,353.1221559439292,1000000.0,50.0,0.020131684841789236,3.3552808069648727,0.29803764797396565,0.0022619467105846514,0.17765287921970693,0.31415926535915345,0.7422733941323121,-0.29803764797396565,1.0
spectral_peak,E_5mm_16,0.005,16.0,+body_x,3,12.500000000006928,78.53981633978836,0.0019768734544568494,0.6525264962112085,90.83005662843797,-3.6178975524405117,-4.3598081711315775,-2.9120557510418212,103.79516697655262,112.96443055395223,94.625903399153,117.70738531464306,353.1221559439292,1000000.0,100.0,0.014235250868339598,2.372541811389933,0.42148888386256034,0.004523893421169303,0.35530575843941387,0.31415926535915345,0.6560692813093226,-0.42148888386256034,1.0
spectral_peak,E_5mm_16,0.005,16.0,+body_x,3,12.500000000006928,78.53981633978836,0.0019768734544568494,0.6525264962112085,90.83005662843797,-3.6178975524405117,-4.3598081711315775,-2.9120557510418212,103.79516697655262,112.96443055395223,94.625903399153,117.70738531464306,353.1221559439292,1000000.0,500.0,0.00636619772367405,1.0610329539456749,0.9424777960771991,0.022619467105846513,1.7765287921970692,0.31415926535915345,0.38966113737524505,-0.9424777960771991,1.0
spectral_peak,E_5mm_16,0.005,16.0,+body_x,3,12.500000000006928,78.53981633978836,0.0019768734544568494,0.6525264962112085,90.83005662843797,-3.6178975524405117,-4.3598081711315775,-2.9120557510418212,103.79516697655262,112.96443055395223,94.625903399153,117.70738531464306,353.1221559439292,3000000.0,10.0,0.025989893374448667,4.331648895741444,0.23085896942919953,0.0013571680263507906,0.10659172753182415,0.31415926535915345,0.7938514154591646,-0.23085896942919953,1.0
spectral_peak,E_5mm_16,0.005,16.0,+body_x,3,12.500000000006928,78.53981633978836,0.0019768734544568494,0.6525264962112085,90.83005662843797,-3.6178975524405117,-4.3598081711315775,-2.9120557510418212,103.79516697655262,112.96443055395223,94.625903399153,117.70738531464306,353.1221559439292,3000000.0,50.0,0.011623033662647723,1.9371722771079538,0.516216348859236,0.006785840131753954,0.5329586376591208,0.31415926535915345,0.596774267274849,-0.516216348859236,1.0
spectral_peak,E_5mm_16,0.005,16.0,+body_x,3,12.500000000006928,78.53981633978836,0.0019768734544568494,0.6525264962112085,90.83005662843797,-3.6178975524405117,-4.3598081711315775,-2.9120557510418212,103.79516697655262,112.96443055395223,94.625903399153,117.70738531464306,353.1221559439292,3000000.0,100.0,0.00821872592081772,1.36978765346962,0.7300401616754524,0.013571680263507907,1.0659172753182415,0.31415926535915345,0.48188963620638964,-0.7300401616754524,1.0
spectral_peak,E_5mm_16,0.005,16.0,+body_x,3,12.500000000006928,78.53981633978836,0.0019768734544568494,0.6525264962112085,90.83005662843797,-3.6178975524405117,-4.3598081711315775,-2.9120557510418212,103.79516697655262,112.96443055395223,94.625903399153,117.70738531464306,353.1221559439292,3000000.0,500.0,0.0036755259694775952,0.6125876615795992,1.6324194278112485,0.06785840131753954,5.329586376591208,0.31415926535915345,0.1954561096537348,-1.6324194278112485,0.9418539329945664
spectral_peak,E_5mm_16,0.005,16.0,+body_x,3,12.500000000006928,78.53981633978836,0.0019768734544568494,0.6525264962112085,90.83005662843797,-3.6178975524405117,-4.3598081711315775,-2.9120557510418212,103.79516697655262,112.96443055395223,94.625903399153,117.70738531464306,353.1221559439292,6000000.0,10.0,0.018377629847387975,3.062938307897996,0.3264838855622497,0.0027143360527015813,0.2131834550636483,0.31415926535915345,0.7214560008127557,-0.3264838855622497,1.0
spectral_peak,E_5mm_16,0.005,16.0,+body_x,3,12.500000000006928,78.53981633978836,0.0019768734544568494,0.6525264962112085,90.83005662843797,-3.6178975524405117,-4.3598081711315775,-2.9120557510418212,103.79516697655262,112.96443055395223,94.625903399153,117.70738531464306,353.1221559439292,6000000.0,50.0,0.00821872592081772,1.36978765346962,0.7300401616754524,0.013571680263507907,1.0659172753182415,0.31415926535915345,0.48188963620638964,-0.7300401616754524,1.0
spectral_peak,E_5mm_16,0.005,16.0,+body_x,3,12.500000000006928,78.53981633978836,0.0019768734544568494,0.6525264962112085,90.83005662843797,-3.6178975524405117,-4.3598081711315775,-2.9120557510418212,103.79516697655262,112.96443055395223,94.625903399153,117.70738531464306,353.1221559439292,6000000.0,100.0,0.005811516831323861,0.9685861385539769,1.032432697718472,0.027143360527015815,2.131834550636483,0.31415926535915345,0.35613952608143284,-1.032432697718472,0.9999689998374038
spectral_peak,E_5mm_16,0.005,16.0,+body_x,3,12.500000000006928,78.53981633978836,0.0019768734544568494,0.6525264962112085,90.83005662843797,-3.6178975524405117,-4.3598081711315775,-2.9120557510418212,103.79516697655262,112.96443055395223,94.625903399153,117.70738531464306,353.1221559439292,6000000.0,500.0,0.002598989337444867,0.4331648895741445,2.308589694291995,0.13571680263507907,10.659172753182416,0.31415926535915345,0.09940133902916383,-2.308589694291995,0.8178747213096291
spectral_peak,E_5mm_16,0.005,16.0,+body_x,3,12.500000000006928,78.53981633978836,0.0019768734544568494,0.6525264962112085,90.83005662843797,-3.6178975524405117,-4.3598081711315775,-2.9120557510418212,103.79516697655262,112.96443055395223,94.625903399153,117.70738531464306,353.1221559439292,10000000.0,10.0,0.014235250868339598,2.372541811389933,0.42148888386256034,0.004523893421169303,0.35530575843941387,0.31415926535915345,0.6560692813093226,-0.42148888386256034,1.0
spectral_peak,E_5mm_16,0.005,16.0,+body_x,3,12.500000000006928,78.53981633978836,0.0019768734544568494,0.6525264962112085,90.83005662843797,-3.6178975524405117,-4.3598081711315775,-2.9120557510418212,103.79516697655262,112.96443055395223,94.625903399153,117.70738531464306,353.1221559439292,10000000.0,50.0,0.00636619772367405,1.0610329539456749,0.9424777960771991,0.022619467105846513,1.7765287921970692,0.31415926535915345,0.38966113737524505,-0.9424777960771991,1.0
spectral_peak,E_5mm_16,0.005,16.0,+body_x,3,12.500000000006928,78.53981633978836,0.0019768734544568494,0.6525264962112085,90.83005662843797,-3.6178975524405117,-4.3598081711315775,-2.9120557510418212,103.79516697655262,112.96443055395223,94.625903399153,117.70738531464306,353.1221559439292,10000000.0,100.0,0.004501581580784284,0.7502635967973806,1.332864881447879,0.045238934211693026,3.5530575843941383,0.31415926535915345,0.26372064961941716,-1.332864881447879,0.9844243723053707
spectral_peak,E_5mm_16,0.005,16.0,+body_x,3,12.500000000006928,78.53981633978836,0.0019768734544568494,0.6525264962112085,90.83005662843797,-3.6178975524405117,-4.3598081711315775,-2.9120557510418212,103.79516697655262,112.96443055395223,94.625903399153,117.70738531464306,353.1221559439292,10000000.0,500.0,0.0020131684841789236,0.33552808069648726,2.980376479739656,0.2261946710584651,17.765287921970693,0.31415926535915345,0.05077371499118877,-2.980376479739656,0.7066204102611799
spectral_peak,E_5mm_16,0.005,16.0,-body_x,1,3.0000000000016627,18.849555921549207,0.6026681882735504,0.6026681882735504,47.31321353737079,-3.6178975524405117,-4.3598081711315775,-2.9120557510418212,103.79516697655262,112.96443055395223,94.625903399153,117.70738531464306,353.1221559439292,1000000.0,10.0,0.09188814923693987,15.314691539489978,0.06529677711244994,0.0004523893421169302,0.008527338202545932,0.07539822368619684,0.9367894044642531,-0.06529677711244994,1.0
spectral_peak,E_5mm_16,0.005,16.0,-body_x,1,3.0000000000016627,18.849555921549207,0.6026681882735504,0.6026681882735504,47.31321353737079,-3.6178975524405117,-4.3598081711315775,-2.9120557510418212,103.79516697655262,112.96443055395223,94.625903399153,117.70738531464306,353.1221559439292,1000000.0,50.0,0.0410936296040886,6.8489382673481,0.1460080323350905,0.0022619467105846514,0.04263669101272967,0.07539822368619684,0.8641507620082767,-0.1460080323350905,1.0
spectral_peak,E_5mm_16,0.005,16.0,-body_x,1,3.0000000000016627,18.849555921549207,0.6026681882735504,0.6026681882735504,47.31321353737079,-3.6178975524405117,-4.3598081711315775,-2.9120557510418212,103.79516697655262,112.96443055395223,94.625903399153,117.70738531464306,353.1221559439292,1000000.0,100.0,0.02905758415661931,4.842930692769885,0.20648653954369436,0.004523893421169303,0.08527338202545934,0.07539822368619684,0.8134372106193014,-0.20648653954369436,1.0
spectral_peak,E_5mm_16,0.005,16.0,-body_x,1,3.0000000000016627,18.849555921549207,0.6026681882735504,0.6026681882735504,47.31321353737079,-3.6178975524405117,-4.3598081711315775,-2.9120557510418212,103.79516697655262,112.96443055395223,94.625903399153,117.70738531464306,353.1221559439292,1000000.0,500.0,0.012994946687224333,2.165824447870722,0.46171793885839907,0.022619467105846513,0.42636691012729666,0.07539822368619684,0.6302000698265191,-0.46171793885839907,1.0
spectral_peak,E_5mm_16,0.005,16.0,-body_x,1,3.0000000000016627,18.849555921549207,0.6026681882735504,0.6026681882735504,47.31321353737079,-3.6178975524405117,-4.3598081711315775,-2.9120557510418212,103.79516697655262,112.96443055395223,94.625903399153,117.70738531464306,353.1221559439292,3000000.0,10.0,0.053051647697283745,8.841941282880624,0.1130973355292639,0.0013571680263507906,0.025582014607637798,0.07539822368619684,0.8930637290546098,-0.1130973355292639,1.0
spectral_peak,E_5mm_16,0.005,16.0,-body_x,1,3.0000000000016627,18.849555921549207,0.6026681882735504,0.6026681882735504,47.31321353737079,-3.6178975524405117,-4.3598081711315775,-2.9120557510418212,103.79516697655262,112.96443055395223,94.625903399153,117.70738531464306,353.1221559439292,3000000.0,50.0,0.023725418113899326,3.954236352316554,0.25289333031753625,0.006785840131753954,0.127910073038189,0.07539822368619684,0.7765507118237817,-0.25289333031753625,1.0
spectral_peak,E_5mm_16,0.005,16.0,-body_x,1,3.0000000000016627,18.849555921549207,0.6026681882735504,0.6026681882735504,47.31321353737079,-3.6178975524405117,-4.3598081711315775,-2.9120557510418212,103.79516697655262,112.96443055395223,94.625903399153,117.70738531464306,353.1221559439292,3000000.0,100.0,0.016776404034824364,2.796067339137394,0.35764517756875874,0.013571680263507907,0.255820146076378,0.07539822368619684,0.6993211658261058,-0.35764517756875874,1.0
spectral_peak,E_5mm_16,0.005,16.0,-body_x,1,3.0000000000016627,18.849555921549207,0.6026681882735504,0.6026681882735504,47.31321353737079,-3.6178975524405117,-4.3598081711315775,-2.9120557510418212,103.79516697655262,112.96443055395223,94.625903399153,117.70738531464306,353.1221559439292,3000000.0,500.0,0.007502635967973805,1.250439327995634,0.7997189288687275,0.06785840131753954,1.2791007303818898,0.07539822368619684,0.44945527526785695,-0.7997189288687275,1.0
spectral_peak,E_5mm_16,0.005,16.0,-body_x,1,3.0000000000016627,18.849555921549207,0.6026681882735504,0.6026681882735504,47.31321353737079,-3.6178975524405117,-4.3598081711315775,-2.9120557510418212,103.79516697655262,112.96443055395223,94.625903399153,117.70738531464306,353.1221559439292,6000000.0,10.0,0.03751317983986902,6.2521966399781705,0.15994378577374552,0.0027143360527015813,0.051164029215275596,0.07539822368619684,0.8521916929163947,-0.15994378577374552,1.0
spectral_peak,E_5mm_16,0.005,16.0,-body_x,1,3.0000000000016627,18.849555921549207,0.6026681882735504,0.6026681882735504,47.31321353737079,-3.6178975524405117,-4.3598081711315775,-2.9120557510418212,103.79516697655262,112.96443055395223,94.625903399153,117.70738531464306,353.1221559439292,6000000.0,50.0,0.016776404034824364,2.796067339137394,0.35764517756875874,0.013571680263507907,0.255820146076378,0.07539822368619684,0.6993211658261058,-0.35764517756875874,1.0
spectral_peak,E_5mm_16,0.005,16.0,-body_x,1,3.0000000000016627,18.849555921549207,0.6026681882735504,0.6026681882735504,47.31321353737079,-3.6178975524405117,-4.3598081711315775,-2.9120557510418212,103.79516697655262,112.96443055395223,94.625903399153,117.70738531464306,353.1221559439292,6000000.0,100.0,0.011862709056949663,1.977118176158277,0.5057866606350725,0.027143360527015815,0.511640292152756,0.07539822368619684,0.603031008034022,-0.5057866606350725,1.0
spectral_peak,E_5mm_16,0.005,16.0,-body_x,1,3.0000000000016627,18.849555921549207,0.6026681882735504,0.6026681882735504,47.31321353737079,-3.6178975524405117,-4.3598081711315775,-2.9120557510418212,103.79516697655262,112.96443055395223,94.625903399153,117.70738531464306,353.1221559439292,6000000.0,500.0,0.005305164769728374,0.8841941282880623,1.130973355292639,0.13571680263507907,2.5582014607637795,0.07539822368619684,0.3227189832669478,-1.130973355292639,0.9984469274633927
spectral_peak,E_5mm_16,0.005,16.0,-body_x,1,3.0000000000016627,18.849555921549207,0.6026681882735504,0.6026681882735504,47.31321353737079,-3.6178975524405117,-4.3598081711315775,-2.9120557510418212,103.79516697655262,112.96443055395223,94.625903399153,117.70738531464306,353.1221559439292,10000000.0,10.0,0.02905758415661931,4.842930692769885,0.20648653954369436,0.004523893421169303,0.08527338202545934,0.07539822368619684,0.8134372106193014,-0.20648653954369436,1.0
spectral_peak,E_5mm_16,0.005,16.0,-body_x,1,3.0000000000016627,18.849555921549207,0.6026681882735504,0.6026681882735504,47.31321353737079,-3.6178975524405117,-4.3598081711315775,-2.9120557510418212,103.79516697655262,112.96443055395223,94.625903399153,117.70738531464306,353.1221559439292,10000000.0,50.0,0.012994946687224333,2.165824447870722,0.46171793885839907,0.022619467105846513,0.42636691012729666,0.07539822368619684,0.6302000698265191,-0.46171793885839907,1.0
spectral_peak,E_5mm_16,0.005,16.0,-body_x,1,3.0000000000016627,18.849555921549207,0.6026681882735504,0.6026681882735504,47.31321353737079,-3.6178975524405117,-4.3598081711315775,-2.9120557510418212,103.79516697655262,112.96443055395223,94.625903399153,117.70738531464306,353.1221559439292,10000000.0,100.0,0.009188814923693988,1.531469153948998,0.6529677711244994,0.045238934211693026,0.8527338202545933,0.07539822368619684,0.520498761108735,-0.6529677711244994,1.0
spectral_peak,E_5mm_16,0.005,16.0,-body_x,1,3.0000000000016627,18.849555921549207,0.6026681882735504,0.6026681882735504,47.31321353737079,-3.6178975524405117,-4.3598081711315775,-2.9120557510418212,103.79516697655262,112.96443055395223,94.625903399153,117.70738531464306,353.1221559439292,10000000.0,500.0,0.00410936296040886,0.68489382673481,1.4600803233509048,0.2261946710584651,4.263669101272966,0.07539822368619684,0.23221762148312655,-1.4600803233509048,0.9687125092193274
spectral_peak,E_5mm_16,0.005,16.0,-body_x,2,34.50000000001912,216.76989309781587,0.008504632671079483,0.6111728209446299,47.31321353737079,-3.6178975524405117,-4.3598081711315775,-2.9120557510418212,103.79516697655262,112.96443055395223,94.625903399153,117.70738531464306,353.1221559439292,1000000.0,10.0,0.027096336941895068,4.516056156982511,0.2214321446056085,0.0004523893421169302,0.0980643893292782,0.8670795723912634,0.8013702976006775,-0.2214321446056085,1.0
spectral_peak,E_5mm_16,0.005,16.0,-body_x,2,34.50000000001912,216.76989309781587,0.008504632671079483,0.6111728209446299,47.31321353737079,-3.6178975524405117,-4.3598081711315775,-2.9120557510418212,103.79516697655262,112.96443055395223,94.625903399153,117.70738531464306,353.1221559439292,1000000.0,50.0,0.012117850268663228,2.0196417114438714,0.49513732774170394,0.0022619467105846514,0.4903219466463911,0.8670795723912634,0.6094872020478598,-0.49513732774170394,1.0
spectral_peak,E_5mm_16,0.005,16.0,-body_x,2,34.50000000001912,216.76989309781587,0.008504632671079483,0.6111728209446299,47.31321353737079,-3.6178975524405117,-4.3598081711315775,-2.9120557510418212,103.79516697655262,112.96443055395223,94.625903399153,117.70738531464306,353.1221559439292,1000000.0,100.0,0.008568614098374996,1.428102349729166,0.7002299241294898,0.004523893421169303,0.9806438932927822,0.8670795723912634,0.49647113997272907,-0.7002299241294898,1.0
spectral_peak,E_5mm_16,0.005,16.0,-body_x,2,34.50000000001912,216.76989309781587,0.008504632671079483,0.6111728209446299,47.31321353737079,-3.6178975524405117,-4.3598081711315775,-2.9120557510418212,103.79516697655262,112.96443055395223,94.625903399153,117.70738531464306,353.1221559439292,1000000.0,500.0,0.003832000719385912,0.6386667865643186,1.5657617102330597,0.022619467105846513,4.903219466463911,0.8670795723912634,0.20892880933533253,-1.5657617102330597,0.9528237245917658
spectral_peak,E_5mm_16,0.005,16.0,-body_x,2,34.50000000001912,216.76989309781587,0.008504632671079483,0.6111728209446299,47.31321353737079,-3.6178975524405117,-4.3598081711315775,-2.9120557510418212,103.79516697655262,112.96443055395223,94.625903399153,117.70738531464306,353.1221559439292,3000000.0,10.0,0.01564407742745592,2.60734623790932,0.3835317248858526,0.0013571680263507906,0.2941931679878346,0.8670795723912634,0.681450458767806,-0.3835317248858526,1.0
spectral_peak,E_5mm_16,0.005,16.0,-body_x,2,34.50000000001912,216.76989309781587,0.008504632671079483,0.6111728209446299,47.31321353737079,-3.6178975524405117,-4.3598081711315775,-2.9120557510418212,103.79516697655262,112.96443055395223,94.625903399153,117.70738531464306,353.1221559439292,3000000.0,50.0,0.006996244114612294,1.1660406857687156,0.8576030083725141,0.006785840131753954,1.4709658399391732,0.8670795723912634,0.4241776149114619,-0.8576030083725141,1.0
spectral_peak,E_5mm_16,0.005,16.0,-body_x,2,34.50000000001912,216.76989309781587,0.008504632671079483,0.6111728209446299,47.31321353737079,-3.6178975524405117,-4.3598081711315775,-2.9120557510418212,103.79516697655262,112.96443055395223,94.625903399153,117.70738531464306,353.1221559439292,3000000.0,100.0,0.004947091656278826,0.824515276046471,1.2128338055723766,0.013571680263507907,2.9419316798783464,0.8670795723912634,0.29735344251734325,-1.2128338055723766,0.9945959675202918
spectral_peak,E_5mm_16,0.005,16.0,-body_x,2,34.50000000001912,216.76989309781587,0.008504632671079483,0.6111728209446299,47.31321353737079,-3.6178975524405117,-4.3598081711315775,-2.9120557510418212,103.79516697655262,112.96443055395223,94.625903399153,117.70738531464306,353.1221559439292,3000000.0,500.0,0.002212406646872296,0.3687344411453826,2.711978834669597,0.06785840131753954,14.709658399391733,0.8670795723912634,0.0664052715611682,-2.711978834669597,0.7484430699467229
spectral_peak,E_5mm_16,0.005,16.0,-body_x,2,34.50000000001912,216.76989309781587,0.008504632671079483,0.6111728209446299,47.31321353737079,-3.6178975524405117,-4.3598081711315775,-2.9120557510418212,103.79516697655262,112.96443055395223,94.625903399153,117.70738531464306,353.1221559439292,6000000.0,10.0,0.01106203323436148,1.8436722057269135,0.5423957669339194,0.0027143360527015813,0.5883863359756693,0.8670795723912634,0.5813537944452316,-0.5423957669339194,1.0
spectral_peak,E_5mm_16,0.005,16.0,-body_x,2,34.50000000001912,216.76989309781587,0.008504632671079483,0.6111728209446299,47.31321353737079,-3.6178975524405117,-4.3598081711315775,-2.9120557510418212,103.79516697655262,112.96443055395223,94.625903399153,117.70738531464306,353.1221559439292,6000000.0,50.0,0.004947091656278826,0.824515276046471,1.2128338055723766,0.013571680263507907,2.9419316798783464,0.8670795723912634,0.29735344251734325,-1.2128338055723766,0.9945959675202918
spectral_peak,E_5mm_16,0.005,16.0,-body_x,2,34.50000000001912,216.76989309781587,0.008504632671079483,0.6111728209446299,47.31321353737079,-3.6178975524405117,-4.3598081711315775,-2.9120557510418212,103.79516697655262,112.96443055395223,94.625903399153,117.70738531464306,353.1221559439292,6000000.0,100.0,0.003498122057306147,0.5830203428843578,1.7152060167450283,0.027143360527015815,5.883863359756693,0.8670795723912634,0.17992664899197647,-1.7152060167450283,0.9274988986937577
spectral_peak,E_5mm_16,0.005,16.0,-body_x,2,34.50000000001912,216.76989309781587,0.008504632671079483,0.6111728209446299,47.31321353737079,-3.6178975524405117,-4.3598081711315775,-2.9120557510418212,103.79516697655262,112.96443055395223,94.625903399153,117.70738531464306,353.1221559439292,6000000.0,500.0,0.0015644077427455919,0.260734623790932,3.835317248858526,0.13571680263507907,29.419316798783466,0.8670795723912634,0.021594486557141798,-3.835317248858526,0.5959816422881056
spectral_peak,E_5mm_16,0.005,16.0,-body_x,2,34.50000000001912,216.76989309781587,0.008504632671079483,0.6111728209446299,47.31321353737079,-3.6178975524405117,-4.3598081711315775,-2.9120557510418212,103.79516697655262,112.96443055395223,94.625903399153,117.70738531464306,353.1221559439292,10000000.0,10.0,0.008568614098374996,1.428102349729166,0.7002299241294898,0.004523893421169303,0.9806438932927822,0.8670795723912634,0.49647113997272907,-0.7002299241294898,1.0
spectral_peak,E_5mm_16,0.005,16.0,-body_x,2,34.50000000001912,216.76989309781587,0.008504632671079483,0.6111728209446299,47.31321353737079,-3.6178975524405117,-4.3598081711315775,-2.9120557510418212,103.79516697655262,112.96443055395223,94.625903399153,117.70738531464306,353.1221559439292,10000000.0,50.0,0.003832000719385912,0.6386667865643186,1.5657617102330597,0.022619467105846513,4.903219466463911,0.8670795723912634,0.20892880933533253,-1.5657617102330597,0.9528237245917658
spectral_peak,E_5mm_16,0.005,16.0,-body_x,2,34.50000000001912,216.76989309781587,0.008504632671079483,0.6111728209446299,47.31321353737079,-3.6178975524405117,-4.3598081711315775,-2.9120557510418212,103.79516697655262,112.96443055395223,94.625903399153,117.70738531464306,353.1221559439292,10000000.0,100.0,0.0027096336941895066,0.4516056156982511,2.214321446056085,0.045238934211693026,9.806438932927822,0.8670795723912634,0.1092276059308083,-2.214321446056085,0.8350778466825217
spectral_peak,E_5mm_16,0.005,16.0,-body_x,2,34.50000000001912,216.76989309781587,0.008504632671079483,0.6111728209446299,47.31321353737079,-3.6178975524405117,-4.3598081711315775,-2.9120557510418212,103.79516697655262,112.96443055395223,94.625903399153,117.70738531464306,353.1221559439292,10000000.0,500.0,0.001211785026866323,0.20196417114438714,4.951373277417039,0.2261946710584651,49.03219466463911,0.8670795723912634,0.007073688119745848,-4.951373277417039,0.49176195705105064
spectral_peak,E_5mm_16,0.005,16.0,-body_x,3,13.000000000007205,81.68140899337989,0.0064378286681667524,0.6176106496127967,47.31321353737079,-3.6178975524405117,-4.3598081711315775,-2.9120557510418212,103.79516697655262,112.96443055395223,94.625903399153,117.70738531464306,353.1221559439292,1000000.0,10.0,0.04414163908163253,7.356939846938755,0.1359260807897054,0.0004523893421169302,0.03695179887769903,0.32672563597351956,0.8729071547115108,-0.1359260807897054,1.0
spectral_peak,E_5mm_16,0.005,16.0,-body_x,3,13.000000000007205,81.68140899337989,0.0064378286681667524,0.6176106496127967,47.31321353737079,-3.6178975524405117,-4.3598081711315775,-2.9120557510418212,103.79516697655262,112.96443055395223,94.625903399153,117.70738531464306,353.1221559439292,1000000.0,50.0,0.019740741124958345,3.290123520826391,0.30393995656090955,0.0022619467105846514,0.1847589943884952,0.32672563597351956,0.7379051714846832,-0.30393995656090955,1.0
spectral_peak,E_5mm_16,0.005,16.0,-body_x,3,13.000000000007205,81.68140899337989,0.0064378286681667524,0.6176106496127967,47.31321353737079,-3.6178975524405117,-4.3598081711315775,-2.9120557510418212,103.79516697655262,112.96443055395223,94.625903399153,117.70738531464306,353.1221559439292,1000000.0,100.0,0.013958811915106199,2.3264686525176996,0.4298360087155277,0.004523893421169303,0.3695179887769904,0.32672563597351956,0.6506157812929159,-0.4298360087155277,1.0
spectral_peak,E_5mm_16,0.005,16.0,-body_x,3,13.000000000007205,81.68140899337989,0.0064378286681667524,0.6176106496127967,47.31321353737079,-3.6178975524405117,-4.3598081711315775,-2.9120557510418212,103.79516697655262,112.96443055395223,94.625903399153,117.70738531464306,353.1221559439292,1000000.0,500.0,0.006242570465462297,1.040428410910383,0.9611425346651119,0.022619467105846513,1.847589943884952,0.32672563597351956,0.38245566739611364,-0.9611425346651119,1.0
spectral_peak,E_5mm_16,0.005,16.0,-body_x,3,13.000000000007205,81.68140899337989,0.0064378286681667524,0.6176106496127967,47.31321353737079,-3.6178975524405117,-4.3598081711315775,-2.9120557510418212,103.79516697655262,112.96443055395223,94.625903399153,117.70738531464306,353.1221559439292,3000000.0,10.0,0.025485187206251845,4.247531201041974,0.23543087800148169,0.0013571680263507906,0.11085539663309711,0.32672563597351956,0.7902302834175311,-0.23543087800148169,1.0
spectral_peak,E_5mm_16,0.005,16.0,-body_x,3,13.000000000007205,81.68140899337989,0.0064378286681667524,0.6176106496127967,47.31321353737079,-3.6178975524405117,-4.3598081711315775,-2.9120557510418212,103.79516697655262,112.96443055395223,94.625903399153,117.70738531464306,353.1221559439292,3000000.0,50.0,0.011397322202497416,1.899553700416236,0.5264394472137729,0.006785840131753954,0.5542769831654856,0.32672563597351956,0.5907044642056406,-0.5264394472137729,1.0
spectral_peak,E_5mm_16,0.005,16.0,-body_x,3,13.000000000007205,81.68140899337989,0.0064378286681667524,0.6176106496127967,47.31321353737079,-3.6178975524405117,-4.3598081711315775,-2.9120557510418212,103.79516697655262,112.96443055395223,94.625903399153,117.70738531464306,353.1221559439292,3000000.0,100.0,0.008059123816753921,1.3431873027923202,0.7444978060179126,0.013571680263507907,1.1085539663309711,0.32672563597351956,0.4749727685221644,-0.7444978060179126,1.0
spectral_peak,E_5mm_16,0.005,16.0,-body_x,3,13.000000000007205,81.68140899337989,0.0064378286681667524,0.6176106496127967,47.31321353737079,-3.6178975524405117,-4.3598081711315775,-2.9120557510418212,103.79516697655262,112.96443055395223,94.625903399153,117.70738531464306,353.1221559439292,3000000.0,500.0,0.003604149738669865,0.6006916231116441,1.6647477033555047,0.06785840131753954,5.542769831654856,0.32672563597351956,0.18923839617200008,-1.6647477033555047,0.9363314054133877
spectral_peak,E_5mm_16,0.005,16.0,-body_x,3,13.000000000007205,81.68140899337989,0.0064378286681667524,0.6176106496127967,47.31321353737079,-3.6178975524405117,-4.3598081711315775,-2.9120557510418212,103.79516697655262,112.96443055395223,94.625903399153,117.70738531464306,353.1221559439292,6000000.0,10.0,0.018020748693349322,3.00345811555822,0.332949540671101,0.0027143360527015813,0.22171079326619422,0.32672563597351956,0.7168063628111863,-0.332949540671101,1.0
spectral_peak,E_5mm_16,0.005,16.0,-body_x,3,13.000000000007205,81.68140899337989,0.0064378286681667524,0.6176106496127967,47.31321353737079,-3.6178975524405117,-4.3598081711315775,-2.9120557510418212,103.79516697655262,112.96443055395223,94.625903399153,117.70738531464306,353.1221559439292,6000000.0,50.0,0.008059123816753921,1.3431873027923202,0.7444978060179126,0.013571680263507907,1.1085539663309711,0.32672563597351956,0.4749727685221644,-0.7444978060179126,1.0
spectral_peak,E_5mm_16,0.005,16.0,-body_x,3,13.000000000007205,81.68140899337989,0.0064378286681667524,0.6176106496127967,47.31321353737079,-3.6178975524405117,-4.3598081711315775,-2.9120557510418212,103.79516697655262,112.96443055395223,94.625903399153,117.70738531464306,353.1221559439292,6000000.0,100.0,0.005698661101248708,0.949776850208118,1.0528788944275458,0.027143360527015815,2.2171079326619423,0.32672563597351956,0.348931764032473,-1.0528788944275458,0.9998733188960746
spectral_peak,E_5mm_16,0.005,16.0,-body_x,3,13.000000000007205,81.68140899337989,0.0064378286681667524,0.6176106496127967,47.31321353737079,-3.6178975524405117,-4.3598081711315775,-2.9120557510418212,103.79516697655262,112.96443055395223,94.625903399153,117.70738531464306,353.1221559439292,6000000.0,500.0,0.0025485187206251846,0.4247531201041974,2.354308780014817,0.13571680263507907,11.085539663309712,0.32672563597351956,0.09495912149737826,-2.354308780014817,0.8096456458501005
spectral_peak,E_5mm_16,0.005,16.0,-body_x,3,13.000000000007205,81.68140899337989,0.0064378286681667524,0.6176106496127967,47.31321353737079,-3.6178975524405117,-4.3598081711315775,-2.9120557510418212,103.79516697655262,112.96443055395223,94.625903399153,117.70738531464306,353.1221559439292,10000000.0,10.0,0.013958811915106199,2.3264686525176996,0.4298360087155277,0.004523893421169303,0.3695179887769904,0.32672563597351956,0.6506157812929159,-0.4298360087155277,1.0
spectral_peak,E_5mm_16,0.005,16.0,-body_x,3,13.000000000007205,81.68140899337989,0.0064378286681667524,0.6176106496127967,47.31321353737079,-3.6178975524405117,-4.3598081711315775,-2.9120557510418212,103.79516697655262,112.96443055395223,94.625903399153,117.70738531464306,353.1221559439292,10000000.0,50.0,0.006242570465462297,1.040428410910383,0.9611425346651119,0.022619467105846513,1.847589943884952,0.32672563597351956,0.38245566739611364,-0.9611425346651119,1.0
spectral_peak,E_5mm_16,0.005,16.0,-body_x,3,13.000000000007205,81.68140899337989,0.0064378286681667524,0.6176106496127967,47.31321353737079,-3.6178975524405117,-4.3598081711315775,-2.9120557510418212,103.79516697655262,112.96443055395223,94.625903399153,117.70738531464306,353.1221559439292,10000000.0,100.0,0.0044141639081632525,0.7356939846938754,1.359260807897054,0.045238934211693026,3.695179887769904,0.32672563597351956,0.25685056871065803,-1.359260807897054,0.981536197675885
spectral_peak,E_5mm_16,0.005,16.0,-body_x,3,13.000000000007205,81.68140899337989,0.0064378286681667524,0.6176106496127967,47.31321353737079,-3.6178975524405117,-4.3598081711315775,-2.9120557510418212,103.79516697655262,112.96443055395223,94.625903399153,117.70738531464306,353.1221559439292,10000000.0,500.0,0.0019740741124958344,0.32901235208263907,3.0393995656090955,0.2261946710584651,18.475899438849517,0.32672563597351956,0.047863619831413906,-3.0393995656090955,0.6979049729349891
spectral_peak,E_5mm_16,0.005,16.0,+body_y,1,3.0000000000016627,18.849555921549207,0.37831900613035696,0.37831900613035696,80.49462185928851,-3.6178975524405117,-4.3598081711315775,-2.9120557510418212,103.79516697655262,112.96443055395223,94.625903399153,117.70738531464306,353.1221559439292,1000000.0,10.0,0.09188814923693987,15.314691539489978,0.06529677711244994,0.0004523893421169302,0.008527338202545932,0.07539822368619684,0.9367894044642531,-0.06529677711244994,1.0
spectral_peak,E_5mm_16,0.005,16.0,+body_y,1,3.0000000000016627,18.849555921549207,0.37831900613035696,0.37831900613035696,80.49462185928851,-3.6178975524405117,-4.3598081711315775,-2.9120557510418212,103.79516697655262,112.96443055395223,94.625903399153,117.70738531464306,353.1221559439292,1000000.0,50.0,0.0410936296040886,6.8489382673481,0.1460080323350905,0.0022619467105846514,0.04263669101272967,0.07539822368619684,0.8641507620082767,-0.1460080323350905,1.0
spectral_peak,E_5mm_16,0.005,16.0,+body_y,1,3.0000000000016627,18.849555921549207,0.37831900613035696,0.37831900613035696,80.49462185928851,-3.6178975524405117,-4.3598081711315775,-2.9120557510418212,103.79516697655262,112.96443055395223,94.625903399153,117.70738531464306,353.1221559439292,1000000.0,100.0,0.02905758415661931,4.842930692769885,0.20648653954369436,0.004523893421169303,0.08527338202545934,0.07539822368619684,0.8134372106193014,-0.20648653954369436,1.0
spectral_peak,E_5mm_16,0.005,16.0,+body_y,1,3.0000000000016627,18.849555921549207,0.37831900613035696,0.37831900613035696,80.49462185928851,-3.6178975524405117,-4.3598081711315775,-2.9120557510418212,103.79516697655262,112.96443055395223,94.625903399153,117.70738531464306,353.1221559439292,1000000.0,500.0,0.012994946687224333,2.165824447870722,0.46171793885839907,0.022619467105846513,0.42636691012729666,0.07539822368619684,0.6302000698265191,-0.46171793885839907,1.0
spectral_peak,E_5mm_16,0.005,16.0,+body_y,1,3.0000000000016627,18.849555921549207,0.37831900613035696,0.37831900613035696,80.49462185928851,-3.6178975524405117,-4.3598081711315775,-2.9120557510418212,103.79516697655262,112.96443055395223,94.625903399153,117.70738531464306,353.1221559439292,3000000.0,10.0,0.053051647697283745,8.841941282880624,0.1130973355292639,0.0013571680263507906,0.025582014607637798,0.07539822368619684,0.8930637290546098,-0.1130973355292639,1.0
spectral_peak,E_5mm_16,0.005,16.0,+body_y,1,3.0000000000016627,18.849555921549207,0.37831900613035696,0.37831900613035696,80.49462185928851,-3.6178975524405117,-4.3598081711315775,-2.9120557510418212,103.79516697655262,112.96443055395223,94.625903399153,117.70738531464306,353.1221559439292,3000000.0,50.0,0.023725418113899326,3.954236352316554,0.25289333031753625,0.006785840131753954,0.127910073038189,0.07539822368619684,0.7765507118237817,-0.25289333031753625,1.0
spectral_peak,E_5mm_16,0.005,16.0,+body_y,1,3.0000000000016627,18.849555921549207,0.37831900613035696,0.37831900613035696,80.49462185928851,-3.6178975524405117,-4.3598081711315775,-2.9120557510418212,103.79516697655262,112.96443055395223,94.625903399153,117.70738531464306,353.1221559439292,3000000.0,100.0,0.016776404034824364,2.796067339137394,0.35764517756875874,0.013571680263507907,0.255820146076378,0.07539822368619684,0.6993211658261058,-0.35764517756875874,1.0
spectral_peak,E_5mm_16,0.005,16.0,+body_y,1,3.0000000000016627,18.849555921549207,0.37831900613035696,0.37831900613035696,80.49462185928851,-3.6178975524405117,-4.3598081711315775,-2.9120557510418212,103.79516697655262,112.96443055395223,94.625903399153,117.70738531464306,353.1221559439292,3000000.0,500.0,0.007502635967973805,1.250439327995634,0.7997189288687275,0.06785840131753954,1.2791007303818898,0.07539822368619684,0.44945527526785695,-0.7997189288687275,1.0
spectral_peak,E_5mm_16,0.005,16.0,+body_y,1,3.0000000000016627,18.849555921549207,0.37831900613035696,0.37831900613035696,80.49462185928851,-3.6178975524405117,-4.3598081711315775,-2.9120557510418212,103.79516697655262,112.96443055395223,94.625903399153,117.70738531464306,353.1221559439292,6000000.0,10.0,0.03751317983986902,6.2521966399781705,0.15994378577374552,0.0027143360527015813,0.051164029215275596,0.07539822368619684,0.8521916929163947,-0.15994378577374552,1.0
spectral_peak,E_5mm_16,0.005,16.0,+body_y,1,3.0000000000016627,18.849555921549207,0.37831900613035696,0.37831900613035696,80.49462185928851,-3.6178975524405117,-4.3598081711315775,-2.9120557510418212,103.79516697655262,112.96443055395223,94.625903399153,117.70738531464306,353.1221559439292,6000000.0,50.0,0.016776404034824364,2.796067339137394,0.35764517756875874,0.013571680263507907,0.255820146076378,0.07539822368619684,0.6993211658261058,-0.35764517756875874,1.0
spectral_peak,E_5mm_16,0.005,16.0,+body_y,1,3.0000000000016627,18.849555921549207,0.37831900613035696,0.37831900613035696,80.49462185928851,-3.6178975524405117,-4.3598081711315775,-2.9120557510418212,103.79516697655262,112.96443055395223,94.625903399153,117.70738531464306,353.1221559439292,6000000.0,100.0,0.011862709056949663,1.977118176158277,0.5057866606350725,0.027143360527015815,0.511640292152756,0.07539822368619684,0.603031008034022,-0.5057866606350725,1.0
spectral_peak,E_5mm_16,0.005,16.0,+body_y,1,3.0000000000016627,18.849555921549207,0.37831900613035696,0.37831900613035696,80.49462185928851,-3.6178975524405117,-4.3598081711315775,-2.9120557510418212,103.79516697655262,112.96443055395223,94.625903399153,117.70738531464306,353.1221559439292,6000000.0,500.0,0.005305164769728374,0.8841941282880623,1.130973355292639,0.13571680263507907,2.5582014607637795,0.07539822368619684,0.3227189832669478,-1.130973355292639,0.9984469274633927
spectral_peak,E_5mm_16,0.005,16.0,+body_y,1,3.0000000000016627,18.849555921549207,0.37831900613035696,0.37831900613035696,80.49462185928851,-3.6178975524405117,-4.3598081711315775,-2.9120557510418212,103.79516697655262,112.96443055395223,94.625903399153,117.70738531464306,353.1221559439292,10000000.0,10.0,0.02905758415661931,4.842930692769885,0.20648653954369436,0.004523893421169303,0.08527338202545934,0.07539822368619684,0.8134372106193014,-0.20648653954369436,1.0
spectral_peak,E_5mm_16,0.005,16.0,+body_y,1,3.0000000000016627,18.849555921549207,0.37831900613035696,0.37831900613035696,80.49462185928851,-3.6178975524405117,-4.3598081711315775,-2.9120557510418212,103.79516697655262,112.96443055395223,94.625903399153,117.70738531464306,353.1221559439292,10000000.0,50.0,0.012994946687224333,2.165824447870722,0.46171793885839907,0.022619467105846513,0.42636691012729666,0.07539822368619684,0.6302000698265191,-0.46171793885839907,1.0
spectral_peak,E_5mm_16,0.005,16.0,+body_y,1,3.0000000000016627,18.849555921549207,0.37831900613035696,0.37831900613035696,80.49462185928851,-3.6178975524405117,-4.3598081711315775,-2.9120557510418212,103.79516697655262,112.96443055395223,94.625903399153,117.70738531464306,353.1221559439292,10000000.0,100.0,0.009188814923693988,1.531469153948998,0.6529677711244994,0.045238934211693026,0.8527338202545933,0.07539822368619684,0.520498761108735,-0.6529677711244994,1.0
spectral_peak,E_5mm_16,0.005,16.0,+body_y,1,3.0000000000016627,18.849555921549207,0.37831900613035696,0.37831900613035696,80.49462185928851,-3.6178975524405117,-4.3598081711315775,-2.9120557510418212,103.79516697655262,112.96443055395223,94.625903399153,117.70738531464306,353.1221559439292,10000000.0,500.0,0.00410936296040886,0.68489382673481,1.4600803233509048,0.2261946710584651,4.263669101272966,0.07539822368619684,0.23221762148312655,-1.4600803233509048,0.9687125092193274
spectral_peak,E_5mm_16,0.005,16.0,+body_y,2,18.75000000001039,117.80972450968254,0.1239594314615642,0.5022784375919211,80.49462185928851,-3.6178975524405117,-4.3598081711315775,-2.9120557510418212,103.79516697655262,112.96443055395223,94.625903399153,117.70738531464306,353.1221559439292,1000000.0,10.0,0.03675525969477595,6.125876615795992,0.16324194278112486,0.0004523893421169302,0.05329586376591207,0.47123889803873015,0.8493856608236071,-0.16324194278112486,1.0
spectral_peak,E_5mm_16,0.005,16.0,+body_y,2,18.75000000001039,117.80972450968254,0.1239594314615642,0.5022784375919211,80.49462185928851,-3.6178975524405117,-4.3598081711315775,-2.9120557510418212,103.79516697655262,112.96443055395223,94.625903399153,117.70738531464306,353.1221559439292,1000000.0,50.0,0.01643745184163544,2.73957530693924,0.3650200808377262,0.0022619467105846514,0.2664793188295604,0.47123889803873015,0.6941827109676455,-0.3650200808377262,1.0
spectral_peak,E_5mm_16,0.005,16.0,+body_y,2,18.75000000001039,117.80972450968254,0.1239594314615642,0.5022784375919211,80.49462185928851,-3.6178975524405117,-4.3598081711315775,-2.9120557510418212,103.79516697655262,112.96443055395223,94.625903399153,117.70738531464306,353.1221559439292,1000000.0,100.0,0.011623033662647723,1.9371722771079538,0.516216348859236,0.004523893421169303,0.5329586376591208,0.47123889803873015,0.596774267274849,-0.516216348859236,1.0
spectral_peak,E_5mm_16,0.005,16.0,+body_y,2,18.75000000001039,117.80972450968254,0.1239594314615642,0.5022784375919211,80.49462185928851,-3.6178975524405117,-4.3598081711315775,-2.9120557510418212,103.79516697655262,112.96443055395223,94.625903399153,117.70738531464306,353.1221559439292,1000000.0,500.0,0.005197978674889734,0.866329779148289,1.1542948471459975,0.022619467105846513,2.664793188295604,0.47123889803873015,0.31527977897284154,-1.1542948471459975,0.9976116168598017
spectral_peak,E_5mm_16,0.005,16.0,+body_y,2,18.75000000001039,117.80972450968254,0.1239594314615642,0.5022784375919211,80.49462185928851,-3.6178975524405117,-4.3598081711315775,-2.9120557510418212,103.79516697655262,112.96443055395223,94.625903399153,117.70738531464306,353.1221559439292,3000000.0,10.0,0.021220659078913497,3.5367765131522493,0.2827433388231598,0.0013571680263507906,0.15988759129773622,0.47123889803873015,0.7537132119564081,-0.2827433388231598,1.0
spectral_peak,E_5mm_16,0.005,16.0,+body_y,2,18.75000000001039,117.80972450968254,0.1239594314615642,0.5022784375919211,80.49462185928851,-3.6178975524405117,-4.3598081711315775,-2.9120557510418212,103.79516697655262,112.96443055395223,94.625903399153,117.70738531464306,353.1221559439292,3000000.0,50.0,0.009490167245559731,1.5816945409266219,0.6322333257938406,0.006785840131753954,0.7994379564886811,0.47123889803873015,0.5314036772276997,-0.6322333257938406,1.0
spectral_peak,E_5mm_16,0.005,16.0,+body_y,2,18.75000000001039,117.80972450968254,0.1239594314615642,0.5022784375919211,80.49462185928851,-3.6178975524405117,-4.3598081711315775,-2.9120557510418212,103.79516697655262,112.96443055395223,94.625903399153,117.70738531464306,353.1221559439292,3000000.0,100.0,0.006710561613929746,1.1184269356549577,0.8941129439218968,0.013571680263507907,1.5988759129773622,0.47123889803873015,0.4089702173025482,-0.8941129439218968,1.0
spectral_peak,E_5mm_16,0.005,16.0,+body_y,2,18.75000000001039,117.80972450968254,0.1239594314615642,0.5022784375919211,80.49462185928851,-3.6178975524405117,-4.3598081711315775,-2.9120557510418212,103.79516697655262,112.96443055395223,94.625903399153,117.70738531464306,353.1221559439292,3000000.0,500.0,0.003001054387189522,0.5001757311982536,1.9992973221718187,0.06785840131753954,7.9943795648868115,0.47123889803873015,0.13543041375865375,-1.9992973221718187,0.875131752081936
spectral_peak,E_5mm_16,0.005,16.0,+body_y,2,18.75000000001039,117.80972450968254,0.1239594314615642,0.5022784375919211,80.49462185928851,-3.6178975524405117,-4.3598081711315775,-2.9120557510418212,103.79516697655262,112.96443055395223,94.625903399153,117.70738531464306,353.1221559439292,6000000.0,10.0,0.01500527193594761,2.500878655991268,0.39985946443436376,0.0027143360527015813,0.31977518259547244,0.47123889803873015,0.6704142564622689,-0.39985946443436376,1.0
spectral_peak,E_5mm_16,0.005,16.0,+body_y,2,18.75000000001039,117.80972450968254,0.1239594314615642,0.5022784375919211,80.49462185928851,-3.6178975524405117,-4.3598081711315775,-2.9120557510418212,103.79516697655262,112.96443055395223,94.625903399153,117.70738531464306,353.1221559439292,6000000.0,50.0,0.006710561613929746,1.1184269356549577,0.8941129439218968,0.013571680263507907,1.5988759129773622,0.47123889803873015,0.4089702173025482,-0.8941129439218968,1.0
spectral_peak,E_5mm_16,0.005,16.0,+body_y,2,18.75000000001039,117.80972450968254,0.1239594314615642,0.5022784375919211,80.49462185928851,-3.6178975524405117,-4.3598081711315775,-2.9120557510418212,103.79516697655262,112.96443055395223,94.625903399153,117.70738531464306,353.1221559439292,6000000.0,100.0,0.004745083622779866,0.7908472704633109,1.2644666515876812,0.027143360527015815,3.1977518259547244,0.47123889803873015,0.28238986817112127,-1.2644666515876812,0.9908506422341639
spectral_peak,E_5mm_16,0.005,16.0,+body_y,2,18.75000000001039,117.80972450968254,0.1239594314615642,0.5022784375919211,80.49462185928851,-3.6178975524405117,-4.3598081711315775,-2.9120557510418212,103.79516697655262,112.96443055395223,94.625903399153,117.70738531464306,353.1221559439292,6000000.0,500.0,0.00212206590789135,0.353677651315225,2.827433388231597,0.13571680263507907,15.988759129773623,0.47123889803873015,0.05916451129403124,-2.827433388231597,0.7300100988002871
spectral_peak,E_5mm_16,0.005,16.0,+body_y,2,18.75000000001039,117.80972450968254,0.1239594314615642,0.5022784375919211,80.49462185928851,-3.6178975524405117,-4.3598081711315775,-2.9120557510418212,103.79516697655262,112.96443055395223,94.625903399153,117.70738531464306,353.1221559439292,10000000.0,10.0,0.011623033662647723,1.9371722771079538,0.516216348859236,0.004523893421169303,0.5329586376591208,0.47123889803873015,0.596774267274849,-0.516216348859236,1.0
spectral_peak,E_5mm_16,0.005,16.0,+body_y,2,18.75000000001039,117.80972450968254,0.1239594314615642,0.5022784375919211,80.49462185928851,-3.6178975524405117,-4.3598081711315775,-2.9120557510418212,103.79516697655262,112.96443055395223,94.625903399153,117.70738531464306,353.1221559439292,10000000.0,50.0,0.005197978674889734,0.866329779148289,1.1542948471459975,0.022619467105846513,2.664793188295604,0.47123889803873015,0.31527977897284154,-1.1542948471459975,0.9976116168598017
spectral_peak,E_5mm_16,0.005,16.0,+body_y,2,18.75000000001039,117.80972450968254,0.1239594314615642,0.5022784375919211,80.49462185928851,-3.6178975524405117,-4.3598081711315775,-2.9120557510418212,103.79516697655262,112.96443055395223,94.625903399153,117.70738531464306,353.1221559439292,10000000.0,100.0,0.0036755259694775952,0.6125876615795992,1.6324194278112485,0.045238934211693026,5.329586376591208,0.47123889803873015,0.1954561096537348,-1.6324194278112485,0.9418539329945664
spectral_peak,E_5mm_16,0.005,16.0,+body_y,2,18.75000000001039,117.80972450968254,0.1239594314615642,0.5022784375919211,80.49462185928851,-3.6178975524405117,-4.3598081711315775,-2.9120557510418212,103.79516697655262,112.96443055395223,94.625903399153,117.70738531464306,353.1221559439292,10000000.0,500.0,0.001643745184163544,0.273957530693924,3.650200808377262,0.2261946710584651,26.647931882956037,0.47123889803873015,0.025985910066360196,-3.650200808377262,0.6172756664156831
spectral_peak,E_5mm_16,0.005,16.0,+body_y,3,12.750000000007066,80.11061266658412,0.046324897076289895,0.5486033346682111,80.49462185928851,-3.6178975524405117,-4.3598081711315775,-2.9120557510418212,103.79516697655262,112.96443055395223,94.625903399153,117.70738531464306,353.1221559439292,1000000.0,10.0,0.04457229941722612,7.428716569537686,0.1346127545235224,0.0004523893421169302,0.0362411873608202,0.3204424506663365,0.8740543197418272,-0.1346127545235224,1.0
spectral_peak,E_5mm_16,0.005,16.0,+body_y,3,12.750000000007066,80.11061266658412,0.046324897076289895,0.5486033346682111,80.49462185928851,-3.6178975524405117,-4.3598081711315775,-2.9120557510418212,103.79516697655262,112.96443055395223,94.625903399153,117.70738531464306,353.1221559439292,1000000.0,50.0,0.01993333828207837,3.3222230470130616,0.30100326975308844,0.0022619467105846514,0.18120593680410105,0.3204424506663365,0.7400753528790807,-0.30100326975308844,1.0
spectral_peak,E_5mm_16,0.005,16.0,+body_y,3,12.750000000007066,80.11061266658412,0.046324897076289895,0.5486033346682111,80.49462185928851,-3.6178975524405117,-4.3598081711315775,-2.9120557510418212,103.79516697655262,112.96443055395223,94.625903399153,117.70738531464306,353.1221559439292,1000000.0,100.0,0.01409499867094302,2.34916644515717,0.4256829064034649,0.004523893421169303,0.3624118736082021,0.3204424506663365,0.6533234739689103,-0.4256829064034649,1.0
spectral_peak,E_5mm_16,0.005,16.0,+body_y,3,12.750000000007066,80.11061266658412,0.046324897076289895,0.5486033346682111,80.49462185928851,-3.6178975524405117,-4.3598081711315775,-2.9120557510418212,103.79516697655262,112.96443055395223,94.625903399153,117.70738531464306,353.1221559439292,1000000.0,500.0,0.006303475034199557,1.0505791723665927,0.9518559155778281,0.022619467105846513,1.8120593680410104,0.3204424506663365,0.38602393040240085,-0.9518559155778281,1.0
spectral_peak,E_5mm_16,0.005,16.0,+body_y,3,12.750000000007066,80.11061266658412,0.046324897076289895,0.5486033346682111,80.49462185928851,-3.6178975524405117,-4.3598081711315775,-2.9120557510418212,103.79516697655262,112.96443055395223,94.625903399153,117.70738531464306,353.1221559439292,3000000.0,10.0,0.025733829066936095,4.288971511156015,0.23315613018153805,0.0013571680263507906,0.10872356208246062,0.3204424506663365,0.7920299040975899,-0.23315613018153805,1.0
spectral_peak,E_5mm_16,0.005,16.0,+body_y,3,12.750000000007066,80.11061266658412,0.046324897076289895,0.5486033346682111,80.49462185928851,-3.6178975524405117,-4.3598081711315775,-2.9120557510418212,103.79516697655262,112.96443055395223,94.625903399153,117.70738531464306,353.1221559439292,3000000.0,50.0,0.01150851822300582,1.9180863705009699,0.5213529564567094,0.006785840131753954,0.5436178104123032,0.3204424506663365,0.5937167314431667,-0.5213529564567094,1.0
spectral_peak,E_5mm_16,0.005,16.0,+body_y,3,12.750000000007066,80.11061266658412,0.046324897076289895,0.5486033346682111,80.49462185928851,-3.6178975524405117,-4.3598081711315775,-2.9120557510418212,103.79516697655262,112.96443055395223,94.625903399153,117.70738531464306,353.1221559439292,3000000.0,100.0,0.00813775127689637,1.3562918794827283,0.7373044218043882,0.013571680263507907,1.0872356208246063,0.3204424506663365,0.4784017483357655,-0.7373044218043882,1.0
spectral_peak,E_5mm_16,0.005,16.0,+body_y,3,12.750000000007066,80.11061266658412,0.046324897076289895,0.5486033346682111,80.49462185928851,-3.6178975524405117,-4.3598081711315775,-2.9120557510418212,103.79516697655262,112.96443055395223,94.625903399153,117.70738531464306,353.1221559439292,3000000.0,500.0,0.0036393130078251996,0.6065521679708666,1.64866280726579,0.06785840131753954,5.436178104123031,0.3204424506663365,0.192306888140449,-1.64866280726579,0.9390938048303753
spectral_peak,E_5mm_16,0.005,16.0,+body_y,3,12.750000000007066,80.11061266658412,0.046324897076289895,0.5486033346682111,80.49462185928851,-3.6178975524405117,-4.3598081711315775,-2.9120557510418212,103.79516697655262,112.96443055395223,94.625903399153,117.70738531464306,353.1221559439292,6000000.0,10.0,0.018196565039126,3.0327608398543333,0.329732561453158,0.0027143360527015813,0.21744712416492123,0.3204424506663365,0.7191160270627039,-0.329732561453158,1.0
spectral_peak,E_5mm_16,0.005,16.0,+body_y,3,12.750000000007066,80.11061266658412,0.046324897076289895,0.5486033346682111,80.49462185928851,-3.6178975524405117,-4.3598081711315775,-2.9120557510418212,103.79516697655262,112.96443055395223,94.625903399153,117.70738531464306,353.1221559439292,6000000.0,50.0,0.00813775127689637,1.3562918794827283,0.7373044218043882,0.013571680263507907,1.0872356208246063,0.3204424506663365,0.4784017483357655,-0.7373044218043882,1.0
spectral_peak,E_5mm_16,0.005,16.0,+body_y,3,12.750000000007066,80.11061266658412,0.046324897076289895,0.5486033346682111,80.49462185928851,-3.6178975524405117,-4.3598081711315775,-2.9120557510418212,103.79516697655262,112.96443055395223,94.625903399153,117.70738531464306,353.1221559439292,6000000.0,100.0,0.00575425911150291,0.9590431852504849,1.0427059129134189,0.027143360527015815,2.1744712416492127,0.3204424506663365,0.3524995571955573,-1.0427059129134189,0.9999312965539079
spectral_peak,E_5mm_16,0.005,16.0,+body_y,3,12.750000000007066,80.11061266658412,0.046324897076289895,0.5486033346682111,80.49462185928851,-3.6178975524405117,-4.3598081711315775,-2.9120557510418212,103.79516697655262,112.96443055395223,94.625903399153,117.70738531464306,353.1221559439292,6000000.0,500.0,0.0025733829066936094,0.42889715111560156,2.3315613018153805,0.13571680263507907,10.872356208246062,0.3204424506663365,0.09714395758841922,-2.3315613018153805,0.8137299720196269
spectral_peak,E_5mm_16,0.005,16.0,+body_y,3,12.750000000007066,80.11061266658412,0.046324897076289895,0.5486033346682111,80.49462185928851,-3.6178975524405117,-4.3598081711315775,-2.9120557510418212,103.79516697655262,112.96443055395223,94.625903399153,117.70738531464306,353.1221559439292,10000000.0,10.0,0.01409499867094302,2.34916644515717,0.4256829064034649,0.004523893421169303,0.3624118736082021,0.3204424506663365,0.6533234739689103,-0.4256829064034649,1.0
spectral_peak,E_5mm_16,0.005,16.0,+body_y,3,12.750000000007066,80.11061266658412,0.046324897076289895,0.5486033346682111,80.49462185928851,-3.6178975524405117,-4.3598081711315775,-2.9120557510418212,103.79516697655262,112.96443055395223,94.625903399153,117.70738531464306,353.1221559439292,10000000.0,50.0,0.0063034750341995575,1.050579172366593,0.951855915577828,0.022619467105846513,1.8120593680410104,0.3204424506663365,0.38602393040240085,-0.951855915577828,1.0
spectral_peak,E_5mm_16,0.005,16.0,+body_y,3,12.750000000007066,80.11061266658412,0.046324897076289895,0.5486033346682111,80.49462185928851,-3.6178975524405117,-4.3598081711315775,-2.9120557510418212,103.79516697655262,112.96443055395223,94.625903399153,117.70738531464306,353.1221559439292,10000000.0,100.0,0.004457229941722611,0.7428716569537686,1.3461275452352242,0.045238934211693026,3.624118736082021,0.3204424506663365,0.26024610311121554,-1.3461275452352242,0.9829999635084405
spectral_peak,E_5mm_16,0.005,16.0,+body_y,3,12.750000000007066,80.11061266658412,0.046324897076289895,0.5486033346682111,80.49462185928851,-3.6178975524405117,-4.3598081711315775,-2.9120557510418212,103.79516697655262,112.96443055395223,94.625903399153,117.70738531464306,353.1221559439292,10000000.0,500.0,0.001993333828207837,0.33222230470130615,3.0100326975308844,0.2261946710584651,18.120593680410103,0.3204424506663365,0.04929006707062283,-3.0100326975308844,0.7022198620536552
spectral_peak,E_5mm_16,0.005,16.0,-body_y,1,3.0000000000016627,18.849555921549207,0.4111977292894631,0.4111977292894631,75.93880074733674,-3.6178975524405117,-4.3598081711315775,-2.9120557510418212,103.79516697655262,112.96443055395223,94.625903399153,117.70738531464306,353.1221559439292,1000000.0,10.0,0.09188814923693987,15.314691539489978,0.06529677711244994,0.0004523893421169302,0.008527338202545932,0.07539822368619684,0.9367894044642531,-0.06529677711244994,1.0
spectral_peak,E_5mm_16,0.005,16.0,-body_y,1,3.0000000000016627,18.849555921549207,0.4111977292894631,0.4111977292894631,75.93880074733674,-3.6178975524405117,-4.3598081711315775,-2.9120557510418212,103.79516697655262,112.96443055395223,94.625903399153,117.70738531464306,353.1221559439292,1000000.0,50.0,0.0410936296040886,6.8489382673481,0.1460080323350905,0.0022619467105846514,0.04263669101272967,0.07539822368619684,0.8641507620082767,-0.1460080323350905,1.0
spectral_peak,E_5mm_16,0.005,16.0,-body_y,1,3.0000000000016627,18.849555921549207,0.4111977292894631,0.4111977292894631,75.93880074733674,-3.6178975524405117,-4.3598081711315775,-2.9120557510418212,103.79516697655262,112.96443055395223,94.625903399153,117.70738531464306,353.1221559439292,1000000.0,100.0,0.02905758415661931,4.842930692769885,0.20648653954369436,0.004523893421169303,0.08527338202545934,0.07539822368619684,0.8134372106193014,-0.20648653954369436,1.0
spectral_peak,E_5mm_16,0.005,16.0,-body_y,1,3.0000000000016627,18.849555921549207,0.4111977292894631,0.4111977292894631,75.93880074733674,-3.6178975524405117,-4.3598081711315775,-2.9120557510418212,103.79516697655262,112.96443055395223,94.625903399153,117.70738531464306,353.1221559439292,1000000.0,500.0,0.012994946687224333,2.165824447870722,0.46171793885839907,0.022619467105846513,0.42636691012729666,0.07539822368619684,0.6302000698265191,-0.46171793885839907,1.0
spectral_peak,E_5mm_16,0.005,16.0,-body_y,1,3.0000000000016627,18.849555921549207,0.4111977292894631,0.4111977292894631,75.93880074733674,-3.6178975524405117,-4.3598081711315775,-2.9120557510418212,103.79516697655262,112.96443055395223,94.625903399153,117.70738531464306,353.1221559439292,3000000.0,10.0,0.053051647697283745,8.841941282880624,0.1130973355292639,0.0013571680263507906,0.025582014607637798,0.07539822368619684,0.8930637290546098,-0.1130973355292639,1.0
spectral_peak,E_5mm_16,0.005,16.0,-body_y,1,3.0000000000016627,18.849555921549207,0.4111977292894631,0.4111977292894631,75.93880074733674,-3.6178975524405117,-4.3598081711315775,-2.9120557510418212,103.79516697655262,112.96443055395223,94.625903399153,117.70738531464306,353.1221559439292,3000000.0,50.0,0.023725418113899326,3.954236352316554,0.25289333031753625,0.006785840131753954,0.127910073038189,0.07539822368619684,0.7765507118237817,-0.25289333031753625,1.0
spectral_peak,E_5mm_16,0.005,16.0,-body_y,1,3.0000000000016627,18.849555921549207,0.4111977292894631,0.4111977292894631,75.93880074733674,-3.6178975524405117,-4.3598081711315775,-2.9120557510418212,103.79516697655262,112.96443055395223,94.625903399153,117.70738531464306,353.1221559439292,3000000.0,100.0,0.016776404034824364,2.796067339137394,0.35764517756875874,0.013571680263507907,0.255820146076378,0.07539822368619684,0.6993211658261058,-0.35764517756875874,1.0
spectral_peak,E_5mm_16,0.005,16.0,-body_y,1,3.0000000000016627,18.849555921549207,0.4111977292894631,0.4111977292894631,75.93880074733674,-3.6178975524405117,-4.3598081711315775,-2.9120557510418212,103.79516697655262,112.96443055395223,94.625903399153,117.70738531464306,353.1221559439292,3000000.0,500.0,0.007502635967973805,1.250439327995634,0.7997189288687275,0.06785840131753954,1.2791007303818898,0.07539822368619684,0.44945527526785695,-0.7997189288687275,1.0
spectral_peak,E_5mm_16,0.005,16.0,-body_y,1,3.0000000000016627,18.849555921549207,0.4111977292894631,0.4111977292894631,75.93880074733674,-3.6178975524405117,-4.3598081711315775,-2.9120557510418212,103.79516697655262,112.96443055395223,94.625903399153,117.70738531464306,353.1221559439292,6000000.0,10.0,0.03751317983986902,6.2521966399781705,0.15994378577374552,0.0027143360527015813,0.051164029215275596,0.07539822368619684,0.8521916929163947,-0.15994378577374552,1.0
spectral_peak,E_5mm_16,0.005,16.0,-body_y,1,3.0000000000016627,18.849555921549207,0.4111977292894631,0.4111977292894631,75.93880074733674,-3.6178975524405117,-4.3598081711315775,-2.9120557510418212,103.79516697655262,112.96443055395223,94.625903399153,117.70738531464306,353.1221559439292,6000000.0,50.0,0.016776404034824364,2.796067339137394,0.35764517756875874,0.013571680263507907,0.255820146076378,0.07539822368619684,0.6993211658261058,-0.35764517756875874,1.0
spectral_peak,E_5mm_16,0.005,16.0,-body_y,1,3.0000000000016627,18.849555921549207,0.4111977292894631,0.4111977292894631,75.93880074733674,-3.6178975524405117,-4.3598081711315775,-2.9120557510418212,103.79516697655262,112.96443055395223,94.625903399153,117.70738531464306,353.1221559439292,6000000.0,100.0,0.011862709056949663,1.977118176158277,0.5057866606350725,0.027143360527015815,0.511640292152756,0.07539822368619684,0.603031008034022,-0.5057866606350725,1.0
spectral_peak,E_5mm_16,0.005,16.0,-body_y,1,3.0000000000016627,18.849555921549207,0.4111977292894631,0.4111977292894631,75.93880074733674,-3.6178975524405117,-4.3598081711315775,-2.9120557510418212,103.79516697655262,112.96443055395223,94.625903399153,117.70738531464306,353.1221559439292,6000000.0,500.0,0.005305164769728374,0.8841941282880623,1.130973355292639,0.13571680263507907,2.5582014607637795,0.07539822368619684,0.3227189832669478,-1.130973355292639,0.9984469274633927
spectral_peak,E_5mm_16,0.005,16.0,-body_y,1,3.0000000000016627,18.849555921549207,0.4111977292894631,0.4111977292894631,75.93880074733674,-3.6178975524405117,-4.3598081711315775,-2.9120557510418212,103.79516697655262,112.96443055395223,94.625903399153,117.70738531464306,353.1221559439292,10000000.0,10.0,0.02905758415661931,4.842930692769885,0.20648653954369436,0.004523893421169303,0.08527338202545934,0.07539822368619684,0.8134372106193014,-0.20648653954369436,1.0
spectral_peak,E_5mm_16,0.005,16.0,-body_y,1,3.0000000000016627,18.849555921549207,0.4111977292894631,0.4111977292894631,75.93880074733674,-3.6178975524405117,-4.3598081711315775,-2.9120557510418212,103.79516697655262,112.96443055395223,94.625903399153,117.70738531464306,353.1221559439292,10000000.0,50.0,0.012994946687224333,2.165824447870722,0.46171793885839907,0.022619467105846513,0.42636691012729666,0.07539822368619684,0.6302000698265191,-0.46171793885839907,1.0
spectral_peak,E_5mm_16,0.005,16.0,-body_y,1,3.0000000000016627,18.849555921549207,0.4111977292894631,0.4111977292894631,75.93880074733674,-3.6178975524405117,-4.3598081711315775,-2.9120557510418212,103.79516697655262,112.96443055395223,94.625903399153,117.70738531464306,353.1221559439292,10000000.0,100.0,0.009188814923693988,1.531469153948998,0.6529677711244994,0.045238934211693026,0.8527338202545933,0.07539822368619684,0.520498761108735,-0.6529677711244994,1.0
spectral_peak,E_5mm_16,0.005,16.0,-body_y,1,3.0000000000016627,18.849555921549207,0.4111977292894631,0.4111977292894631,75.93880074733674,-3.6178975524405117,-4.3598081711315775,-2.9120557510418212,103.79516697655262,112.96443055395223,94.625903399153,117.70738531464306,353.1221559439292,10000000.0,500.0,0.00410936296040886,0.68489382673481,1.4600803233509048,0.2261946710584651,4.263669101272966,0.07539822368619684,0.23221762148312655,-1.4600803233509048,0.9687125092193274
spectral_peak,E_5mm_16,0.005,16.0,-body_y,2,12.750000000007066,80.11061266658412,0.05681006772396298,0.46800779701342604,75.93880074733674,-3.6178975524405117,-4.3598081711315775,-2.9120557510418212,103.79516697655262,112.96443055395223,94.625903399153,117.70738531464306,353.1221559439292,1000000.0,10.0,0.04457229941722612,7.428716569537686,0.1346127545235224,0.0004523893421169302,0.0362411873608202,0.3204424506663365,0.8740543197418272,-0.1346127545235224,1.0
spectral_peak,E_5mm_16,0.005,16.0,-body_y,2,12.750000000007066,80.11061266658412,0.05681006772396298,0.46800779701342604,75.93880074733674,-3.6178975524405117,-4.3598081711315775,-2.9120557510418212,103.79516697655262,112.96443055395223,94.625903399153,117.70738531464306,353.1221559439292,1000000.0,50.0,0.01993333828207837,3.3222230470130616,0.30100326975308844,0.0022619467105846514,0.18120593680410105,0.3204424506663365,0.7400753528790807,-0.30100326975308844,1.0
spectral_peak,E_5mm_16,0.005,16.0,-body_y,2,12.750000000007066,80.11061266658412,0.05681006772396298,0.46800779701342604,75.93880074733674,-3.6178975524405117,-4.3598081711315775,-2.9120557510418212,103.79516697655262,112.96443055395223,94.625903399153,117.70738531464306,353.1221559439292,1000000.0,100.0,0.01409499867094302,2.34916644515717,0.4256829064034649,0.004523893421169303,0.3624118736082021,0.3204424506663365,0.6533234739689103,-0.4256829064034649,1.0
spectral_peak,E_5mm_16,0.005,16.0,-body_y,2,12.750000000007066,80.11061266658412,0.05681006772396298,0.46800779701342604,75.93880074733674,-3.6178975524405117,-4.3598081711315775,-2.9120557510418212,103.79516697655262,112.96443055395223,94.625903399153,117.70738531464306,353.1221559439292,1000000.0,500.0,0.006303475034199557,1.0505791723665927,0.9518559155778281,0.022619467105846513,1.8120593680410104,0.3204424506663365,0.38602393040240085,-0.9518559155778281,1.0
spectral_peak,E_5mm_16,0.005,16.0,-body_y,2,12.750000000007066,80.11061266658412,0.05681006772396298,0.46800779701342604,75.93880074733674,-3.6178975524405117,-4.3598081711315775,-2.9120557510418212,103.79516697655262,112.96443055395223,94.625903399153,117.70738531464306,353.1221559439292,3000000.0,10.0,0.025733829066936095,4.288971511156015,0.23315613018153805,0.0013571680263507906,0.10872356208246062,0.3204424506663365,0.7920299040975899,-0.23315613018153805,1.0
spectral_peak,E_5mm_16,0.005,16.0,-body_y,2,12.750000000007066,80.11061266658412,0.05681006772396298,0.46800779701342604,75.93880074733674,-3.6178975524405117,-4.3598081711315775,-2.9120557510418212,103.79516697655262,112.96443055395223,94.625903399153,117.70738531464306,353.1221559439292,3000000.0,50.0,0.01150851822300582,1.9180863705009699,0.5213529564567094,0.006785840131753954,0.5436178104123032,0.3204424506663365,0.5937167314431667,-0.5213529564567094,1.0
spectral_peak,E_5mm_16,0.005,16.0,-body_y,2,12.750000000007066,80.11061266658412,0.05681006772396298,0.46800779701342604,75.93880074733674,-3.6178975524405117,-4.3598081711315775,-2.9120557510418212,103.79516697655262,112.96443055395223,94.625903399153,117.70738531464306,353.1221559439292,3000000.0,100.0,0.00813775127689637,1.3562918794827283,0.7373044218043882,0.013571680263507907,1.0872356208246063,0.3204424506663365,0.4784017483357655,-0.7373044218043882,1.0
spectral_peak,E_5mm_16,0.005,16.0,-body_y,2,12.750000000007066,80.11061266658412,0.05681006772396298,0.46800779701342604,75.93880074733674,-3.6178975524405117,-4.3598081711315775,-2.9120557510418212,103.79516697655262,112.96443055395223,94.625903399153,117.70738531464306,353.1221559439292,3000000.0,500.0,0.0036393130078251996,0.6065521679708666,1.64866280726579,0.06785840131753954,5.436178104123031,0.3204424506663365,0.192306888140449,-1.64866280726579,0.9390938048303753
spectral_peak,E_5mm_16,0.005,16.0,-body_y,2,12.750000000007066,80.11061266658412,0.05681006772396298,0.46800779701342604,75.93880074733674,-3.6178975524405117,-4.3598081711315775,-2.9120557510418212,103.79516697655262,112.96443055395223,94.625903399153,117.70738531464306,353.1221559439292,6000000.0,10.0,0.018196565039126,3.0327608398543333,0.329732561453158,0.0027143360527015813,0.21744712416492123,0.3204424506663365,0.7191160270627039,-0.329732561453158,1.0
spectral_peak,E_5mm_16,0.005,16.0,-body_y,2,12.750000000007066,80.11061266658412,0.05681006772396298,0.46800779701342604,75.93880074733674,-3.6178975524405117,-4.3598081711315775,-2.9120557510418212,103.79516697655262,112.96443055395223,94.625903399153,117.70738531464306,353.1221559439292,6000000.0,50.0,0.00813775127689637,1.3562918794827283,0.7373044218043882,0.013571680263507907,1.0872356208246063,0.3204424506663365,0.4784017483357655,-0.7373044218043882,1.0
spectral_peak,E_5mm_16,0.005,16.0,-body_y,2,12.750000000007066,80.11061266658412,0.05681006772396298,0.46800779701342604,75.93880074733674,-3.6178975524405117,-4.3598081711315775,-2.9120557510418212,103.79516697655262,112.96443055395223,94.625903399153,117.70738531464306,353.1221559439292,6000000.0,100.0,0.00575425911150291,0.9590431852504849,1.0427059129134189,0.027143360527015815,2.1744712416492127,0.3204424506663365,0.3524995571955573,-1.0427059129134189,0.9999312965539079
spectral_peak,E_5mm_16,0.005,16.0,-body_y,2,12.750000000007066,80.11061266658412,0.05681006772396298,0.46800779701342604,75.93880074733674,-3.6178975524405117,-4.3598081711315775,-2.9120557510418212,103.79516697655262,112.96443055395223,94.625903399153,117.70738531464306,353.1221559439292,6000000.0,500.0,0.0025733829066936094,0.42889715111560156,2.3315613018153805,0.13571680263507907,10.872356208246062,0.3204424506663365,0.09714395758841922,-2.3315613018153805,0.8137299720196269
spectral_peak,E_5mm_16,0.005,16.0,-body_y,2,12.750000000007066,80.11061266658412,0.05681006772396298,0.46800779701342604,75.93880074733674,-3.6178975524405117,-4.3598081711315775,-2.9120557510418212,103.79516697655262,112.96443055395223,94.625903399153,117.70738531464306,353.1221559439292,10000000.0,10.0,0.01409499867094302,2.34916644515717,0.4256829064034649,0.004523893421169303,0.3624118736082021,0.3204424506663365,0.6533234739689103,-0.4256829064034649,1.0
spectral_peak,E_5mm_16,0.005,16.0,-body_y,2,12.750000000007066,80.11061266658412,0.05681006772396298,0.46800779701342604,75.93880074733674,-3.6178975524405117,-4.3598081711315775,-2.9120557510418212,103.79516697655262,112.96443055395223,94.625903399153,117.70738531464306,353.1221559439292,10000000.0,50.0,0.0063034750341995575,1.050579172366593,0.951855915577828,0.022619467105846513,1.8120593680410104,0.3204424506663365,0.38602393040240085,-0.951855915577828,1.0
spectral_peak,E_5mm_16,0.005,16.0,-body_y,2,12.750000000007066,80.11061266658412,0.05681006772396298,0.46800779701342604,75.93880074733674,-3.6178975524405117,-4.3598081711315775,-2.9120557510418212,103.79516697655262,112.96443055395223,94.625903399153,117.70738531464306,353.1221559439292,10000000.0,100.0,0.004457229941722611,0.7428716569537686,1.3461275452352242,0.045238934211693026,3.624118736082021,0.3204424506663365,0.26024610311121554,-1.3461275452352242,0.9829999635084405
spectral_peak,E_5mm_16,0.005,16.0,-body_y,2,12.750000000007066,80.11061266658412,0.05681006772396298,0.46800779701342604,75.93880074733674,-3.6178975524405117,-4.3598081711315775,-2.9120557510418212,103.79516697655262,112.96443055395223,94.625903399153,117.70738531464306,353.1221559439292,10000000.0,500.0,0.001993333828207837,0.33222230470130615,3.0100326975308844,0.2261946710584651,18.120593680410103,0.3204424506663365,0.04929006707062283,-3.0100326975308844,0.7022198620536552
spectral_peak,E_5mm_16,0.005,16.0,-body_y,3,18.75000000001039,117.80972450968254,0.05156103835435792,0.519568835367784,75.93880074733674,-3.6178975524405117,-4.3598081711315775,-2.9120557510418212,103.79516697655262,112.96443055395223,94.625903399153,117.70738531464306,353.1221559439292,1000000.0,10.0,0.03675525969477595,6.125876615795992,0.16324194278112486,0.0004523893421169302,0.05329586376591207,0.47123889803873015,0.8493856608236071,-0.16324194278112486,1.0
spectral_peak,E_5mm_16,0.005,16.0,-body_y,3,18.75000000001039,117.80972450968254,0.05156103835435792,0.519568835367784,75.93880074733674,-3.6178975524405117,-4.3598081711315775,-2.9120557510418212,103.79516697655262,112.96443055395223,94.625903399153,117.70738531464306,353.1221559439292,1000000.0,50.0,0.01643745184163544,2.73957530693924,0.3650200808377262,0.0022619467105846514,0.2664793188295604,0.47123889803873015,0.6941827109676455,-0.3650200808377262,1.0
spectral_peak,E_5mm_16,0.005,16.0,-body_y,3,18.75000000001039,117.80972450968254,0.05156103835435792,0.519568835367784,75.93880074733674,-3.6178975524405117,-4.3598081711315775,-2.9120557510418212,103.79516697655262,112.96443055395223,94.625903399153,117.70738531464306,353.1221559439292,1000000.0,100.0,0.011623033662647723,1.9371722771079538,0.516216348859236,0.004523893421169303,0.5329586376591208,0.47123889803873015,0.596774267274849,-0.516216348859236,1.0
spectral_peak,E_5mm_16,0.005,16.0,-body_y,3,18.75000000001039,117.80972450968254,0.05156103835435792,0.519568835367784,75.93880074733674,-3.6178975524405117,-4.3598081711315775,-2.9120557510418212,103.79516697655262,112.96443055395223,94.625903399153,117.70738531464306,353.1221559439292,1000000.0,500.0,0.005197978674889734,0.866329779148289,1.1542948471459975,0.022619467105846513,2.664793188295604,0.47123889803873015,0.31527977897284154,-1.1542948471459975,0.9976116168598017
spectral_peak,E_5mm_16,0.005,16.0,-body_y,3,18.75000000001039,117.80972450968254,0.05156103835435792,0.519568835367784,75.93880074733674,-3.6178975524405117,-4.3598081711315775,-2.9120557510418212,103.79516697655262,112.96443055395223,94.625903399153,117.70738531464306,353.1221559439292,3000000.0,10.0,0.021220659078913497,3.5367765131522493,0.2827433388231598,0.0013571680263507906,0.15988759129773622,0.47123889803873015,0.7537132119564081,-0.2827433388231598,1.0
spectral_peak,E_5mm_16,0.005,16.0,-body_y,3,18.75000000001039,117.80972450968254,0.05156103835435792,0.519568835367784,75.93880074733674,-3.6178975524405117,-4.3598081711315775,-2.9120557510418212,103.79516697655262,112.96443055395223,94.625903399153,117.70738531464306,353.1221559439292,3000000.0,50.0,0.009490167245559731,1.5816945409266219,0.6322333257938406,0.006785840131753954,0.7994379564886811,0.47123889803873015,0.5314036772276997,-0.6322333257938406,1.0
spectral_peak,E_5mm_16,0.005,16.0,-body_y,3,18.75000000001039,117.80972450968254,0.05156103835435792,0.519568835367784,75.93880074733674,-3.6178975524405117,-4.3598081711315775,-2.9120557510418212,103.79516697655262,112.96443055395223,94.625903399153,117.70738531464306,353.1221559439292,3000000.0,100.0,0.006710561613929746,1.1184269356549577,0.8941129439218968,0.013571680263507907,1.5988759129773622,0.47123889803873015,0.4089702173025482,-0.8941129439218968,1.0
spectral_peak,E_5mm_16,0.005,16.0,-body_y,3,18.75000000001039,117.80972450968254,0.05156103835435792,0.519568835367784,75.93880074733674,-3.6178975524405117,-4.3598081711315775,-2.9120557510418212,103.79516697655262,112.96443055395223,94.625903399153,117.70738531464306,353.1221559439292,3000000.0,500.0,0.003001054387189522,0.5001757311982536,1.9992973221718187,0.06785840131753954,7.9943795648868115,0.47123889803873015,0.13543041375865375,-1.9992973221718187,0.875131752081936
spectral_peak,E_5mm_16,0.005,16.0,-body_y,3,18.75000000001039,117.80972450968254,0.05156103835435792,0.519568835367784,75.93880074733674,-3.6178975524405117,-4.3598081711315775,-2.9120557510418212,103.79516697655262,112.96443055395223,94.625903399153,117.70738531464306,353.1221559439292,6000000.0,10.0,0.01500527193594761,2.500878655991268,0.39985946443436376,0.0027143360527015813,0.31977518259547244,0.47123889803873015,0.6704142564622689,-0.39985946443436376,1.0
spectral_peak,E_5mm_16,0.005,16.0,-body_y,3,18.75000000001039,117.80972450968254,0.05156103835435792,0.519568835367784,75.93880074733674,-3.6178975524405117,-4.3598081711315775,-2.9120557510418212,103.79516697655262,112.96443055395223,94.625903399153,117.70738531464306,353.1221559439292,6000000.0,50.0,0.006710561613929746,1.1184269356549577,0.8941129439218968,0.013571680263507907,1.5988759129773622,0.47123889803873015,0.4089702173025482,-0.8941129439218968,1.0
spectral_peak,E_5mm_16,0.005,16.0,-body_y,3,18.75000000001039,117.80972450968254,0.05156103835435792,0.519568835367784,75.93880074733674,-3.6178975524405117,-4.3598081711315775,-2.9120557510418212,103.79516697655262,112.96443055395223,94.625903399153,117.70738531464306,353.1221559439292,6000000.0,100.0,0.004745083622779866,0.7908472704633109,1.2644666515876812,0.027143360527015815,3.1977518259547244,0.47123889803873015,0.28238986817112127,-1.2644666515876812,0.9908506422341639
spectral_peak,E_5mm_16,0.005,16.0,-body_y,3,18.75000000001039,117.80972450968254,0.05156103835435792,0.519568835367784,75.93880074733674,-3.6178975524405117,-4.3598081711315775,-2.9120557510418212,103.79516697655262,112.96443055395223,94.625903399153,117.70738531464306,353.1221559439292,6000000.0,500.0,0.00212206590789135,0.353677651315225,2.827433388231597,0.13571680263507907,15.988759129773623,0.47123889803873015,0.05916451129403124,-2.827433388231597,0.7300100988002871
spectral_peak,E_5mm_16,0.005,16.0,-body_y,3,18.75000000001039,117.80972450968254,0.05156103835435792,0.519568835367784,75.93880074733674,-3.6178975524405117,-4.3598081711315775,-2.9120557510418212,103.79516697655262,112.96443055395223,94.625903399153,117.70738531464306,353.1221559439292,10000000.0,10.0,0.011623033662647723,1.9371722771079538,0.516216348859236,0.004523893421169303,0.5329586376591208,0.47123889803873015,0.596774267274849,-0.516216348859236,1.0
spectral_peak,E_5mm_16,0.005,16.0,-body_y,3,18.75000000001039,117.80972450968254,0.05156103835435792,0.519568835367784,75.93880074733674,-3.6178975524405117,-4.3598081711315775,-2.9120557510418212,103.79516697655262,112.96443055395223,94.625903399153,117.70738531464306,353.1221559439292,10000000.0,50.0,0.005197978674889734,0.866329779148289,1.1542948471459975,0.022619467105846513,2.664793188295604,0.47123889803873015,0.31527977897284154,-1.1542948471459975,0.9976116168598017
spectral_peak,E_5mm_16,0.005,16.0,-body_y,3,18.75000000001039,117.80972450968254,0.05156103835435792,0.519568835367784,75.93880074733674,-3.6178975524405117,-4.3598081711315775,-2.9120557510418212,103.79516697655262,112.96443055395223,94.625903399153,117.70738531464306,353.1221559439292,10000000.0,100.0,0.0036755259694775952,0.6125876615795992,1.6324194278112485,0.045238934211693026,5.329586376591208,0.47123889803873015,0.1954561096537348,-1.6324194278112485,0.9418539329945664
spectral_peak,E_5mm_16,0.005,16.0,-body_y,3,18.75000000001039,117.80972450968254,0.05156103835435792,0.519568835367784,75.93880074733674,-3.6178975524405117,-4.3598081711315775,-2.9120557510418212,103.79516697655262,112.96443055395223,94.625903399153,117.70738531464306,353.1221559439292,10000000.0,500.0,0.001643745184163544,0.273957530693924,3.650200808377262,0.2261946710584651,26.647931882956037,0.47123889803873015,0.025985910066360196,-3.650200808377262,0.6172756664156831
spectral_peak,E_5mm_16,0.005,16.0,+body_z,1,3.0000000000016627,18.849555921549207,0.3978861245932613,0.3978861245932613,77.96532849391576,-3.6178975524405117,-4.3598081711315775,-2.9120557510418212,103.79516697655262,112.96443055395223,94.625903399153,117.70738531464306,353.1221559439292,1000000.0,10.0,0.09188814923693987,15.314691539489978,0.06529677711244994,0.0004523893421169302,0.008527338202545932,0.07539822368619684,0.9367894044642531,-0.06529677711244994,1.0
spectral_peak,E_5mm_16,0.005,16.0,+body_z,1,3.0000000000016627,18.849555921549207,0.3978861245932613,0.3978861245932613,77.96532849391576,-3.6178975524405117,-4.3598081711315775,-2.9120557510418212,103.79516697655262,112.96443055395223,94.625903399153,117.70738531464306,353.1221559439292,1000000.0,50.0,0.0410936296040886,6.8489382673481,0.1460080323350905,0.0022619467105846514,0.04263669101272967,0.07539822368619684,0.8641507620082767,-0.1460080323350905,1.0
spectral_peak,E_5mm_16,0.005,16.0,+body_z,1,3.0000000000016627,18.849555921549207,0.3978861245932613,0.3978861245932613,77.96532849391576,-3.6178975524405117,-4.3598081711315775,-2.9120557510418212,103.79516697655262,112.96443055395223,94.625903399153,117.70738531464306,353.1221559439292,1000000.0,100.0,0.02905758415661931,4.842930692769885,0.20648653954369436,0.004523893421169303,0.08527338202545934,0.07539822368619684,0.8134372106193014,-0.20648653954369436,1.0
spectral_peak,E_5mm_16,0.005,16.0,+body_z,1,3.0000000000016627,18.849555921549207,0.3978861245932613,0.3978861245932613,77.96532849391576,-3.6178975524405117,-4.3598081711315775,-2.9120557510418212,103.79516697655262,112.96443055395223,94.625903399153,117.70738531464306,353.1221559439292,1000000.0,500.0,0.012994946687224333,2.165824447870722,0.46171793885839907,0.022619467105846513,0.42636691012729666,0.07539822368619684,0.6302000698265191,-0.46171793885839907,1.0
spectral_peak,E_5mm_16,0.005,16.0,+body_z,1,3.0000000000016627,18.849555921549207,0.3978861245932613,0.3978861245932613,77.96532849391576,-3.6178975524405117,-4.3598081711315775,-2.9120557510418212,103.79516697655262,112.96443055395223,94.625903399153,117.70738531464306,353.1221559439292,3000000.0,10.0,0.053051647697283745,8.841941282880624,0.1130973355292639,0.0013571680263507906,0.025582014607637798,0.07539822368619684,0.8930637290546098,-0.1130973355292639,1.0
spectral_peak,E_5mm_16,0.005,16.0,+body_z,1,3.0000000000016627,18.849555921549207,0.3978861245932613,0.3978861245932613,77.96532849391576,-3.6178975524405117,-4.3598081711315775,-2.9120557510418212,103.79516697655262,112.96443055395223,94.625903399153,117.70738531464306,353.1221559439292,3000000.0,50.0,0.023725418113899326,3.954236352316554,0.25289333031753625,0.006785840131753954,0.127910073038189,0.07539822368619684,0.7765507118237817,-0.25289333031753625,1.0
spectral_peak,E_5mm_16,0.005,16.0,+body_z,1,3.0000000000016627,18.849555921549207,0.3978861245932613,0.3978861245932613,77.96532849391576,-3.6178975524405117,-4.3598081711315775,-2.9120557510418212,103.79516697655262,112.96443055395223,94.625903399153,117.70738531464306,353.1221559439292,3000000.0,100.0,0.016776404034824364,2.796067339137394,0.35764517756875874,0.013571680263507907,0.255820146076378,0.07539822368619684,0.6993211658261058,-0.35764517756875874,1.0
spectral_peak,E_5mm_16,0.005,16.0,+body_z,1,3.0000000000016627,18.849555921549207,0.3978861245932613,0.3978861245932613,77.96532849391576,-3.6178975524405117,-4.3598081711315775,-2.9120557510418212,103.79516697655262,112.96443055395223,94.625903399153,117.70738531464306,353.1221559439292,3000000.0,500.0,0.007502635967973805,1.250439327995634,0.7997189288687275,0.06785840131753954,1.2791007303818898,0.07539822368619684,0.44945527526785695,-0.7997189288687275,1.0
spectral_peak,E_5mm_16,0.005,16.0,+body_z,1,3.0000000000016627,18.849555921549207,0.3978861245932613,0.3978861245932613,77.96532849391576,-3.6178975524405117,-4.3598081711315775,-2.9120557510418212,103.79516697655262,112.96443055395223,94.625903399153,117.70738531464306,353.1221559439292,6000000.0,10.0,0.03751317983986902,6.2521966399781705,0.15994378577374552,0.0027143360527015813,0.051164029215275596,0.07539822368619684,0.8521916929163947,-0.15994378577374552,1.0
spectral_peak,E_5mm_16,0.005,16.0,+body_z,1,3.0000000000016627,18.849555921549207,0.3978861245932613,0.3978861245932613,77.96532849391576,-3.6178975524405117,-4.3598081711315775,-2.9120557510418212,103.79516697655262,112.96443055395223,94.625903399153,117.70738531464306,353.1221559439292,6000000.0,50.0,0.016776404034824364,2.796067339137394,0.35764517756875874,0.013571680263507907,0.255820146076378,0.07539822368619684,0.6993211658261058,-0.35764517756875874,1.0
spectral_peak,E_5mm_16,0.005,16.0,+body_z,1,3.0000000000016627,18.849555921549207,0.3978861245932613,0.3978861245932613,77.96532849391576,-3.6178975524405117,-4.3598081711315775,-2.9120557510418212,103.79516697655262,112.96443055395223,94.625903399153,117.70738531464306,353.1221559439292,6000000.0,100.0,0.011862709056949663,1.977118176158277,0.5057866606350725,0.027143360527015815,0.511640292152756,0.07539822368619684,0.603031008034022,-0.5057866606350725,1.0
spectral_peak,E_5mm_16,0.005,16.0,+body_z,1,3.0000000000016627,18.849555921549207,0.3978861245932613,0.3978861245932613,77.96532849391576,-3.6178975524405117,-4.3598081711315775,-2.9120557510418212,103.79516697655262,112.96443055395223,94.625903399153,117.70738531464306,353.1221559439292,6000000.0,500.0,0.005305164769728374,0.8841941282880623,1.130973355292639,0.13571680263507907,2.5582014607637795,0.07539822368619684,0.3227189832669478,-1.130973355292639,0.9984469274633927
spectral_peak,E_5mm_16,0.005,16.0,+body_z,1,3.0000000000016627,18.849555921549207,0.3978861245932613,0.3978861245932613,77.96532849391576,-3.6178975524405117,-4.3598081711315775,-2.9120557510418212,103.79516697655262,112.96443055395223,94.625903399153,117.70738531464306,353.1221559439292,10000000.0,10.0,0.02905758415661931,4.842930692769885,0.20648653954369436,0.004523893421169303,0.08527338202545934,0.07539822368619684,0.8134372106193014,-0.20648653954369436,1.0
spectral_peak,E_5mm_16,0.005,16.0,+body_z,1,3.0000000000016627,18.849555921549207,0.3978861245932613,0.3978861245932613,77.96532849391576,-3.6178975524405117,-4.3598081711315775,-2.9120557510418212,103.79516697655262,112.96443055395223,94.625903399153,117.70738531464306,353.1221559439292,10000000.0,50.0,0.012994946687224333,2.165824447870722,0.46171793885839907,0.022619467105846513,0.42636691012729666,0.07539822368619684,0.6302000698265191,-0.46171793885839907,1.0
spectral_peak,E_5mm_16,0.005,16.0,+body_z,1,3.0000000000016627,18.849555921549207,0.3978861245932613,0.3978861245932613,77.96532849391576,-3.6178975524405117,-4.3598081711315775,-2.9120557510418212,103.79516697655262,112.96443055395223,94.625903399153,117.70738531464306,353.1221559439292,10000000.0,100.0,0.009188814923693988,1.531469153948998,0.6529677711244994,0.045238934211693026,0.8527338202545933,0.07539822368619684,0.520498761108735,-0.6529677711244994,1.0
spectral_peak,E_5mm_16,0.005,16.0,+body_z,1,3.0000000000016627,18.849555921549207,0.3978861245932613,0.3978861245932613,77.96532849391576,-3.6178975524405117,-4.3598081711315775,-2.9120557510418212,103.79516697655262,112.96443055395223,94.625903399153,117.70738531464306,353.1221559439292,10000000.0,500.0,0.00410936296040886,0.68489382673481,1.4600803233509048,0.2261946710584651,4.263669101272966,0.07539822368619684,0.23221762148312655,-1.4600803233509048,0.9687125092193274
spectral_peak,E_5mm_16,0.005,16.0,+body_z,2,18.75000000001039,117.80972450968254,0.0671213693362163,0.4650074939294776,77.96532849391576,-3.6178975524405117,-4.3598081711315775,-2.9120557510418212,103.79516697655262,112.96443055395223,94.625903399153,117.70738531464306,353.1221559439292,1000000.0,10.0,0.03675525969477595,6.125876615795992,0.16324194278112486,0.0004523893421169302,0.05329586376591207,0.47123889803873015,0.8493856608236071,-0.16324194278112486,1.0
spectral_peak,E_5mm_16,0.005,16.0,+body_z,2,18.75000000001039,117.80972450968254,0.0671213693362163,0.4650074939294776,77.96532849391576,-3.6178975524405117,-4.3598081711315775,-2.9120557510418212,103.79516697655262,112.96443055395223,94.625903399153,117.70738531464306,353.1221559439292,1000000.0,50.0,0.01643745184163544,2.73957530693924,0.3650200808377262,0.0022619467105846514,0.2664793188295604,0.47123889803873015,0.6941827109676455,-0.3650200808377262,1.0
spectral_peak,E_5mm_16,0.005,16.0,+body_z,2,18.75000000001039,117.80972450968254,0.0671213693362163,0.4650074939294776,77.96532849391576,-3.6178975524405117,-4.3598081711315775,-2.9120557510418212,103.79516697655262,112.96443055395223,94.625903399153,117.70738531464306,353.1221559439292,1000000.0,100.0,0.011623033662647723,1.9371722771079538,0.516216348859236,0.004523893421169303,0.5329586376591208,0.47123889803873015,0.596774267274849,-0.516216348859236,1.0
spectral_peak,E_5mm_16,0.005,16.0,+body_z,2,18.75000000001039,117.80972450968254,0.0671213693362163,0.4650074939294776,77.96532849391576,-3.6178975524405117,-4.3598081711315775,-2.9120557510418212,103.79516697655262,112.96443055395223,94.625903399153,117.70738531464306,353.1221559439292,1000000.0,500.0,0.005197978674889734,0.866329779148289,1.1542948471459975,0.022619467105846513,2.664793188295604,0.47123889803873015,0.31527977897284154,-1.1542948471459975,0.9976116168598017
spectral_peak,E_5mm_16,0.005,16.0,+body_z,2,18.75000000001039,117.80972450968254,0.0671213693362163,0.4650074939294776,77.96532849391576,-3.6178975524405117,-4.3598081711315775,-2.9120557510418212,103.79516697655262,112.96443055395223,94.625903399153,117.70738531464306,353.1221559439292,3000000.0,10.0,0.021220659078913497,3.5367765131522493,0.2827433388231598,0.0013571680263507906,0.15988759129773622,0.47123889803873015,0.7537132119564081,-0.2827433388231598,1.0
spectral_peak,E_5mm_16,0.005,16.0,+body_z,2,18.75000000001039,117.80972450968254,0.0671213693362163,0.4650074939294776,77.96532849391576,-3.6178975524405117,-4.3598081711315775,-2.9120557510418212,103.79516697655262,112.96443055395223,94.625903399153,117.70738531464306,353.1221559439292,3000000.0,50.0,0.009490167245559731,1.5816945409266219,0.6322333257938406,0.006785840131753954,0.7994379564886811,0.47123889803873015,0.5314036772276997,-0.6322333257938406,1.0
spectral_peak,E_5mm_16,0.005,16.0,+body_z,2,18.75000000001039,117.80972450968254,0.0671213693362163,0.4650074939294776,77.96532849391576,-3.6178975524405117,-4.3598081711315775,-2.9120557510418212,103.79516697655262,112.96443055395223,94.625903399153,117.70738531464306,353.1221559439292,3000000.0,100.0,0.006710561613929746,1.1184269356549577,0.8941129439218968,0.013571680263507907,1.5988759129773622,0.47123889803873015,0.4089702173025482,-0.8941129439218968,1.0
spectral_peak,E_5mm_16,0.005,16.0,+body_z,2,18.75000000001039,117.80972450968254,0.0671213693362163,0.4650074939294776,77.96532849391576,-3.6178975524405117,-4.3598081711315775,-2.9120557510418212,103.79516697655262,112.96443055395223,94.625903399153,117.70738531464306,353.1221559439292,3000000.0,500.0,0.003001054387189522,0.5001757311982536,1.9992973221718187,0.06785840131753954,7.9943795648868115,0.47123889803873015,0.13543041375865375,-1.9992973221718187,0.875131752081936
spectral_peak,E_5mm_16,0.005,16.0,+body_z,2,18.75000000001039,117.80972450968254,0.0671213693362163,0.4650074939294776,77.96532849391576,-3.6178975524405117,-4.3598081711315775,-2.9120557510418212,103.79516697655262,112.96443055395223,94.625903399153,117.70738531464306,353.1221559439292,6000000.0,10.0,0.01500527193594761,2.500878655991268,0.39985946443436376,0.0027143360527015813,0.31977518259547244,0.47123889803873015,0.6704142564622689,-0.39985946443436376,1.0
spectral_peak,E_5mm_16,0.005,16.0,+body_z,2,18.75000000001039,117.80972450968254,0.0671213693362163,0.4650074939294776,77.96532849391576,-3.6178975524405117,-4.3598081711315775,-2.9120557510418212,103.79516697655262,112.96443055395223,94.625903399153,117.70738531464306,353.1221559439292,6000000.0,50.0,0.006710561613929746,1.1184269356549577,0.8941129439218968,0.013571680263507907,1.5988759129773622,0.47123889803873015,0.4089702173025482,-0.8941129439218968,1.0
spectral_peak,E_5mm_16,0.005,16.0,+body_z,2,18.75000000001039,117.80972450968254,0.0671213693362163,0.4650074939294776,77.96532849391576,-3.6178975524405117,-4.3598081711315775,-2.9120557510418212,103.79516697655262,112.96443055395223,94.625903399153,117.70738531464306,353.1221559439292,6000000.0,100.0,0.004745083622779866,0.7908472704633109,1.2644666515876812,0.027143360527015815,3.1977518259547244,0.47123889803873015,0.28238986817112127,-1.2644666515876812,0.9908506422341639
spectral_peak,E_5mm_16,0.005,16.0,+body_z,2,18.75000000001039,117.80972450968254,0.0671213693362163,0.4650074939294776,77.96532849391576,-3.6178975524405117,-4.3598081711315775,-2.9120557510418212,103.79516697655262,112.96443055395223,94.625903399153,117.70738531464306,353.1221559439292,6000000.0,500.0,0.00212206590789135,0.353677651315225,2.827433388231597,0.13571680263507907,15.988759129773623,0.47123889803873015,0.05916451129403124,-2.827433388231597,0.7300100988002871
spectral_peak,E_5mm_16,0.005,16.0,+body_z,2,18.75000000001039,117.80972450968254,0.0671213693362163,0.4650074939294776,77.96532849391576,-3.6178975524405117,-4.3598081711315775,-2.9120557510418212,103.79516697655262,112.96443055395223,94.625903399153,117.70738531464306,353.1221559439292,10000000.0,10.0,0.011623033662647723,1.9371722771079538,0.516216348859236,0.004523893421169303,0.5329586376591208,0.47123889803873015,0.596774267274849,-0.516216348859236,1.0
spectral_peak,E_5mm_16,0.005,16.0,+body_z,2,18.75000000001039,117.80972450968254,0.0671213693362163,0.4650074939294776,77.96532849391576,-3.6178975524405117,-4.3598081711315775,-2.9120557510418212,103.79516697655262,112.96443055395223,94.625903399153,117.70738531464306,353.1221559439292,10000000.0,50.0,0.005197978674889734,0.866329779148289,1.1542948471459975,0.022619467105846513,2.664793188295604,0.47123889803873015,0.31527977897284154,-1.1542948471459975,0.9976116168598017
spectral_peak,E_5mm_16,0.005,16.0,+body_z,2,18.75000000001039,117.80972450968254,0.0671213693362163,0.4650074939294776,77.96532849391576,-3.6178975524405117,-4.3598081711315775,-2.9120557510418212,103.79516697655262,112.96443055395223,94.625903399153,117.70738531464306,353.1221559439292,10000000.0,100.0,0.0036755259694775952,0.6125876615795992,1.6324194278112485,0.045238934211693026,5.329586376591208,0.47123889803873015,0.1954561096537348,-1.6324194278112485,0.9418539329945664
spectral_peak,E_5mm_16,0.005,16.0,+body_z,2,18.75000000001039,117.80972450968254,0.0671213693362163,0.4650074939294776,77.96532849391576,-3.6178975524405117,-4.3598081711315775,-2.9120557510418212,103.79516697655262,112.96443055395223,94.625903399153,117.70738531464306,353.1221559439292,10000000.0,500.0,0.001643745184163544,0.273957530693924,3.650200808377262,0.2261946710584651,26.647931882956037,0.47123889803873015,0.025985910066360196,-3.650200808377262,0.6172756664156831
spectral_peak,E_5mm_16,0.005,16.0,+body_z,3,13.000000000007205,81.68140899337989,0.05528892839910153,0.5202964223285791,77.96532849391576,-3.6178975524405117,-4.3598081711315775,-2.9120557510418212,103.79516697655262,112.96443055395223,94.625903399153,117.70738531464306,353.1221559439292,1000000.0,10.0,0.04414163908163253,7.356939846938755,0.1359260807897054,0.0004523893421169302,0.03695179887769903,0.32672563597351956,0.8729071547115108,-0.1359260807897054,1.0
spectral_peak,E_5mm_16,0.005,16.0,+body_z,3,13.000000000007205,81.68140899337989,0.05528892839910153,0.5202964223285791,77.96532849391576,-3.6178975524405117,-4.3598081711315775,-2.9120557510418212,103.79516697655262,112.96443055395223,94.625903399153,117.70738531464306,353.1221559439292,1000000.0,50.0,0.019740741124958345,3.290123520826391,0.30393995656090955,0.0022619467105846514,0.1847589943884952,0.32672563597351956,0.7379051714846832,-0.30393995656090955,1.0
spectral_peak,E_5mm_16,0.005,16.0,+body_z,3,13.000000000007205,81.68140899337989,0.05528892839910153,0.5202964223285791,77.96532849391576,-3.6178975524405117,-4.3598081711315775,-2.9120557510418212,103.79516697655262,112.96443055395223,94.625903399153,117.70738531464306,353.1221559439292,1000000.0,100.0,0.013958811915106199,2.3264686525176996,0.4298360087155277,0.004523893421169303,0.3695179887769904,0.32672563597351956,0.6506157812929159,-0.4298360087155277,1.0
spectral_peak,E_5mm_16,0.005,16.0,+body_z,3,13.000000000007205,81.68140899337989,0.05528892839910153,0.5202964223285791,77.96532849391576,-3.6178975524405117,-4.3598081711315775,-2.9120557510418212,103.79516697655262,112.96443055395223,94.625903399153,117.70738531464306,353.1221559439292,1000000.0,500.0,0.006242570465462297,1.040428410910383,0.9611425346651119,0.022619467105846513,1.847589943884952,0.32672563597351956,0.38245566739611364,-0.9611425346651119,1.0
spectral_peak,E_5mm_16,0.005,16.0,+body_z,3,13.000000000007205,81.68140899337989,0.05528892839910153,0.5202964223285791,77.96532849391576,-3.6178975524405117,-4.3598081711315775,-2.9120557510418212,103.79516697655262,112.96443055395223,94.625903399153,117.70738531464306,353.1221559439292,3000000.0,10.0,0.025485187206251845,4.247531201041974,0.23543087800148169,0.0013571680263507906,0.11085539663309711,0.32672563597351956,0.7902302834175311,-0.23543087800148169,1.0
spectral_peak,E_5mm_16,0.005,16.0,+body_z,3,13.000000000007205,81.68140899337989,0.05528892839910153,0.5202964223285791,77.96532849391576,-3.6178975524405117,-4.3598081711315775,-2.9120557510418212,103.79516697655262,112.96443055395223,94.625903399153,117.70738531464306,353.1221559439292,3000000.0,50.0,0.011397322202497416,1.899553700416236,0.5264394472137729,0.006785840131753954,0.5542769831654856,0.32672563597351956,0.5907044642056406,-0.5264394472137729,1.0
spectral_peak,E_5mm_16,0.005,16.0,+body_z,3,13.000000000007205,81.68140899337989,0.05528892839910153,0.5202964223285791,77.96532849391576,-3.6178975524405117,-4.3598081711315775,-2.9120557510418212,103.79516697655262,112.96443055395223,94.625903399153,117.70738531464306,353.1221559439292,3000000.0,100.0,0.008059123816753921,1.3431873027923202,0.7444978060179126,0.013571680263507907,1.1085539663309711,0.32672563597351956,0.4749727685221644,-0.7444978060179126,1.0
spectral_peak,E_5mm_16,0.005,16.0,+body_z,3,13.000000000007205,81.68140899337989,0.05528892839910153,0.5202964223285791,77.96532849391576,-3.6178975524405117,-4.3598081711315775,-2.9120557510418212,103.79516697655262,112.96443055395223,94.625903399153,117.70738531464306,353.1221559439292,3000000.0,500.0,0.003604149738669865,0.6006916231116441,1.6647477033555047,0.06785840131753954,5.542769831654856,0.32672563597351956,0.18923839617200008,-1.6647477033555047,0.9363314054133877
spectral_peak,E_5mm_16,0.005,16.0,+body_z,3,13.000000000007205,81.68140899337989,0.05528892839910153,0.5202964223285791,77.96532849391576,-3.6178975524405117,-4.3598081711315775,-2.9120557510418212,103.79516697655262,112.96443055395223,94.625903399153,117.70738531464306,353.1221559439292,6000000.0,10.0,0.018020748693349322,3.00345811555822,0.332949540671101,0.0027143360527015813,0.22171079326619422,0.32672563597351956,0.7168063628111863,-0.332949540671101,1.0
spectral_peak,E_5mm_16,0.005,16.0,+body_z,3,13.000000000007205,81.68140899337989,0.05528892839910153,0.5202964223285791,77.96532849391576,-3.6178975524405117,-4.3598081711315775,-2.9120557510418212,103.79516697655262,112.96443055395223,94.625903399153,117.70738531464306,353.1221559439292,6000000.0,50.0,0.008059123816753921,1.3431873027923202,0.7444978060179126,0.013571680263507907,1.1085539663309711,0.32672563597351956,0.4749727685221644,-0.7444978060179126,1.0
spectral_peak,E_5mm_16,0.005,16.0,+body_z,3,13.000000000007205,81.68140899337989,0.05528892839910153,0.5202964223285791,77.96532849391576,-3.6178975524405117,-4.3598081711315775,-2.9120557510418212,103.79516697655262,112.96443055395223,94.625903399153,117.70738531464306,353.1221559439292,6000000.0,100.0,0.005698661101248708,0.949776850208118,1.0528788944275458,0.027143360527015815,2.2171079326619423,0.32672563597351956,0.348931764032473,-1.0528788944275458,0.9998733188960746
spectral_peak,E_5mm_16,0.005,16.0,+body_z,3,13.000000000007205,81.68140899337989,0.05528892839910153,0.5202964223285791,77.96532849391576,-3.6178975524405117,-4.3598081711315775,-2.9120557510418212,103.79516697655262,112.96443055395223,94.625903399153,117.70738531464306,353.1221559439292,6000000.0,500.0,0.0025485187206251846,0.4247531201041974,2.354308780014817,0.13571680263507907,11.085539663309712,0.32672563597351956,0.09495912149737826,-2.354308780014817,0.8096456458501005
spectral_peak,E_5mm_16,0.005,16.0,+body_z,3,13.000000000007205,81.68140899337989,0.05528892839910153,0.5202964223285791,77.96532849391576,-3.6178975524405117,-4.3598081711315775,-2.9120557510418212,103.79516697655262,112.96443055395223,94.625903399153,117.70738531464306,353.1221559439292,10000000.0,10.0,0.013958811915106199,2.3264686525176996,0.4298360087155277,0.004523893421169303,0.3695179887769904,0.32672563597351956,0.6506157812929159,-0.4298360087155277,1.0
spectral_peak,E_5mm_16,0.005,16.0,+body_z,3,13.000000000007205,81.68140899337989,0.05528892839910153,0.5202964223285791,77.96532849391576,-3.6178975524405117,-4.3598081711315775,-2.9120557510418212,103.79516697655262,112.96443055395223,94.625903399153,117.70738531464306,353.1221559439292,10000000.0,50.0,0.006242570465462297,1.040428410910383,0.9611425346651119,0.022619467105846513,1.847589943884952,0.32672563597351956,0.38245566739611364,-0.9611425346651119,1.0
spectral_peak,E_5mm_16,0.005,16.0,+body_z,3,13.000000000007205,81.68140899337989,0.05528892839910153,0.5202964223285791,77.96532849391576,-3.6178975524405117,-4.3598081711315775,-2.9120557510418212,103.79516697655262,112.96443055395223,94.625903399153,117.70738531464306,353.1221559439292,10000000.0,100.0,0.0044141639081632525,0.7356939846938754,1.359260807897054,0.045238934211693026,3.695179887769904,0.32672563597351956,0.25685056871065803,-1.359260807897054,0.981536197675885
spectral_peak,E_5mm_16,0.005,16.0,+body_z,3,13.000000000007205,81.68140899337989,0.05528892839910153,0.5202964223285791,77.96532849391576,-3.6178975524405117,-4.3598081711315775,-2.9120557510418212,103.79516697655262,112.96443055395223,94.625903399153,117.70738531464306,353.1221559439292,10000000.0,500.0,0.0019740741124958344,0.32901235208263907,3.0393995656090955,0.2261946710584651,18.475899438849517,0.32672563597351956,0.047863619831413906,-3.0393995656090955,0.6979049729349891
spectral_peak,E_5mm_16,0.005,16.0,-body_z,1,3.0000000000016627,18.849555921549207,0.3850273149814518,0.3850273149814518,79.66244204394935,-3.6178975524405117,-4.3598081711315775,-2.9120557510418212,103.79516697655262,112.96443055395223,94.625903399153,117.70738531464306,353.1221559439292,1000000.0,10.0,0.09188814923693987,15.314691539489978,0.06529677711244994,0.0004523893421169302,0.008527338202545932,0.07539822368619684,0.9367894044642531,-0.06529677711244994,1.0
spectral_peak,E_5mm_16,0.005,16.0,-body_z,1,3.0000000000016627,18.849555921549207,0.3850273149814518,0.3850273149814518,79.66244204394935,-3.6178975524405117,-4.3598081711315775,-2.9120557510418212,103.79516697655262,112.96443055395223,94.625903399153,117.70738531464306,353.1221559439292,1000000.0,50.0,0.0410936296040886,6.8489382673481,0.1460080323350905,0.0022619467105846514,0.04263669101272967,0.07539822368619684,0.8641507620082767,-0.1460080323350905,1.0
spectral_peak,E_5mm_16,0.005,16.0,-body_z,1,3.0000000000016627,18.849555921549207,0.3850273149814518,0.3850273149814518,79.66244204394935,-3.6178975524405117,-4.3598081711315775,-2.9120557510418212,103.79516697655262,112.96443055395223,94.625903399153,117.70738531464306,353.1221559439292,1000000.0,100.0,0.02905758415661931,4.842930692769885,0.20648653954369436,0.004523893421169303,0.08527338202545934,0.07539822368619684,0.8134372106193014,-0.20648653954369436,1.0
spectral_peak,E_5mm_16,0.005,16.0,-body_z,1,3.0000000000016627,18.849555921549207,0.3850273149814518,0.3850273149814518,79.66244204394935,-3.6178975524405117,-4.3598081711315775,-2.9120557510418212,103.79516697655262,112.96443055395223,94.625903399153,117.70738531464306,353.1221559439292,1000000.0,500.0,0.012994946687224333,2.165824447870722,0.46171793885839907,0.022619467105846513,0.42636691012729666,0.07539822368619684,0.6302000698265191,-0.46171793885839907,1.0
spectral_peak,E_5mm_16,0.005,16.0,-body_z,1,3.0000000000016627,18.849555921549207,0.3850273149814518,0.3850273149814518,79.66244204394935,-3.6178975524405117,-4.3598081711315775,-2.9120557510418212,103.79516697655262,112.96443055395223,94.625903399153,117.70738531464306,353.1221559439292,3000000.0,10.0,0.053051647697283745,8.841941282880624,0.1130973355292639,0.0013571680263507906,0.025582014607637798,0.07539822368619684,0.8930637290546098,-0.1130973355292639,1.0
spectral_peak,E_5mm_16,0.005,16.0,-body_z,1,3.0000000000016627,18.849555921549207,0.3850273149814518,0.3850273149814518,79.66244204394935,-3.6178975524405117,-4.3598081711315775,-2.9120557510418212,103.79516697655262,112.96443055395223,94.625903399153,117.70738531464306,353.1221559439292,3000000.0,50.0,0.023725418113899326,3.954236352316554,0.25289333031753625,0.006785840131753954,0.127910073038189,0.07539822368619684,0.7765507118237817,-0.25289333031753625,1.0
spectral_peak,E_5mm_16,0.005,16.0,-body_z,1,3.0000000000016627,18.849555921549207,0.3850273149814518,0.3850273149814518,79.66244204394935,-3.6178975524405117,-4.3598081711315775,-2.9120557510418212,103.79516697655262,112.96443055395223,94.625903399153,117.70738531464306,353.1221559439292,3000000.0,100.0,0.016776404034824364,2.796067339137394,0.35764517756875874,0.013571680263507907,0.255820146076378,0.07539822368619684,0.6993211658261058,-0.35764517756875874,1.0
spectral_peak,E_5mm_16,0.005,16.0,-body_z,1,3.0000000000016627,18.849555921549207,0.3850273149814518,0.3850273149814518,79.66244204394935,-3.6178975524405117,-4.3598081711315775,-2.9120557510418212,103.79516697655262,112.96443055395223,94.625903399153,117.70738531464306,353.1221559439292,3000000.0,500.0,0.007502635967973805,1.250439327995634,0.7997189288687275,0.06785840131753954,1.2791007303818898,0.07539822368619684,0.44945527526785695,-0.7997189288687275,1.0
spectral_peak,E_5mm_16,0.005,16.0,-body_z,1,3.0000000000016627,18.849555921549207,0.3850273149814518,0.3850273149814518,79.66244204394935,-3.6178975524405117,-4.3598081711315775,-2.9120557510418212,103.79516697655262,112.96443055395223,94.625903399153,117.70738531464306,353.1221559439292,6000000.0,10.0,0.03751317983986902,6.2521966399781705,0.15994378577374552,0.0027143360527015813,0.051164029215275596,0.07539822368619684,0.8521916929163947,-0.15994378577374552,1.0
spectral_peak,E_5mm_16,0.005,16.0,-body_z,1,3.0000000000016627,18.849555921549207,0.3850273149814518,0.3850273149814518,79.66244204394935,-3.6178975524405117,-4.3598081711315775,-2.9120557510418212,103.79516697655262,112.96443055395223,94.625903399153,117.70738531464306,353.1221559439292,6000000.0,50.0,0.016776404034824364,2.796067339137394,0.35764517756875874,0.013571680263507907,0.255820146076378,0.07539822368619684,0.6993211658261058,-0.35764517756875874,1.0
spectral_peak,E_5mm_16,0.005,16.0,-body_z,1,3.0000000000016627,18.849555921549207,0.3850273149814518,0.3850273149814518,79.66244204394935,-3.6178975524405117,-4.3598081711315775,-2.9120557510418212,103.79516697655262,112.96443055395223,94.625903399153,117.70738531464306,353.1221559439292,6000000.0,100.0,0.011862709056949663,1.977118176158277,0.5057866606350725,0.027143360527015815,0.511640292152756,0.07539822368619684,0.603031008034022,-0.5057866606350725,1.0
spectral_peak,E_5mm_16,0.005,16.0,-body_z,1,3.0000000000016627,18.849555921549207,0.3850273149814518,0.3850273149814518,79.66244204394935,-3.6178975524405117,-4.3598081711315775,-2.9120557510418212,103.79516697655262,112.96443055395223,94.625903399153,117.70738531464306,353.1221559439292,6000000.0,500.0,0.005305164769728374,0.8841941282880623,1.130973355292639,0.13571680263507907,2.5582014607637795,0.07539822368619684,0.3227189832669478,-1.130973355292639,0.9984469274633927
spectral_peak,E_5mm_16,0.005,16.0,-body_z,1,3.0000000000016627,18.849555921549207,0.3850273149814518,0.3850273149814518,79.66244204394935,-3.6178975524405117,-4.3598081711315775,-2.9120557510418212,103.79516697655262,112.96443055395223,94.625903399153,117.70738531464306,353.1221559439292,10000000.0,10.0,0.02905758415661931,4.842930692769885,0.20648653954369436,0.004523893421169303,0.08527338202545934,0.07539822368619684,0.8134372106193014,-0.20648653954369436,1.0
spectral_peak,E_5mm_16,0.005,16.0,-body_z,1,3.0000000000016627,18.849555921549207,0.3850273149814518,0.3850273149814518,79.66244204394935,-3.6178975524405117,-4.3598081711315775,-2.9120557510418212,103.79516697655262,112.96443055395223,94.625903399153,117.70738531464306,353.1221559439292,10000000.0,50.0,0.012994946687224333,2.165824447870722,0.46171793885839907,0.022619467105846513,0.42636691012729666,0.07539822368619684,0.6302000698265191,-0.46171793885839907,1.0
spectral_peak,E_5mm_16,0.005,16.0,-body_z,1,3.0000000000016627,18.849555921549207,0.3850273149814518,0.3850273149814518,79.66244204394935,-3.6178975524405117,-4.3598081711315775,-2.9120557510418212,103.79516697655262,112.96443055395223,94.625903399153,117.70738531464306,353.1221559439292,10000000.0,100.0,0.009188814923693988,1.531469153948998,0.6529677711244994,0.045238934211693026,0.8527338202545933,0.07539822368619684,0.520498761108735,-0.6529677711244994,1.0
spectral_peak,E_5mm_16,0.005,16.0,-body_z,1,3.0000000000016627,18.849555921549207,0.3850273149814518,0.3850273149814518,79.66244204394935,-3.6178975524405117,-4.3598081711315775,-2.9120557510418212,103.79516697655262,112.96443055395223,94.625903399153,117.70738531464306,353.1221559439292,10000000.0,500.0,0.00410936296040886,0.68489382673481,1.4600803233509048,0.2261946710584651,4.263669101272966,0.07539822368619684,0.23221762148312655,-1.4600803233509048,0.9687125092193274
spectral_peak,E_5mm_16,0.005,16.0,-body_z,2,18.75000000001039,117.80972450968254,0.09864439061398558,0.4836717055954374,79.66244204394935,-3.6178975524405117,-4.3598081711315775,-2.9120557510418212,103.79516697655262,112.96443055395223,94.625903399153,117.70738531464306,353.1221559439292,1000000.0,10.0,0.03675525969477595,6.125876615795992,0.16324194278112486,0.0004523893421169302,0.05329586376591207,0.47123889803873015,0.8493856608236071,-0.16324194278112486,1.0
spectral_peak,E_5mm_16,0.005,16.0,-body_z,2,18.75000000001039,117.80972450968254,0.09864439061398558,0.4836717055954374,79.66244204394935,-3.6178975524405117,-4.3598081711315775,-2.9120557510418212,103.79516697655262,112.96443055395223,94.625903399153,117.70738531464306,353.1221559439292,1000000.0,50.0,0.01643745184163544,2.73957530693924,0.3650200808377262,0.0022619467105846514,0.2664793188295604,0.47123889803873015,0.6941827109676455,-0.3650200808377262,1.0
spectral_peak,E_5mm_16,0.005,16.0,-body_z,2,18.75000000001039,117.80972450968254,0.09864439061398558,0.4836717055954374,79.66244204394935,-3.6178975524405117,-4.3598081711315775,-2.9120557510418212,103.79516697655262,112.96443055395223,94.625903399153,117.70738531464306,353.1221559439292,1000000.0,100.0,0.011623033662647723,1.9371722771079538,0.516216348859236,0.004523893421169303,0.5329586376591208,0.47123889803873015,0.596774267274849,-0.516216348859236,1.0
spectral_peak,E_5mm_16,0.005,16.0,-body_z,2,18.75000000001039,117.80972450968254,0.09864439061398558,0.4836717055954374,79.66244204394935,-3.6178975524405117,-4.3598081711315775,-2.9120557510418212,103.79516697655262,112.96443055395223,94.625903399153,117.70738531464306,353.1221559439292,1000000.0,500.0,0.005197978674889734,0.866329779148289,1.1542948471459975,0.022619467105846513,2.664793188295604,0.47123889803873015,0.31527977897284154,-1.1542948471459975,0.9976116168598017
spectral_peak,E_5mm_16,0.005,16.0,-body_z,2,18.75000000001039,117.80972450968254,0.09864439061398558,0.4836717055954374,79.66244204394935,-3.6178975524405117,-4.3598081711315775,-2.9120557510418212,103.79516697655262,112.96443055395223,94.625903399153,117.70738531464306,353.1221559439292,3000000.0,10.0,0.021220659078913497,3.5367765131522493,0.2827433388231598,0.0013571680263507906,0.15988759129773622,0.47123889803873015,0.7537132119564081,-0.2827433388231598,1.0
spectral_peak,E_5mm_16,0.005,16.0,-body_z,2,18.75000000001039,117.80972450968254,0.09864439061398558,0.4836717055954374,79.66244204394935,-3.6178975524405117,-4.3598081711315775,-2.9120557510418212,103.79516697655262,112.96443055395223,94.625903399153,117.70738531464306,353.1221559439292,3000000.0,50.0,0.009490167245559731,1.5816945409266219,0.6322333257938406,0.006785840131753954,0.7994379564886811,0.47123889803873015,0.5314036772276997,-0.6322333257938406,1.0
spectral_peak,E_5mm_16,0.005,16.0,-body_z,2,18.75000000001039,117.80972450968254,0.09864439061398558,0.4836717055954374,79.66244204394935,-3.6178975524405117,-4.3598081711315775,-2.9120557510418212,103.79516697655262,112.96443055395223,94.625903399153,117.70738531464306,353.1221559439292,3000000.0,100.0,0.006710561613929746,1.1184269356549577,0.8941129439218968,0.013571680263507907,1.5988759129773622,0.47123889803873015,0.4089702173025482,-0.8941129439218968,1.0
spectral_peak,E_5mm_16,0.005,16.0,-body_z,2,18.75000000001039,117.80972450968254,0.09864439061398558,0.4836717055954374,79.66244204394935,-3.6178975524405117,-4.3598081711315775,-2.9120557510418212,103.79516697655262,112.96443055395223,94.625903399153,117.70738531464306,353.1221559439292,3000000.0,500.0,0.003001054387189522,0.5001757311982536,1.9992973221718187,0.06785840131753954,7.9943795648868115,0.47123889803873015,0.13543041375865375,-1.9992973221718187,0.875131752081936
spectral_peak,E_5mm_16,0.005,16.0,-body_z,2,18.75000000001039,117.80972450968254,0.09864439061398558,0.4836717055954374,79.66244204394935,-3.6178975524405117,-4.3598081711315775,-2.9120557510418212,103.79516697655262,112.96443055395223,94.625903399153,117.70738531464306,353.1221559439292,6000000.0,10.0,0.01500527193594761,2.500878655991268,0.39985946443436376,0.0027143360527015813,0.31977518259547244,0.47123889803873015,0.6704142564622689,-0.39985946443436376,1.0
spectral_peak,E_5mm_16,0.005,16.0,-body_z,2,18.75000000001039,117.80972450968254,0.09864439061398558,0.4836717055954374,79.66244204394935,-3.6178975524405117,-4.3598081711315775,-2.9120557510418212,103.79516697655262,112.96443055395223,94.625903399153,117.70738531464306,353.1221559439292,6000000.0,50.0,0.006710561613929746,1.1184269356549577,0.8941129439218968,0.013571680263507907,1.5988759129773622,0.47123889803873015,0.4089702173025482,-0.8941129439218968,1.0
spectral_peak,E_5mm_16,0.005,16.0,-body_z,2,18.75000000001039,117.80972450968254,0.09864439061398558,0.4836717055954374,79.66244204394935,-3.6178975524405117,-4.3598081711315775,-2.9120557510418212,103.79516697655262,112.96443055395223,94.625903399153,117.70738531464306,353.1221559439292,6000000.0,100.0,0.004745083622779866,0.7908472704633109,1.2644666515876812,0.027143360527015815,3.1977518259547244,0.47123889803873015,0.28238986817112127,-1.2644666515876812,0.9908506422341639
spectral_peak,E_5mm_16,0.005,16.0,-body_z,2,18.75000000001039,117.80972450968254,0.09864439061398558,0.4836717055954374,79.66244204394935,-3.6178975524405117,-4.3598081711315775,-2.9120557510418212,103.79516697655262,112.96443055395223,94.625903399153,117.70738531464306,353.1221559439292,6000000.0,500.0,0.00212206590789135,0.353677651315225,2.827433388231597,0.13571680263507907,15.988759129773623,0.47123889803873015,0.05916451129403124,-2.827433388231597,0.7300100988002871
spectral_peak,E_5mm_16,0.005,16.0,-body_z,2,18.75000000001039,117.80972450968254,0.09864439061398558,0.4836717055954374,79.66244204394935,-3.6178975524405117,-4.3598081711315775,-2.9120557510418212,103.79516697655262,112.96443055395223,94.625903399153,117.70738531464306,353.1221559439292,10000000.0,10.0,0.011623033662647723,1.9371722771079538,0.516216348859236,0.004523893421169303,0.5329586376591208,0.47123889803873015,0.596774267274849,-0.516216348859236,1.0
spectral_peak,E_5mm_16,0.005,16.0,-body_z,2,18.75000000001039,117.80972450968254,0.09864439061398558,0.4836717055954374,79.66244204394935,-3.6178975524405117,-4.3598081711315775,-2.9120557510418212,103.79516697655262,112.96443055395223,94.625903399153,117.70738531464306,353.1221559439292,10000000.0,50.0,0.005197978674889734,0.866329779148289,1.1542948471459975,0.022619467105846513,2.664793188295604,0.47123889803873015,0.31527977897284154,-1.1542948471459975,0.9976116168598017
spectral_peak,E_5mm_16,0.005,16.0,-body_z,2,18.75000000001039,117.80972450968254,0.09864439061398558,0.4836717055954374,79.66244204394935,-3.6178975524405117,-4.3598081711315775,-2.9120557510418212,103.79516697655262,112.96443055395223,94.625903399153,117.70738531464306,353.1221559439292,10000000.0,100.0,0.0036755259694775952,0.6125876615795992,1.6324194278112485,0.045238934211693026,5.329586376591208,0.47123889803873015,0.1954561096537348,-1.6324194278112485,0.9418539329945664
spectral_peak,E_5mm_16,0.005,16.0,-body_z,2,18.75000000001039,117.80972450968254,0.09864439061398558,0.4836717055954374,79.66244204394935,-3.6178975524405117,-4.3598081711315775,-2.9120557510418212,103.79516697655262,112.96443055395223,94.625903399153,117.70738531464306,353.1221559439292,10000000.0,500.0,0.001643745184163544,0.273957530693924,3.650200808377262,0.2261946710584651,26.647931882956037,0.47123889803873015,0.025985910066360196,-3.650200808377262,0.6172756664156831
spectral_peak,E_5mm_16,0.005,16.0,-body_z,3,12.750000000007066,80.11061266658412,0.05147657563425946,0.5351482812296968,79.66244204394935,-3.6178975524405117,-4.3598081711315775,-2.9120557510418212,103.79516697655262,112.96443055395223,94.625903399153,117.70738531464306,353.1221559439292,1000000.0,10.0,0.04457229941722612,7.428716569537686,0.1346127545235224,0.0004523893421169302,0.0362411873608202,0.3204424506663365,0.8740543197418272,-0.1346127545235224,1.0
spectral_peak,E_5mm_16,0.005,16.0,-body_z,3,12.750000000007066,80.11061266658412,0.05147657563425946,0.5351482812296968,79.66244204394935,-3.6178975524405117,-4.3598081711315775,-2.9120557510418212,103.79516697655262,112.96443055395223,94.625903399153,117.70738531464306,353.1221559439292,1000000.0,50.0,0.01993333828207837,3.3222230470130616,0.30100326975308844,0.0022619467105846514,0.18120593680410105,0.3204424506663365,0.7400753528790807,-0.30100326975308844,1.0
spectral_peak,E_5mm_16,0.005,16.0,-body_z,3,12.750000000007066,80.11061266658412,0.05147657563425946,0.5351482812296968,79.66244204394935,-3.6178975524405117,-4.3598081711315775,-2.9120557510418212,103.79516697655262,112.96443055395223,94.625903399153,117.70738531464306,353.1221559439292,1000000.0,100.0,0.01409499867094302,2.34916644515717,0.4256829064034649,0.004523893421169303,0.3624118736082021,0.3204424506663365,0.6533234739689103,-0.4256829064034649,1.0
spectral_peak,E_5mm_16,0.005,16.0,-body_z,3,12.750000000007066,80.11061266658412,0.05147657563425946,0.5351482812296968,79.66244204394935,-3.6178975524405117,-4.3598081711315775,-2.9120557510418212,103.79516697655262,112.96443055395223,94.625903399153,117.70738531464306,353.1221559439292,1000000.0,500.0,0.006303475034199557,1.0505791723665927,0.9518559155778281,0.022619467105846513,1.8120593680410104,0.3204424506663365,0.38602393040240085,-0.9518559155778281,1.0
spectral_peak,E_5mm_16,0.005,16.0,-body_z,3,12.750000000007066,80.11061266658412,0.05147657563425946,0.5351482812296968,79.66244204394935,-3.6178975524405117,-4.3598081711315775,-2.9120557510418212,103.79516697655262,112.96443055395223,94.625903399153,117.70738531464306,353.1221559439292,3000000.0,10.0,0.025733829066936095,4.288971511156015,0.23315613018153805,0.0013571680263507906,0.10872356208246062,0.3204424506663365,0.7920299040975899,-0.23315613018153805,1.0
spectral_peak,E_5mm_16,0.005,16.0,-body_z,3,12.750000000007066,80.11061266658412,0.05147657563425946,0.5351482812296968,79.66244204394935,-3.6178975524405117,-4.3598081711315775,-2.9120557510418212,103.79516697655262,112.96443055395223,94.625903399153,117.70738531464306,353.1221559439292,3000000.0,50.0,0.01150851822300582,1.9180863705009699,0.5213529564567094,0.006785840131753954,0.5436178104123032,0.3204424506663365,0.5937167314431667,-0.5213529564567094,1.0
spectral_peak,E_5mm_16,0.005,16.0,-body_z,3,12.750000000007066,80.11061266658412,0.05147657563425946,0.5351482812296968,79.66244204394935,-3.6178975524405117,-4.3598081711315775,-2.9120557510418212,103.79516697655262,112.96443055395223,94.625903399153,117.70738531464306,353.1221559439292,3000000.0,100.0,0.00813775127689637,1.3562918794827283,0.7373044218043882,0.013571680263507907,1.0872356208246063,0.3204424506663365,0.4784017483357655,-0.7373044218043882,1.0
spectral_peak,E_5mm_16,0.005,16.0,-body_z,3,12.750000000007066,80.11061266658412,0.05147657563425946,0.5351482812296968,79.66244204394935,-3.6178975524405117,-4.3598081711315775,-2.9120557510418212,103.79516697655262,112.96443055395223,94.625903399153,117.70738531464306,353.1221559439292,3000000.0,500.0,0.0036393130078251996,0.6065521679708666,1.64866280726579,0.06785840131753954,5.436178104123031,0.3204424506663365,0.192306888140449,-1.64866280726579,0.9390938048303753
spectral_peak,E_5mm_16,0.005,16.0,-body_z,3,12.750000000007066,80.11061266658412,0.05147657563425946,0.5351482812296968,79.66244204394935,-3.6178975524405117,-4.3598081711315775,-2.9120557510418212,103.79516697655262,112.96443055395223,94.625903399153,117.70738531464306,353.1221559439292,6000000.0,10.0,0.018196565039126,3.0327608398543333,0.329732561453158,0.0027143360527015813,0.21744712416492123,0.3204424506663365,0.7191160270627039,-0.329732561453158,1.0
spectral_peak,E_5mm_16,0.005,16.0,-body_z,3,12.750000000007066,80.11061266658412,0.05147657563425946,0.5351482812296968,79.66244204394935,-3.6178975524405117,-4.3598081711315775,-2.9120557510418212,103.79516697655262,112.96443055395223,94.625903399153,117.70738531464306,353.1221559439292,6000000.0,50.0,0.00813775127689637,1.3562918794827283,0.7373044218043882,0.013571680263507907,1.0872356208246063,0.3204424506663365,0.4784017483357655,-0.7373044218043882,1.0
spectral_peak,E_5mm_16,0.005,16.0,-body_z,3,12.750000000007066,80.11061266658412,0.05147657563425946,0.5351482812296968,79.66244204394935,-3.6178975524405117,-4.3598081711315775,-2.9120557510418212,103.79516697655262,112.96443055395223,94.625903399153,117.70738531464306,353.1221559439292,6000000.0,100.0,0.00575425911150291,0.9590431852504849,1.0427059129134189,0.027143360527015815,2.1744712416492127,0.3204424506663365,0.3524995571955573,-1.0427059129134189,0.9999312965539079
spectral_peak,E_5mm_16,0.005,16.0,-body_z,3,12.750000000007066,80.11061266658412,0.05147657563425946,0.5351482812296968,79.66244204394935,-3.6178975524405117,-4.3598081711315775,-2.9120557510418212,103.79516697655262,112.96443055395223,94.625903399153,117.70738531464306,353.1221559439292,6000000.0,500.0,0.0025733829066936094,0.42889715111560156,2.3315613018153805,0.13571680263507907,10.872356208246062,0.3204424506663365,0.09714395758841922,-2.3315613018153805,0.8137299720196269
spectral_peak,E_5mm_16,0.005,16.0,-body_z,3,12.750000000007066,80.11061266658412,0.05147657563425946,0.5351482812296968,79.66244204394935,-3.6178975524405117,-4.3598081711315775,-2.9120557510418212,103.79516697655262,112.96443055395223,94.625903399153,117.70738531464306,353.1221559439292,10000000.0,10.0,0.01409499867094302,2.34916644515717,0.4256829064034649,0.004523893421169303,0.3624118736082021,0.3204424506663365,0.6533234739689103,-0.4256829064034649,1.0
spectral_peak,E_5mm_16,0.005,16.0,-body_z,3,12.750000000007066,80.11061266658412,0.05147657563425946,0.5351482812296968,79.66244204394935,-3.6178975524405117,-4.3598081711315775,-2.9120557510418212,103.79516697655262,112.96443055395223,94.625903399153,117.70738531464306,353.1221559439292,10000000.0,50.0,0.0063034750341995575,1.050579172366593,0.951855915577828,0.022619467105846513,1.8120593680410104,0.3204424506663365,0.38602393040240085,-0.951855915577828,1.0
spectral_peak,E_5mm_16,0.005,16.0,-body_z,3,12.750000000007066,80.11061266658412,0.05147657563425946,0.5351482812296968,79.66244204394935,-3.6178975524405117,-4.3598081711315775,-2.9120557510418212,103.79516697655262,112.96443055395223,94.625903399153,117.70738531464306,353.1221559439292,10000000.0,100.0,0.004457229941722611,0.7428716569537686,1.3461275452352242,0.045238934211693026,3.624118736082021,0.3204424506663365,0.26024610311121554,-1.3461275452352242,0.9829999635084405
spectral_peak,E_5mm_16,0.005,16.0,-body_z,3,12.750000000007066,80.11061266658412,0.05147657563425946,0.5351482812296968,79.66244204394935,-3.6178975524405117,-4.3598081711315775,-2.9120557510418212,103.79516697655262,112.96443055395223,94.625903399153,117.70738531464306,353.1221559439292,10000000.0,500.0,0.001993333828207837,0.33222230470130615,3.0100326975308844,0.2261946710584651,18.120593680410103,0.3204424506663365,0.04929006707062283,-3.0100326975308844,0.7022198620536552
spectral_peak,E_5mm_16,0.005,16.0,inner_xyz,1,3.0000000000016627,18.849555921549207,0.4671438343842942,0.4671438343842942,70.96136020124042,-3.6178975524405117,-4.3598081711315775,-2.9120557510418212,103.79516697655262,112.96443055395223,94.625903399153,117.70738531464306,353.1221559439292,1000000.0,10.0,0.09188814923693987,15.314691539489978,0.06529677711244994,0.0004523893421169302,0.008527338202545932,0.07539822368619684,0.9367894044642531,-0.06529677711244994,1.0
spectral_peak,E_5mm_16,0.005,16.0,inner_xyz,1,3.0000000000016627,18.849555921549207,0.4671438343842942,0.4671438343842942,70.96136020124042,-3.6178975524405117,-4.3598081711315775,-2.9120557510418212,103.79516697655262,112.96443055395223,94.625903399153,117.70738531464306,353.1221559439292,1000000.0,50.0,0.0410936296040886,6.8489382673481,0.1460080323350905,0.0022619467105846514,0.04263669101272967,0.07539822368619684,0.8641507620082767,-0.1460080323350905,1.0
spectral_peak,E_5mm_16,0.005,16.0,inner_xyz,1,3.0000000000016627,18.849555921549207,0.4671438343842942,0.4671438343842942,70.96136020124042,-3.6178975524405117,-4.3598081711315775,-2.9120557510418212,103.79516697655262,112.96443055395223,94.625903399153,117.70738531464306,353.1221559439292,1000000.0,100.0,0.02905758415661931,4.842930692769885,0.20648653954369436,0.004523893421169303,0.08527338202545934,0.07539822368619684,0.8134372106193014,-0.20648653954369436,1.0
spectral_peak,E_5mm_16,0.005,16.0,inner_xyz,1,3.0000000000016627,18.849555921549207,0.4671438343842942,0.4671438343842942,70.96136020124042,-3.6178975524405117,-4.3598081711315775,-2.9120557510418212,103.79516697655262,112.96443055395223,94.625903399153,117.70738531464306,353.1221559439292,1000000.0,500.0,0.012994946687224333,2.165824447870722,0.46171793885839907,0.022619467105846513,0.42636691012729666,0.07539822368619684,0.6302000698265191,-0.46171793885839907,1.0
spectral_peak,E_5mm_16,0.005,16.0,inner_xyz,1,3.0000000000016627,18.849555921549207,0.4671438343842942,0.4671438343842942,70.96136020124042,-3.6178975524405117,-4.3598081711315775,-2.9120557510418212,103.79516697655262,112.96443055395223,94.625903399153,117.70738531464306,353.1221559439292,3000000.0,10.0,0.053051647697283745,8.841941282880624,0.1130973355292639,0.0013571680263507906,0.025582014607637798,0.07539822368619684,0.8930637290546098,-0.1130973355292639,1.0
spectral_peak,E_5mm_16,0.005,16.0,inner_xyz,1,3.0000000000016627,18.849555921549207,0.4671438343842942,0.4671438343842942,70.96136020124042,-3.6178975524405117,-4.3598081711315775,-2.9120557510418212,103.79516697655262,112.96443055395223,94.625903399153,117.70738531464306,353.1221559439292,3000000.0,50.0,0.023725418113899326,3.954236352316554,0.25289333031753625,0.006785840131753954,0.127910073038189,0.07539822368619684,0.7765507118237817,-0.25289333031753625,1.0
spectral_peak,E_5mm_16,0.005,16.0,inner_xyz,1,3.0000000000016627,18.849555921549207,0.4671438343842942,0.4671438343842942,70.96136020124042,-3.6178975524405117,-4.3598081711315775,-2.9120557510418212,103.79516697655262,112.96443055395223,94.625903399153,117.70738531464306,353.1221559439292,3000000.0,100.0,0.016776404034824364,2.796067339137394,0.35764517756875874,0.013571680263507907,0.255820146076378,0.07539822368619684,0.6993211658261058,-0.35764517756875874,1.0
spectral_peak,E_5mm_16,0.005,16.0,inner_xyz,1,3.0000000000016627,18.849555921549207,0.4671438343842942,0.4671438343842942,70.96136020124042,-3.6178975524405117,-4.3598081711315775,-2.9120557510418212,103.79516697655262,112.96443055395223,94.625903399153,117.70738531464306,353.1221559439292,3000000.0,500.0,0.007502635967973805,1.250439327995634,0.7997189288687275,0.06785840131753954,1.2791007303818898,0.07539822368619684,0.44945527526785695,-0.7997189288687275,1.0
spectral_peak,E_5mm_16,0.005,16.0,inner_xyz,1,3.0000000000016627,18.849555921549207,0.4671438343842942,0.4671438343842942,70.96136020124042,-3.6178975524405117,-4.3598081711315775,-2.9120557510418212,103.79516697655262,112.96443055395223,94.625903399153,117.70738531464306,353.1221559439292,6000000.0,10.0,0.03751317983986902,6.2521966399781705,0.15994378577374552,0.0027143360527015813,0.051164029215275596,0.07539822368619684,0.8521916929163947,-0.15994378577374552,1.0
spectral_peak,E_5mm_16,0.005,16.0,inner_xyz,1,3.0000000000016627,18.849555921549207,0.4671438343842942,0.4671438343842942,70.96136020124042,-3.6178975524405117,-4.3598081711315775,-2.9120557510418212,103.79516697655262,112.96443055395223,94.625903399153,117.70738531464306,353.1221559439292,6000000.0,50.0,0.016776404034824364,2.796067339137394,0.35764517756875874,0.013571680263507907,0.255820146076378,0.07539822368619684,0.6993211658261058,-0.35764517756875874,1.0
spectral_peak,E_5mm_16,0.005,16.0,inner_xyz,1,3.0000000000016627,18.849555921549207,0.4671438343842942,0.4671438343842942,70.96136020124042,-3.6178975524405117,-4.3598081711315775,-2.9120557510418212,103.79516697655262,112.96443055395223,94.625903399153,117.70738531464306,353.1221559439292,6000000.0,100.0,0.011862709056949663,1.977118176158277,0.5057866606350725,0.027143360527015815,0.511640292152756,0.07539822368619684,0.603031008034022,-0.5057866606350725,1.0
spectral_peak,E_5mm_16,0.005,16.0,inner_xyz,1,3.0000000000016627,18.849555921549207,0.4671438343842942,0.4671438343842942,70.96136020124042,-3.6178975524405117,-4.3598081711315775,-2.9120557510418212,103.79516697655262,112.96443055395223,94.625903399153,117.70738531464306,353.1221559439292,6000000.0,500.0,0.005305164769728374,0.8841941282880623,1.130973355292639,0.13571680263507907,2.5582014607637795,0.07539822368619684,0.3227189832669478,-1.130973355292639,0.9984469274633927
spectral_peak,E_5mm_16,0.005,16.0,inner_xyz,1,3.0000000000016627,18.849555921549207,0.4671438343842942,0.4671438343842942,70.96136020124042,-3.6178975524405117,-4.3598081711315775,-2.9120557510418212,103.79516697655262,112.96443055395223,94.625903399153,117.70738531464306,353.1221559439292,10000000.0,10.0,0.02905758415661931,4.842930692769885,0.20648653954369436,0.004523893421169303,0.08527338202545934,0.07539822368619684,0.8134372106193014,-0.20648653954369436,1.0
spectral_peak,E_5mm_16,0.005,16.0,inner_xyz,1,3.0000000000016627,18.849555921549207,0.4671438343842942,0.4671438343842942,70.96136020124042,-3.6178975524405117,-4.3598081711315775,-2.9120557510418212,103.79516697655262,112.96443055395223,94.625903399153,117.70738531464306,353.1221559439292,10000000.0,50.0,0.012994946687224333,2.165824447870722,0.46171793885839907,0.022619467105846513,0.42636691012729666,0.07539822368619684,0.6302000698265191,-0.46171793885839907,1.0
spectral_peak,E_5mm_16,0.005,16.0,inner_xyz,1,3.0000000000016627,18.849555921549207,0.4671438343842942,0.4671438343842942,70.96136020124042,-3.6178975524405117,-4.3598081711315775,-2.9120557510418212,103.79516697655262,112.96443055395223,94.625903399153,117.70738531464306,353.1221559439292,10000000.0,100.0,0.009188814923693988,1.531469153948998,0.6529677711244994,0.045238934211693026,0.8527338202545933,0.07539822368619684,0.520498761108735,-0.6529677711244994,1.0
spectral_peak,E_5mm_16,0.005,16.0,inner_xyz,1,3.0000000000016627,18.849555921549207,0.4671438343842942,0.4671438343842942,70.96136020124042,-3.6178975524405117,-4.3598081711315775,-2.9120557510418212,103.79516697655262,112.96443055395223,94.625903399153,117.70738531464306,353.1221559439292,10000000.0,500.0,0.00410936296040886,0.68489382673481,1.4600803233509048,0.2261946710584651,4.263669101272966,0.07539822368619684,0.23221762148312655,-1.4600803233509048,0.9687125092193274
spectral_peak,E_5mm_16,0.005,16.0,inner_xyz,2,18.75000000001039,117.80972450968254,0.15346996516990297,0.6206137995541972,70.96136020124042,-3.6178975524405117,-4.3598081711315775,-2.9120557510418212,103.79516697655262,112.96443055395223,94.625903399153,117.70738531464306,353.1221559439292,1000000.0,10.0,0.03675525969477595,6.125876615795992,0.16324194278112486,0.0004523893421169302,0.05329586376591207,0.47123889803873015,0.8493856608236071,-0.16324194278112486,1.0
spectral_peak,E_5mm_16,0.005,16.0,inner_xyz,2,18.75000000001039,117.80972450968254,0.15346996516990297,0.6206137995541972,70.96136020124042,-3.6178975524405117,-4.3598081711315775,-2.9120557510418212,103.79516697655262,112.96443055395223,94.625903399153,117.70738531464306,353.1221559439292,1000000.0,50.0,0.01643745184163544,2.73957530693924,0.3650200808377262,0.0022619467105846514,0.2664793188295604,0.47123889803873015,0.6941827109676455,-0.3650200808377262,1.0
spectral_peak,E_5mm_16,0.005,16.0,inner_xyz,2,18.75000000001039,117.80972450968254,0.15346996516990297,0.6206137995541972,70.96136020124042,-3.6178975524405117,-4.3598081711315775,-2.9120557510418212,103.79516697655262,112.96443055395223,94.625903399153,117.70738531464306,353.1221559439292,1000000.0,100.0,0.011623033662647723,1.9371722771079538,0.516216348859236,0.004523893421169303,0.5329586376591208,0.47123889803873015,0.596774267274849,-0.516216348859236,1.0
spectral_peak,E_5mm_16,0.005,16.0,inner_xyz,2,18.75000000001039,117.80972450968254,0.15346996516990297,0.6206137995541972,70.96136020124042,-3.6178975524405117,-4.3598081711315775,-2.9120557510418212,103.79516697655262,112.96443055395223,94.625903399153,117.70738531464306,353.1221559439292,1000000.0,500.0,0.005197978674889734,0.866329779148289,1.1542948471459975,0.022619467105846513,2.664793188295604,0.47123889803873015,0.31527977897284154,-1.1542948471459975,0.9976116168598017
spectral_peak,E_5mm_16,0.005,16.0,inner_xyz,2,18.75000000001039,117.80972450968254,0.15346996516990297,0.6206137995541972,70.96136020124042,-3.6178975524405117,-4.3598081711315775,-2.9120557510418212,103.79516697655262,112.96443055395223,94.625903399153,117.70738531464306,353.1221559439292,3000000.0,10.0,0.021220659078913497,3.5367765131522493,0.2827433388231598,0.0013571680263507906,0.15988759129773622,0.47123889803873015,0.7537132119564081,-0.2827433388231598,1.0
spectral_peak,E_5mm_16,0.005,16.0,inner_xyz,2,18.75000000001039,117.80972450968254,0.15346996516990297,0.6206137995541972,70.96136020124042,-3.6178975524405117,-4.3598081711315775,-2.9120557510418212,103.79516697655262,112.96443055395223,94.625903399153,117.70738531464306,353.1221559439292,3000000.0,50.0,0.009490167245559731,1.5816945409266219,0.6322333257938406,0.006785840131753954,0.7994379564886811,0.47123889803873015,0.5314036772276997,-0.6322333257938406,1.0
spectral_peak,E_5mm_16,0.005,16.0,inner_xyz,2,18.75000000001039,117.80972450968254,0.15346996516990297,0.6206137995541972,70.96136020124042,-3.6178975524405117,-4.3598081711315775,-2.9120557510418212,103.79516697655262,112.96443055395223,94.625903399153,117.70738531464306,353.1221559439292,3000000.0,100.0,0.006710561613929746,1.1184269356549577,0.8941129439218968,0.013571680263507907,1.5988759129773622,0.47123889803873015,0.4089702173025482,-0.8941129439218968,1.0
spectral_peak,E_5mm_16,0.005,16.0,inner_xyz,2,18.75000000001039,117.80972450968254,0.15346996516990297,0.6206137995541972,70.96136020124042,-3.6178975524405117,-4.3598081711315775,-2.9120557510418212,103.79516697655262,112.96443055395223,94.625903399153,117.70738531464306,353.1221559439292,3000000.0,500.0,0.003001054387189522,0.5001757311982536,1.9992973221718187,0.06785840131753954,7.9943795648868115,0.47123889803873015,0.13543041375865375,-1.9992973221718187,0.875131752081936
spectral_peak,E_5mm_16,0.005,16.0,inner_xyz,2,18.75000000001039,117.80972450968254,0.15346996516990297,0.6206137995541972,70.96136020124042,-3.6178975524405117,-4.3598081711315775,-2.9120557510418212,103.79516697655262,112.96443055395223,94.625903399153,117.70738531464306,353.1221559439292,6000000.0,10.0,0.01500527193594761,2.500878655991268,0.39985946443436376,0.0027143360527015813,0.31977518259547244,0.47123889803873015,0.6704142564622689,-0.39985946443436376,1.0
spectral_peak,E_5mm_16,0.005,16.0,inner_xyz,2,18.75000000001039,117.80972450968254,0.15346996516990297,0.6206137995541972,70.96136020124042,-3.6178975524405117,-4.3598081711315775,-2.9120557510418212,103.79516697655262,112.96443055395223,94.625903399153,117.70738531464306,353.1221559439292,6000000.0,50.0,0.006710561613929746,1.1184269356549577,0.8941129439218968,0.013571680263507907,1.5988759129773622,0.47123889803873015,0.4089702173025482,-0.8941129439218968,1.0
spectral_peak,E_5mm_16,0.005,16.0,inner_xyz,2,18.75000000001039,117.80972450968254,0.15346996516990297,0.6206137995541972,70.96136020124042,-3.6178975524405117,-4.3598081711315775,-2.9120557510418212,103.79516697655262,112.96443055395223,94.625903399153,117.70738531464306,353.1221559439292,6000000.0,100.0,0.004745083622779866,0.7908472704633109,1.2644666515876812,0.027143360527015815,3.1977518259547244,0.47123889803873015,0.28238986817112127,-1.2644666515876812,0.9908506422341639
spectral_peak,E_5mm_16,0.005,16.0,inner_xyz,2,18.75000000001039,117.80972450968254,0.15346996516990297,0.6206137995541972,70.96136020124042,-3.6178975524405117,-4.3598081711315775,-2.9120557510418212,103.79516697655262,112.96443055395223,94.625903399153,117.70738531464306,353.1221559439292,6000000.0,500.0,0.00212206590789135,0.353677651315225,2.827433388231597,0.13571680263507907,15.988759129773623,0.47123889803873015,0.05916451129403124,-2.827433388231597,0.7300100988002871
spectral_peak,E_5mm_16,0.005,16.0,inner_xyz,2,18.75000000001039,117.80972450968254,0.15346996516990297,0.6206137995541972,70.96136020124042,-3.6178975524405117,-4.3598081711315775,-2.9120557510418212,103.79516697655262,112.96443055395223,94.625903399153,117.70738531464306,353.1221559439292,10000000.0,10.0,0.011623033662647723,1.9371722771079538,0.516216348859236,0.004523893421169303,0.5329586376591208,0.47123889803873015,0.596774267274849,-0.516216348859236,1.0
spectral_peak,E_5mm_16,0.005,16.0,inner_xyz,2,18.75000000001039,117.80972450968254,0.15346996516990297,0.6206137995541972,70.96136020124042,-3.6178975524405117,-4.3598081711315775,-2.9120557510418212,103.79516697655262,112.96443055395223,94.625903399153,117.70738531464306,353.1221559439292,10000000.0,50.0,0.005197978674889734,0.866329779148289,1.1542948471459975,0.022619467105846513,2.664793188295604,0.47123889803873015,0.31527977897284154,-1.1542948471459975,0.9976116168598017
spectral_peak,E_5mm_16,0.005,16.0,inner_xyz,2,18.75000000001039,117.80972450968254,0.15346996516990297,0.6206137995541972,70.96136020124042,-3.6178975524405117,-4.3598081711315775,-2.9120557510418212,103.79516697655262,112.96443055395223,94.625903399153,117.70738531464306,353.1221559439292,10000000.0,100.0,0.0036755259694775952,0.6125876615795992,1.6324194278112485,0.045238934211693026,5.329586376591208,0.47123889803873015,0.1954561096537348,-1.6324194278112485,0.9418539329945664
spectral_peak,E_5mm_16,0.005,16.0,inner_xyz,2,18.75000000001039,117.80972450968254,0.15346996516990297,0.6206137995541972,70.96136020124042,-3.6178975524405117,-4.3598081711315775,-2.9120557510418212,103.79516697655262,112.96443055395223,94.625903399153,117.70738531464306,353.1221559439292,10000000.0,500.0,0.001643745184163544,0.273957530693924,3.650200808377262,0.2261946710584651,26.647931882956037,0.47123889803873015,0.025985910066360196,-3.650200808377262,0.6172756664156831
spectral_peak,E_5mm_16,0.005,16.0,inner_xyz,3,12.750000000007066,80.11061266658412,0.008138012343515187,0.6287518118977123,70.96136020124042,-3.6178975524405117,-4.3598081711315775,-2.9120557510418212,103.79516697655262,112.96443055395223,94.625903399153,117.70738531464306,353.1221559439292,1000000.0,10.0,0.04457229941722612,7.428716569537686,0.1346127545235224,0.0004523893421169302,0.0362411873608202,0.3204424506663365,0.8740543197418272,-0.1346127545235224,1.0
spectral_peak,E_5mm_16,0.005,16.0,inner_xyz,3,12.750000000007066,80.11061266658412,0.008138012343515187,0.6287518118977123,70.96136020124042,-3.6178975524405117,-4.3598081711315775,-2.9120557510418212,103.79516697655262,112.96443055395223,94.625903399153,117.70738531464306,353.1221559439292,1000000.0,50.0,0.01993333828207837,3.3222230470130616,0.30100326975308844,0.0022619467105846514,0.18120593680410105,0.3204424506663365,0.7400753528790807,-0.30100326975308844,1.0
spectral_peak,E_5mm_16,0.005,16.0,inner_xyz,3,12.750000000007066,80.11061266658412,0.008138012343515187,0.6287518118977123,70.96136020124042,-3.6178975524405117,-4.3598081711315775,-2.9120557510418212,103.79516697655262,112.96443055395223,94.625903399153,117.70738531464306,353.1221559439292,1000000.0,100.0,0.01409499867094302,2.34916644515717,0.4256829064034649,0.004523893421169303,0.3624118736082021,0.3204424506663365,0.6533234739689103,-0.4256829064034649,1.0
spectral_peak,E_5mm_16,0.005,16.0,inner_xyz,3,12.750000000007066,80.11061266658412,0.008138012343515187,0.6287518118977123,70.96136020124042,-3.6178975524405117,-4.3598081711315775,-2.9120557510418212,103.79516697655262,112.96443055395223,94.625903399153,117.70738531464306,353.1221559439292,1000000.0,500.0,0.006303475034199557,1.0505791723665927,0.9518559155778281,0.022619467105846513,1.8120593680410104,0.3204424506663365,0.38602393040240085,-0.9518559155778281,1.0
spectral_peak,E_5mm_16,0.005,16.0,inner_xyz,3,12.750000000007066,80.11061266658412,0.008138012343515187,0.6287518118977123,70.96136020124042,-3.6178975524405117,-4.3598081711315775,-2.9120557510418212,103.79516697655262,112.96443055395223,94.625903399153,117.70738531464306,353.1221559439292,3000000.0,10.0,0.025733829066936095,4.288971511156015,0.23315613018153805,0.0013571680263507906,0.10872356208246062,0.3204424506663365,0.7920299040975899,-0.23315613018153805,1.0
spectral_peak,E_5mm_16,0.005,16.0,inner_xyz,3,12.750000000007066,80.11061266658412,0.008138012343515187,0.6287518118977123,70.96136020124042,-3.6178975524405117,-4.3598081711315775,-2.9120557510418212,103.79516697655262,112.96443055395223,94.625903399153,117.70738531464306,353.1221559439292,3000000.0,50.0,0.01150851822300582,1.9180863705009699,0.5213529564567094,0.006785840131753954,0.5436178104123032,0.3204424506663365,0.5937167314431667,-0.5213529564567094,1.0
spectral_peak,E_5mm_16,0.005,16.0,inner_xyz,3,12.750000000007066,80.11061266658412,0.008138012343515187,0.6287518118977123,70.96136020124042,-3.6178975524405117,-4.3598081711315775,-2.9120557510418212,103.79516697655262,112.96443055395223,94.625903399153,117.70738531464306,353.1221559439292,3000000.0,100.0,0.00813775127689637,1.3562918794827283,0.7373044218043882,0.013571680263507907,1.0872356208246063,0.3204424506663365,0.4784017483357655,-0.7373044218043882,1.0
spectral_peak,E_5mm_16,0.005,16.0,inner_xyz,3,12.750000000007066,80.11061266658412,0.008138012343515187,0.6287518118977123,70.96136020124042,-3.6178975524405117,-4.3598081711315775,-2.9120557510418212,103.79516697655262,112.96443055395223,94.625903399153,117.70738531464306,353.1221559439292,3000000.0,500.0,0.0036393130078251996,0.6065521679708666,1.64866280726579,0.06785840131753954,5.436178104123031,0.3204424506663365,0.192306888140449,-1.64866280726579,0.9390938048303753
spectral_peak,E_5mm_16,0.005,16.0,inner_xyz,3,12.750000000007066,80.11061266658412,0.008138012343515187,0.6287518118977123,70.96136020124042,-3.6178975524405117,-4.3598081711315775,-2.9120557510418212,103.79516697655262,112.96443055395223,94.625903399153,117.70738531464306,353.1221559439292,6000000.0,10.0,0.018196565039126,3.0327608398543333,0.329732561453158,0.0027143360527015813,0.21744712416492123,0.3204424506663365,0.7191160270627039,-0.329732561453158,1.0
spectral_peak,E_5mm_16,0.005,16.0,inner_xyz,3,12.750000000007066,80.11061266658412,0.008138012343515187,0.6287518118977123,70.96136020124042,-3.6178975524405117,-4.3598081711315775,-2.9120557510418212,103.79516697655262,112.96443055395223,94.625903399153,117.70738531464306,353.1221559439292,6000000.0,50.0,0.00813775127689637,1.3562918794827283,0.7373044218043882,0.013571680263507907,1.0872356208246063,0.3204424506663365,0.4784017483357655,-0.7373044218043882,1.0
spectral_peak,E_5mm_16,0.005,16.0,inner_xyz,3,12.750000000007066,80.11061266658412,0.008138012343515187,0.6287518118977123,70.96136020124042,-3.6178975524405117,-4.3598081711315775,-2.9120557510418212,103.79516697655262,112.96443055395223,94.625903399153,117.70738531464306,353.1221559439292,6000000.0,100.0,0.00575425911150291,0.9590431852504849,1.0427059129134189,0.027143360527015815,2.1744712416492127,0.3204424506663365,0.3524995571955573,-1.0427059129134189,0.9999312965539079
spectral_peak,E_5mm_16,0.005,16.0,inner_xyz,3,12.750000000007066,80.11061266658412,0.008138012343515187,0.6287518118977123,70.96136020124042,-3.6178975524405117,-4.3598081711315775,-2.9120557510418212,103.79516697655262,112.96443055395223,94.625903399153,117.70738531464306,353.1221559439292,6000000.0,500.0,0.0025733829066936094,0.42889715111560156,2.3315613018153805,0.13571680263507907,10.872356208246062,0.3204424506663365,0.09714395758841922,-2.3315613018153805,0.8137299720196269
spectral_peak,E_5mm_16,0.005,16.0,inner_xyz,3,12.750000000007066,80.11061266658412,0.008138012343515187,0.6287518118977123,70.96136020124042,-3.6178975524405117,-4.3598081711315775,-2.9120557510418212,103.79516697655262,112.96443055395223,94.625903399153,117.70738531464306,353.1221559439292,10000000.0,10.0,0.01409499867094302,2.34916644515717,0.4256829064034649,0.004523893421169303,0.3624118736082021,0.3204424506663365,0.6533234739689103,-0.4256829064034649,1.0
spectral_peak,E_5mm_16,0.005,16.0,inner_xyz,3,12.750000000007066,80.11061266658412,0.008138012343515187,0.6287518118977123,70.96136020124042,-3.6178975524405117,-4.3598081711315775,-2.9120557510418212,103.79516697655262,112.96443055395223,94.625903399153,117.70738531464306,353.1221559439292,10000000.0,50.0,0.0063034750341995575,1.050579172366593,0.951855915577828,0.022619467105846513,1.8120593680410104,0.3204424506663365,0.38602393040240085,-0.951855915577828,1.0
spectral_peak,E_5mm_16,0.005,16.0,inner_xyz,3,12.750000000007066,80.11061266658412,0.008138012343515187,0.6287518118977123,70.96136020124042,-3.6178975524405117,-4.3598081711315775,-2.9120557510418212,103.79516697655262,112.96443055395223,94.625903399153,117.70738531464306,353.1221559439292,10000000.0,100.0,0.004457229941722611,0.7428716569537686,1.3461275452352242,0.045238934211693026,3.624118736082021,0.3204424506663365,0.26024610311121554,-1.3461275452352242,0.9829999635084405
spectral_peak,E_5mm_16,0.005,16.0,inner_xyz,3,12.750000000007066,80.11061266658412,0.008138012343515187,0.6287518118977123,70.96136020124042,-3.6178975524405117,-4.3598081711315775,-2.9120557510418212,103.79516697655262,112.96443055395223,94.625903399153,117.70738531464306,353.1221559439292,10000000.0,500.0,0.001993333828207837,0.33222230470130615,3.0100326975308844,0.2261946710584651,18.120593680410103,0.3204424506663365,0.04929006707062283,-3.0100326975308844,0.7022198620536552
case_aggregate,E_5mm_16,0.005,16.0,aggregate,1,3.0000000000016627,18.849555921549207,0.4338329193757823,0.4338329193757823,74.22307269754167,-3.6178975524405117,-4.3598081711315775,-2.9120557510418212,103.79516697655262,112.96443055395223,94.625903399153,117.70738531464306,353.1221559439292,6000000.0,100.0,0.011862709056949663,1.977118176158277,0.5057866606350725,0.027143360527015815,0.511640292152756,0.07539822368619684,0.603031008034022,-0.5057866606350725,1.0
case_aggregate,E_5mm_16,0.005,16.0,aggregate,2,18.75000000001039,117.80972450968254,0.11924039438697744,0.5530733137627597,74.22307269754167,-3.6178975524405117,-4.3598081711315775,-2.9120557510418212,103.79516697655262,112.96443055395223,94.625903399153,117.70738531464306,353.1221559439292,6000000.0,100.0,0.004745083622779866,0.7908472704633109,1.2644666515876812,0.027143360527015815,3.1977518259547244,0.47123889803873015,0.28238986817112127,-1.2644666515876812,0.9908506422341639
case_aggregate,E_5mm_16,0.005,16.0,aggregate,3,12.750000000007066,80.11061266658412,0.02842047858495746,0.5814937923477171,74.22307269754167,-3.6178975524405117,-4.3598081711315775,-2.9120557510418212,103.79516697655262,112.96443055395223,94.625903399153,117.70738531464306,353.1221559439292,6000000.0,100.0,0.00575425911150291,0.9590431852504849,1.0427059129134189,0.027143360527015815,2.1744712416492127,0.3204424506663365,0.3524995571955573,-1.0427059129134189,0.9999312965539079
